trade_id,token_mint,symbol,entry_price_usd,exit_price_usd,cost_basis_usd,proceeds_usd,realized_pnl_usd,realized_pnl_pct,hold_duration_ms,exit_trigger,was_decision_sound,closed_at_ms,mfe_pct,mae_pct,profit_capture_ratio,exit_efficiency,credit_archetype,policy_reinforcement_action,adaptive_hsi_hurdle,calibration_regime,counterfactual_pnl_pct,exit_envelope_hash,attribution_notes,ensemble_prob,binary_prob,momentum_prob,fast_prob,peak_prediction,pump_score,twox_score,ai_prob,entry_age_sec,entry_fdv,price_impact_pct,slippage_pct,protocol_fee_usd,priority_fee_usd,total_fees_usd,latency_ms,pre_liquidity_usd,post_liquidity_usd,decision_soundness_reason
eef9c6d3-2ada-47a3-a739-2e387662e2b5,So11111111111111111111111111111111111111112,TEST,0.0001,0.0002,1.0,1.5,0.5,100.0,11000,TRAILING_STOP,1,1790383970419,100.0,0.0,1.0,1.0,GOOD_DECISION_GOOD_OUTCOME,REINFORCE,82,BALANCED,,0x75a0e77c,Sound decision process produced profitable outcome. Reinforce policy weights.,,,,,,,,,,,,,,,,,,,SOUND_DECISION_PROCESS
a8df3360-df47-4ac7-a37a-f692a1cfe04a,So11111111111111111111111111111111111111112,TEST,0.0001,0.0002,1.0,1.5,0.5,100.0,11000,TRAILING_STOP,1,1790384444585,100.0,0.0,1.0,1.0,GOOD_DECISION_GOOD_OUTCOME,REINFORCE,82,BALANCED,,0xa1d67731,Sound decision process produced profitable outcome. Reinforce policy weights.,,,,,,,,,,,,,,,,,,,SOUND_DECISION_PROCESS
10be7ee5-0270-4346-a792-5df78c65753a,So11111111111111111111111111111111111111112,TEST,0.0001,0.0002,1.0,1.5,0.5,100.0,11000,TRAILING_STOP,1,1790385050477,100.0,0.0,1.0,1.0,GOOD_DECISION_GOOD_OUTCOME,REINFORCE,82,BALANCED,,0xcff5921d,Sound decision process produced profitable outcome. Reinforce policy weights.,,,,,,,,,,,,,,,,,,,SOUND_DECISION_PROCESS
a8cb58fb-d2c5-4681-adf6-ba5326889c88,So11111111111111111111111111111111111111112,TEST,0.0001,0.0002,1.0,1.5,0.5,100.0,11000,TRAILING_STOP,1,1790385499791,100.0,0.0,1.0,1.0,GOOD_DECISION_GOOD_OUTCOME,REINFORCE,82,BALANCED,,0xd705756f,Sound decision process produced profitable outcome. Reinforce policy weights.,,,,,,,,,,,,,,,,,,,SOUND_DECISION_PROCESS
cce7b7ed-8ca3-444b-b0d5-ef9a75389349,So11111111111111111111111111111111111111112,TEST,0.0001,0.0002,1.0,1.5,0.5,100.0,11000,TRAILING_STOP,1,1790385650985,100.0,0.0,1.0,1.0,GOOD_DECISION_GOOD_OUTCOME,REINFORCE,82,BALANCED,,0xda32b8b9,Sound decision process produced profitable outcome. Reinforce policy weights.,,,,,,,,,,,,,,,,,,,SOUND_DECISION_PROCESS
1e823c0e-c703-41ac-9594-2400fd6a4340,So11111111111111111111111111111111111111112,TEST,0.0001,0.0002,1.0,1.5,0.5,100.0,11000,TRAILING_STOP,1,1790385852987,100.0,0.0,1.0,1.0,GOOD_DECISION_GOOD_OUTCOME,REINFORCE,82,BALANCED,,0xdd9d52b7,Sound decision process produced profitable outcome. Reinforce policy weights.,,,,,,,,,,,,,,,,,,,SOUND_DECISION_PROCESS
ec8ced5d-1445-409a-affe-21eae65f2614,So11111111111111111111111111111111111111112,TEST,0.0001,0.0002,1.0,1.5,0.5,100.0,11000,TRAILING_STOP,1,1790386254903,100.0,0.0,1.0,1.0,GOOD_DECISION_GOOD_OUTCOME,REINFORCE,82,BALANCED,,0x08476200,Sound decision process produced profitable outcome. Reinforce policy weights.,,,,,,,,,,,,,,,,,,,SOUND_DECISION_PROCESS
e2f4e916-077c-413e-90ad-c6b4eb3f1c5a,So11111111111111111111111111111111111111112,TEST,0.0001,0.0002,1.0,1.5,0.5,100.0,11000,TRAILING_STOP,1,1790386675361,100.0,0.0,1.0,1.0,GOOD_DECISION_GOOD_OUTCOME,REINFORCE,82,BALANCED,,0x0f37520f,Sound decision process produced profitable outcome. Reinforce policy weights.,,,,,,,,,,,,,,,,,,,SOUND_DECISION_PROCESS
0c7a9384-9c9c-4f84-b69b-63e0b1a111bb,So11111111111111111111111111111111111111112,TEST,0.0001,0.0002,1.0,1.5,0.5,100.0,11000,TRAILING_STOP,1,1790386866603,100.0,0.0,1.0,1.0,GOOD_DECISION_GOOD_OUTCOME,REINFORCE,82,BALANCED,,0x12936ab6,Sound decision process produced profitable outcome. Reinforce policy weights.,,,,,,,,,,,,,,,,,,,SOUND_DECISION_PROCESS
344f8c5e-e20e-44f9-8a1a-78be23c780a7,So11111111111111111111111111111111111111112,TEST,0.0001,0.0002,1.0,1.5,0.5,100.0,11000,TRAILING_STOP,1,1790387453521,100.0,0.0,1.0,1.0,GOOD_DECISION_GOOD_OUTCOME,REINFORCE,82,BALANCED,,0x4096cb58,Sound decision process produced profitable outcome. Reinforce policy weights.,,,,,,,,,,,,,,,,,,,SOUND_DECISION_PROCESS
844925ef-f68e-4716-811d-ce91205b5c54,So11111111111111111111111111111111111111112,TEST,0.0001,0.0002,1.0,1.5,0.5,100.0,11000,TRAILING_STOP,1,1790388062763,100.0,0.0,1.0,1.0,GOOD_DECISION_GOOD_OUTCOME,REINFORCE,82,BALANCED,,0x6eb74f3f,Sound decision process produced profitable outcome. Reinforce policy weights.,,,,,,,,,,,,,,,,,,,SOUND_DECISION_PROCESS
667bf792-4760-4d8e-b424-bf79c31722e6,So11111111111111111111111111111111111111112,TEST,0.0001,0.0002,1.0,1.5,0.5,100.0,11000,TRAILING_STOP,1,1790388711087,100.0,0.0,1.0,1.0,GOOD_DECISION_GOOD_OUTCOME,REINFORCE,82,BALANCED,,0x7a6237af,Sound decision process produced profitable outcome. Reinforce policy weights.,,,,,,,,,,,,,,,,,,,SOUND_DECISION_PROCESS
trd_1790389238419_620,7XomEJBtb1EiF4Z8ZVzspCKFW2UuaRkaiq3AJJCFpump,e/cat,0.00038608685881370163,0.0003419,50.0,50.125,0.125,0.25,116017,TRAILING_TARGET,1,1790389238419,1.69,-5.15,0.1479,0.0,GOOD_DECISION_GOOD_OUTCOME,REINFORCE,82,BALANCED,,0x7a0144b0,Sound decision process produced profitable outcome. Reinforce policy weights.,,,,,,,,,,,,,,,,,,,SOUND_DECISION_PROCESS
trd_1790389239542_427,DmB3oUjBpsXscdqcx4eYPaMaJRhRJ1oovwvjgzj7BoNA,roon,0.0002557356641604021,0.0002265,50.0,50.125,0.125,0.25,51124,TRAILING_TARGET,1,1790389239542,1.32,-3.18,0.1894,0.0,GOOD_DECISION_GOOD_OUTCOME,REINFORCE,82,BALANCED,,0x517540c7,Sound decision process produced profitable outcome. Reinforce policy weights.,,,,,,,,,,,,,,,,,,,SOUND_DECISION_PROCESS
trd_1790389248308_314,7XomEJBtb1EiF4Z8ZVzspCKFW2UuaRkaiq3AJJCFpump,e/cat,0.00034930313756390994,0.0003382,86.16,81.70191015,-4.458089849999994,-5.174198990250689,7991,EMERGENCY_UNWIND,1,1790389248308,0.0,-3.18,0.0,0.0,GOOD_DECISION_BAD_OUTCOME,NEUTRAL_VARIANCE,82,BALANCED,,0x7b406e80,Sound decision met adverse tail variance. Do NOT penalize valid process.,,,,,,,,,,,,,,,,,,,SOUND_DECISION_PROCESS
trd_1790389300107_102,DmB3oUjBpsXscdqcx4eYPaMaJRhRJ1oovwvjgzj7BoNA,roon,0.00022958433583959918,0.0002381,50.0,51.13715385,1.1371538499999971,2.2743076999999943,57535,TRAILING_TARGET,1,1790389300107,5.71,-1.34,0.3983,0.716,GOOD_DECISION_GOOD_OUTCOME,REINFORCE,82,BALANCED,,0x6c4ba34a,Sound decision process produced profitable outcome. Reinforce policy weights.,,,,,,,,,,,,,,,,,,,SOUND_DECISION_PROCESS
e3e62e9e-f943-4d30-9f6b-7ae1718ff2b3,So11111111111111111111111111111111111111112,TEST,0.0001,0.0002,1.0,1.5,0.5,100.0,11000,TRAILING_STOP,1,1790389306607,100.0,0.0,1.0,1.0,GOOD_DECISION_GOOD_OUTCOME,REINFORCE,82,BALANCED,,0xa869545c,Sound decision process produced profitable outcome. Reinforce policy weights.,,,,,,,,,,,,,,,,,,,SOUND_DECISION_PROCESS
trd_1790389308295_98,98kfF7rmsg1QDUEoCqNE7g7M1FdrTt92TEp2CLzypump,PAID,0.0309672948583736,0.03022,100.0,100.25,0.25,0.25,121117,TRAILING_TARGET,1,1790389308295,0.0,-3.45,1.0,0.2998,GOOD_DECISION_GOOD_OUTCOME,REINFORCE,82,BALANCED,,0x6b18a02b,Sound decision process produced profitable outcome. Reinforce policy weights.,,,,,,,,,,,,,,,,,,,SOUND_DECISION_PROCESS
trd_1790389312456_531,FHZjVnetL5QyenPh8x9Z8k8zik1BinnbuYhpu2s7vDJD,E/CAT,0.00015842839598997533,0.0001826,25.000000000000078,28.5598269,3.5598268999999227,14.239307599999645,61943,TRAILING_TARGET,1,1790389312456,15.26,-1.34,0.9331,1.0,GOOD_DECISION_GOOD_OUTCOME,REINFORCE,82,BALANCED,,0x3bb08197,Sound decision process produced profitable outcome. Reinforce policy weights.,,,,,,,,,,,,,,,,,,,SOUND_DECISION_PROCESS
trd_1790389313260_925,CbcyNo7m1amFWqEQm2m4PLv1UNvpcL3C1Ujm6AkzpKoU,e/acc,0.013055391812868052,0.01266,50.0,47.85022185,-2.149778150000003,-4.299556300000006,10682,EMERGENCY_UNWIND,1,1790389313260,0.0,-3.03,0.0,0.0,GOOD_DECISION_BAD_OUTCOME,NEUTRAL_VARIANCE,82,BALANCED,,0x0c2e9659,Sound decision met adverse tail variance. Do NOT penalize valid process.,,,,,,,,,,,,,,,,,,,SOUND_DECISION_PROCESS
trd_1790389313463_473,FHZjVnetL5QyenPh8x9Z8k8zik1BinnbuYhpu2s7vDJD,E/CAT,0.00015842839598997533,0.0001826,24.999999999999922,28.5598269,3.5598269000000795,14.239307600000362,62950,TRAILING_TARGET,1,1790389313463,15.26,-1.34,0.9331,1.0,GOOD_DECISION_GOOD_OUTCOME,REINFORCE,82,BALANCED,,0x1153b23a,Sound decision process produced profitable outcome. Reinforce policy weights.,,,,,,,,,,,,,,,,,,,SOUND_DECISION_PROCESS
trd_1790389435200_51,So11111111111111111111111111111111111111112,SOL,123.60050302240558,122.0047,50.0,50.125,0.125,0.25,120866,TRAILING_TARGET,1,1790389435200,0.0,-1.41,1.0,0.0831,GOOD_DECISION_GOOD_OUTCOME,REINFORCE,82,BALANCED,,0x75f8e622,Sound decision process produced profitable outcome. Reinforce policy weights.,,,,,,,,,,,,,,,,,,,SOUND_DECISION_PROCESS
trd_1790389439052_723,7XomEJBtb1EiF4Z8ZVzspCKFW2UuaRkaiq3AJJCFpump,e/cat,0.00036591587301587413,0.0003435,50.0,46.3375623,-3.6624376999999977,-7.324875399999995,2403,EMERGENCY_UNWIND,0,1790389439052,0.0,-6.13,0.0,0.0,BAD_DECISION_BAD_OUTCOME,PENALIZE_POLICY,85,DEFENSIVE,,0x3719e137,Flawed process caused loss. Penalize strategy parameters and raise adaptive HSI hurdle to 85.,,,,,,,,,,,,,,,,,,,EMERGENCY_UNWIND_SEVERE_CRASH
trd_1790389561103_820,DmB3oUjBpsXscdqcx4eYPaMaJRhRJ1oovwvjgzj7BoNA,roon,0.00023059795321637443,0.0002352,50.0,50.3017191,0.3017190999999997,0.6034381999999994,120748,TRAILING_TARGET,1,1790389561103,3.08,-1.34,0.1959,0.7549,GOOD_DECISION_GOOD_OUTCOME,REINFORCE,82,BALANCED,,0x659cf2c7,Sound decision process produced profitable outcome. Reinforce policy weights.,,,,,,,,,,,,,,,,,,,SOUND_DECISION_PROCESS
trd_1790389563473_813,7XomEJBtb1EiF4Z8ZVzspCKFW2UuaRkaiq3AJJCFpump,e/cat,0.0004335241520467849,0.0004196,50.0,47.76074265,-2.2392573500000026,-4.478514700000005,840,EMERGENCY_UNWIND,1,1790389563473,0.0,-3.21,0.0,0.0,GOOD_DECISION_BAD_OUTCOME,NEUTRAL_VARIANCE,82,BALANCED,,0x2a6f912a,Sound decision met adverse tail variance. Do NOT penalize valid process.,,,,,,,,,,,,,,,,,,,SOUND_DECISION_PROCESS
trd_1790389569312_466,DmB3oUjBpsXscdqcx4eYPaMaJRhRJ1oovwvjgzj7BoNA,roon,0.0002506675772765255,0.0002352,50.0,46.31577855,-3.684221450000002,-7.368442900000005,4792,EMERGENCY_UNWIND,0,1790389569312,0.0,-6.17,0.0,0.0,BAD_DECISION_BAD_OUTCOME,PENALIZE_POLICY,85,DEFENSIVE,,0x4cbc0e18,Flawed process caused loss. Penalize strategy parameters and raise adaptive HSI hurdle to 85.,,,,,,,,,,,,,,,,,,,EMERGENCY_UNWIND_SEVERE_CRASH
trd_1790389620791_552,98kfF7rmsg1QDUEoCqNE7g7M1FdrTt92TEp2CLzypump,PAID,0.030631517126164923,0.03284,50.0,52.843003800000005,2.8430038000000053,5.686007600000011,310510,TRAILING_TARGET,1,1790389620791,9.79,-1.08,0.5808,0.7628,GOOD_DECISION_GOOD_OUTCOME,REINFORCE,82,BALANCED,,0x6ef33baa,Sound decision process produced profitable outcome. Reinforce policy weights.,,,,,,,,,,,,,,,,,,,SOUND_DECISION_PROCESS
trd_1790389634172_414,CbcyNo7m1amFWqEQm2m4PLv1UNvpcL3C1Ujm6AkzpKoU,e/acc,0.012916233323310078,0.01254,79.8,79.9995,0.19949999999999998,0.25,319746,TRAILING_TARGET,1,1790389634172,0.0,-7.56,1.0,0.6146,GOOD_DECISION_GOOD_OUTCOME,REINFORCE,82,BALANCED,,0x289f1b15,Sound decision process produced profitable outcome. Reinforce policy weights.,,,,,,,,,,,,,,,,,,,SOUND_DECISION_PROCESS
trd_1790389691345_189,So11111111111111111111111111111111111111112,SOL,123.59036689716064,121.86,50.0,50.125,0.125,0.25,121078,TRAILING_TARGET,1,1790389691345,0.0,-1.4,1.0,0.0,GOOD_DECISION_GOOD_OUTCOME,REINFORCE,82,BALANCED,,0x7041a0a4,Sound decision process produced profitable outcome. Reinforce policy weights.,,,,,,,,,,,,,,,,,,,SOUND_DECISION_PROCESS
trd_1790389695898_525,nDZknLvfFRp5rgUHdzTrQsmSY5NKzoavqdLjSHVpump,COLLECT,0.00195324068504598,0.001863,50.0,47.073127199999995,-2.9268728000000057,-5.8537456000000105,3420,EMERGENCY_UNWIND,1,1790389695898,0.0,-4.62,0.0,0.0,GOOD_DECISION_BAD_OUTCOME,NEUTRAL_VARIANCE,82,BALANCED,,0x1b7fbce7,Sound decision met adverse tail variance. Do NOT penalize valid process.,,,,,,,,,,,,,,,,,,,SOUND_DECISION_PROCESS
954d68a5-cc03-4553-a555-38b6d6382fd5,So11111111111111111111111111111111111111112,TEST,0.0001,0.0002,1.0,1.5,0.5,100.0,11000,TRAILING_STOP,1,1790389742372,100.0,0.0,1.0,1.0,GOOD_DECISION_GOOD_OUTCOME,REINFORCE,82,BALANCED,,0xaf7338f1,Sound decision process produced profitable outcome. Reinforce policy weights.,,,,,,,,,,,,,,,,,,,SOUND_DECISION_PROCESS
trd_1790389756220_982,CbcyNo7m1amFWqEQm2m4PLv1UNvpcL3C1Ujm6AkzpKoU,e/acc,0.012710761904762696,0.01295,50.0,50.2463532,0.2463532000000015,0.492706400000003,120774,OPERATOR_CLOSE,1,1790389756220,2.51,-1.34,0.1963,0.8367,GOOD_DECISION_GOOD_OUTCOME,REINFORCE,82,BALANCED,,0x1ddc6eec,Sound decision process produced profitable outcome. Reinforce policy weights.,,,,,,,,,,,,,,,,,,,SOUND_DECISION_PROCESS
trd_1790389818256_961,nDZknLvfFRp5rgUHdzTrQsmSY5NKzoavqdLjSHVpump,COLLECT,0.001888369172932358,0.001883,50.0,50.125,0.125,0.25,120774,OPERATOR_CLOSE,1,1790389818256,3.32,-1.34,0.0753,0.2273,GOOD_DECISION_GOOD_OUTCOME,REINFORCE,82,BALANCED,,0x3157ad7f,Sound decision process produced profitable outcome. Reinforce policy weights.,,,,,,,,,,,,,,,,,,,SOUND_DECISION_PROCESS
trd_1790389826435_951,CbcyNo7m1amFWqEQm2m4PLv1UNvpcL3C1Ujm6AkzpKoU,e/acc,0.013389885547202642,0.01389,50.0,51.1497555,1.1497554999999977,2.2995109999999954,69083,TRAILING_TARGET,1,1790389826435,5.68,-2.24,0.4048,0.7547,GOOD_DECISION_GOOD_OUTCOME,REINFORCE,82,BALANCED,,0x1f0f8b9c,Sound decision process produced profitable outcome. Reinforce policy weights.,,,,,,,,,,,,,,,,,,,SOUND_DECISION_PROCESS
trd_1790389861640_919,BfmahFa45CrMJf45yzkmUgREr9CQubfcowtnuUncpump,e/pump,0.00037625477025898124,0.0003361,50.0,50.125,0.125,0.25,33330,TRAILING_TARGET,1,1790389861640,0.0,-1.34,1.0,0.0,GOOD_DECISION_GOOD_OUTCOME,REINFORCE,82,BALANCED,,0x1ca3aec5,Sound decision process produced profitable outcome. Reinforce policy weights.,,,,,,,,,,,,,,,,,,,SOUND_DECISION_PROCESS
trd_1790389919208_842,7XomEJBtb1EiF4Z8ZVzspCKFW2UuaRkaiq3AJJCFpump,e/cat,0.0004907935338345897,0.0004364,50.0,50.125,0.125,0.25,56717,TRAILING_TARGET,1,1790389919208,0.0,-8.96,1.0,0.0,GOOD_DECISION_GOOD_OUTCOME,REINFORCE,82,BALANCED,,0x51fe9128,Sound decision process produced profitable outcome. Reinforce policy weights.,,,,,,,,,,,,,,,,,,,SOUND_DECISION_PROCESS
trd_1790389941435_752,nDZknLvfFRp5rgUHdzTrQsmSY5NKzoavqdLjSHVpump,COLLECT,0.0019086415204678843,0.001872,50.0,50.125,0.125,0.25,120877,TRAILING_TARGET,1,1790389941435,0.0,-1.92,1.0,0.0,GOOD_DECISION_GOOD_OUTCOME,REINFORCE,82,BALANCED,,0x54ec50d1,Sound decision process produced profitable outcome. Reinforce policy weights.,,,,,,,,,,,,,,,,,,,SOUND_DECISION_PROCESS
trd_1790390001536_550,7XomEJBtb1EiF4Z8ZVzspCKFW2UuaRkaiq3AJJCFpump,e/cat,0.0004423426232247302,0.0004579,50.0,51.043495650000004,1.043495650000004,2.086991300000008,81126,TRAILING_TARGET,1,1790390001536,6.43,-1.59,0.3246,0.6366,GOOD_DECISION_GOOD_OUTCOME,REINFORCE,82,BALANCED,,0x4e2121a2,Sound decision process produced profitable outcome. Reinforce policy weights.,,,,,,,,,,,,,,,,,,,SOUND_DECISION_PROCESS
trd_1790390092415_547,CbcyNo7m1amFWqEQm2m4PLv1UNvpcL3C1Ujm6AkzpKoU,e/acc,0.014971128654972311,0.01484,50.0,50.125,0.125,0.25,150051,TRAILING_TARGET,1,1790390092415,2.6,-2.75,0.0962,0.35,GOOD_DECISION_GOOD_OUTCOME,REINFORCE,82,BALANCED,,0x1b6cef29,Sound decision process produced profitable outcome. Reinforce policy weights.,,,,,,,,,,,,,,,,,,,SOUND_DECISION_PROCESS
trd_1790390097437_751,CbcyNo7m1amFWqEQm2m4PLv1UNvpcL3C1Ujm6AkzpKoU,e/acc,0.015042081871347632,0.01456,50.0,47.764142400000004,-2.2358575999999957,-4.471715199999991,2959,EMERGENCY_UNWIND,1,1790390097437,0.0,-3.2,0.0,0.0,GOOD_DECISION_BAD_OUTCOME,NEUTRAL_VARIANCE,82,BALANCED,,0x2053cdff,Sound decision met adverse tail variance. Do NOT penalize valid process.,,,,,,,,,,,,,,,,,,,SOUND_DECISION_PROCESS
trd_1790390097514_698,98kfF7rmsg1QDUEoCqNE7g7M1FdrTt92TEp2CLzypump,PAID,0.03328719465332009,0.03229,50.0,50.125,0.125,0.25,474953,TRAILING_TARGET,1,1790390097514,1.0,-8.61,0.25,0.5844,GOOD_DECISION_GOOD_OUTCOME,REINFORCE,82,BALANCED,,0x31f2421c,Sound decision process produced profitable outcome. Reinforce policy weights.,,,,,,,,,,,,,,,,,,,SOUND_DECISION_PROCESS
trd_1790390105253_901,98kfF7rmsg1QDUEoCqNE7g7M1FdrTt92TEp2CLzypump,PAID,0.03272970509608898,0.03162,50.0,47.67351465,-2.3264853499999987,-4.652970699999997,6860,EMERGENCY_UNWIND,1,1790390105253,0.0,-3.39,0.0,0.0,GOOD_DECISION_BAD_OUTCOME,NEUTRAL_VARIANCE,82,BALANCED,,0x6390d78a,Sound decision met adverse tail variance. Do NOT penalize valid process.,,,,,,,,,,,,,,,,,,,SOUND_DECISION_PROCESS
trd_1790390105795_837,DmB3oUjBpsXscdqcx4eYPaMaJRhRJ1oovwvjgzj7BoNA,roon,0.0002892863993316625,0.0002816,50.0,48.0316053,-1.9683946999999975,-3.936789399999995,5148,EMERGENCY_UNWIND,1,1790390105795,0.0,-2.66,0.0,0.0,GOOD_DECISION_BAD_OUTCOME,NEUTRAL_VARIANCE,82,BALANCED,,0x0db770a7,Sound decision met adverse tail variance. Do NOT penalize valid process.,,,,,,,,,,,,,,,,,,,SOUND_DECISION_PROCESS
trd_1790390109678_565,7XomEJBtb1EiF4Z8ZVzspCKFW2UuaRkaiq3AJJCFpump,e/cat,0.0004641353968253973,0.0004726,50.0,50.75,0.75,1.5,107298,TRAILING_TARGET,1,1790390109678,4.6,-1.34,0.3261,0.5326,GOOD_DECISION_GOOD_OUTCOME,REINFORCE,82,BALANCED,,0x25dbe598,Sound decision process produced profitable outcome. Reinforce policy weights.,,,,,,,,,,,,,,,,,,,SOUND_DECISION_PROCESS
trd_1790390153813_49,DMNtou2ANqxevM4UngRzTdxVrRgfR1ZLzJyCT5sCpump,PCAT,0.0003112818964076861,0.0002368,50.0,51.75,1.75,3.5,47522,EMERGENCY_UNWIND,0,1790390153813,7.36,-23.93,0.4755,0.0,BAD_DECISION_GOOD_OUTCOME,DO_NOT_REINFORCE_LUCK,82,BALANCED,,0x70e07125,Flawed process produced lucky profit. Strictly avoid reinforcing bad habits.,,,,,,,,,,,,,,,,,,,SEVERE_ADVERSE_EXCURSION
trd_1790390154313_543,7XomEJBtb1EiF4Z8ZVzspCKFW2UuaRkaiq3AJJCFpump,e/cat,0.00047903557226399373,0.0004664,50.0,48.041031600000004,-1.958968399999996,-3.917936799999992,43672,EMERGENCY_UNWIND,1,1790390154313,0.0,-2.64,0.0,0.0,GOOD_DECISION_BAD_OUTCOME,NEUTRAL_VARIANCE,82,BALANCED,,0x6735198b,Sound decision met adverse tail variance. Do NOT penalize valid process.,,,,,,,,,,,,,,,,,,,SOUND_DECISION_PROCESS
trd_1790390157826_52,7XomEJBtb1EiF4Z8ZVzspCKFW2UuaRkaiq3AJJCFpump,e/cat,0.00047200179519465345,0.0004596,42.77,41.16211605,-1.6078839500000015,-3.759373275660513,2705,EMERGENCY_UNWIND,1,1790390157826,0.0,-2.63,0.0,0.0,GOOD_DECISION_BAD_OUTCOME,NEUTRAL_VARIANCE,82,BALANCED,,0x2f09df33,Sound decision met adverse tail variance. Do NOT penalize valid process.,,,,,,,,,,,,,,,,,,,SOUND_DECISION_PROCESS
trd_1790390183538_478,DmB3oUjBpsXscdqcx4eYPaMaJRhRJ1oovwvjgzj7BoNA,roon,0.00029202316624895664,0.000264,50.0,44.64159075,-5.358409250000001,-10.716818500000002,29084,EMERGENCY_UNWIND,0,1790390183538,0.0,-9.6,0.0,0.0,BAD_DECISION_BAD_OUTCOME,PENALIZE_POLICY,85,DEFENSIVE,,0x3bf28f7d,Flawed process caused loss. Penalize strategy parameters and raise adaptive HSI hurdle to 85.,,,,,,,,,,,,,,,,,,,CATASTROPHIC_STOP_LOSS_VIOLATION
trd_1790390219920_273,3pVv9iav75CfaVb2YFLtX1ijYDXSEPLmweWxUYp8q8nG,STEVEWILLDOIT,0.00026992630743525556,0.0002569,50.0,46.9726056,-3.027394399999998,-6.054788799999997,35414,EMERGENCY_UNWIND,1,1790390219920,0.0,-4.83,0.0,0.0,GOOD_DECISION_BAD_OUTCOME,NEUTRAL_VARIANCE,82,BALANCED,,0x6dfd7148,Sound decision met adverse tail variance. Do NOT penalize valid process.,,,,,,,,,,,,,,,,,,,SOUND_DECISION_PROCESS
trd_1790390223689_721,DmB3oUjBpsXscdqcx4eYPaMaJRhRJ1oovwvjgzj7BoNA,roon,0.0002897932080200514,0.0002818,50.0,47.9821908,-2.017809200000002,-4.035618400000004,2059,EMERGENCY_UNWIND,1,1790390223689,0.0,-2.76,0.0,0.0,GOOD_DECISION_BAD_OUTCOME,NEUTRAL_VARIANCE,82,BALANCED,,0x08d88123,Sound decision met adverse tail variance. Do NOT penalize valid process.,,,,,,,,,,,,,,,,,,,SOUND_DECISION_PROCESS
trd_1790390244279_380,98kfF7rmsg1QDUEoCqNE7g7M1FdrTt92TEp2CLzypump,PAID,0.03240191473930197,0.0322,100.0,100.25,0.25,0.25,137864,TRAILING_TARGET,1,1790390244279,0.0,-3.06,1.0,0.7964,GOOD_DECISION_GOOD_OUTCOME,REINFORCE,82,BALANCED,,0x55f779e1,Sound decision process produced profitable outcome. Reinforce policy weights.,,,,,,,,,,,,,,,,,,,SOUND_DECISION_PROCESS
trd_1790390245925_56,DmB3oUjBpsXscdqcx4eYPaMaJRhRJ1oovwvjgzj7BoNA,roon,0.000285637376775272,0.0002769,50.0,47.835412649999995,-2.164587350000005,-4.32917470000001,21302,EMERGENCY_UNWIND,1,1790390245925,0.0,-3.06,0.0,0.0,GOOD_DECISION_BAD_OUTCOME,NEUTRAL_VARIANCE,82,BALANCED,,0x15d1f7f1,Sound decision met adverse tail variance. Do NOT penalize valid process.,,,,,,,,,,,,,,,,,,,SOUND_DECISION_PROCESS
trd_1790390280006_182,7XomEJBtb1EiF4Z8ZVzspCKFW2UuaRkaiq3AJJCFpump,e/cat,0.0004658585463659186,0.0005364,50.0,56.7035676,6.703567599999999,13.407135199999997,121673,TRAILING_TARGET,1,1790390280006,15.14,-1.64,0.8855,1.0,GOOD_DECISION_GOOD_OUTCOME,REINFORCE,82,BALANCED,,0x0efdf842,Sound decision process produced profitable outcome. Reinforce policy weights.,,,,,,,,,,,,,,,,,,,SOUND_DECISION_PROCESS
trd_1790390305281_540,BfmahFa45CrMJf45yzkmUgREr9CQubfcowtnuUncpump,e/pump,0.00027489303258145464,0.0002197,50.0,51.75,1.75,3.5,56849,STOP_LOSS,0,1790390305281,11.64,-1.34,0.3007,0.0,BAD_DECISION_GOOD_OUTCOME,DO_NOT_REINFORCE_LUCK,82,BALANCED,,0x4023c8c3,Flawed process produced lucky profit. Strictly avoid reinforcing bad habits.,,,,,,,,,,,,,,,,,,,LUCKY_STOP_LOSS_REVERSAL
trd_1790390305936_938,DMNtou2ANqxevM4UngRzTdxVrRgfR1ZLzJyCT5sCpump,PCAT,0.0002290775271512124,0.0002662,25.00000000000011,28.7932518,3.79325179999989,15.173007199999494,23283,TRAILING_TARGET,1,1790390305936,16.21,-1.34,0.936,1.0,GOOD_DECISION_GOOD_OUTCOME,REINFORCE,82,BALANCED,,0x2005069b,Sound decision process produced profitable outcome. Reinforce policy weights.,,,,,,,,,,,,,,,,,,,SOUND_DECISION_PROCESS
trd_1790390321804_590,DMNtou2ANqxevM4UngRzTdxVrRgfR1ZLzJyCT5sCpump,PCAT,0.0002290775271512124,0.0002662,24.999999999999886,28.7932518,3.7932518000001143,15.173007200000525,39151,TRAILING_TARGET,1,1790390321804,16.21,-1.34,0.936,1.0,GOOD_DECISION_GOOD_OUTCOME,REINFORCE,82,BALANCED,,0x743e8022,Sound decision process produced profitable outcome. Reinforce policy weights.,,,,,,,,,,,,,,,,,,,SOUND_DECISION_PROCESS
trd_1790390324277_215,7XomEJBtb1EiF4Z8ZVzspCKFW2UuaRkaiq3AJJCFpump,e/cat,0.0005142080952380978,0.0004893,50.0,46.96376745,-3.0362325500000007,-6.072465100000002,1691,EMERGENCY_UNWIND,1,1790390324277,0.0,-4.84,0.0,0.0,GOOD_DECISION_BAD_OUTCOME,NEUTRAL_VARIANCE,82,BALANCED,,0x225cb9a7,Sound decision met adverse tail variance. Do NOT penalize valid process.,,,,,,,,,,,,,,,,,,,SOUND_DECISION_PROCESS
trd_1790390366363_298,7XomEJBtb1EiF4Z8ZVzspCKFW2UuaRkaiq3AJJCFpump,e/cat,0.0004959629824561413,0.0005054,50.0,50.75,0.75,1.5,41033,TRAILING_TARGET,1,1790390366363,4.08,-1.34,0.3676,0.5985,GOOD_DECISION_GOOD_OUTCOME,REINFORCE,82,BALANCED,,0x4165b687,Sound decision process produced profitable outcome. Reinforce policy weights.,,,,,,,,,,,,,,,,,,,SOUND_DECISION_PROCESS
trd_1790390397761_593,7XomEJBtb1EiF4Z8ZVzspCKFW2UuaRkaiq3AJJCFpump,e/cat,0.0005122822222222238,0.0004359,50.0,43.0,-7.0,-14.0,29470,STOP_LOSS,0,1790390397761,0.0,-1.34,0.0,0.0,BAD_DECISION_BAD_OUTCOME,PENALIZE_POLICY,85,DEFENSIVE,,0x796fb927,Flawed process caused loss. Penalize strategy parameters and raise adaptive HSI hurdle to 85.,,,,,,,,,,,,,,,,,,,CATASTROPHIC_STOP_LOSS_VIOLATION
trd_1790390427725_459,CbcyNo7m1amFWqEQm2m4PLv1UNvpcL3C1Ujm6AkzpKoU,e/acc,0.016785503759403034,0.01706,50.0,50.75,0.75,1.5,121368,TRAILING_TARGET,1,1790390427725,5.09,-1.34,0.2947,0.463,GOOD_DECISION_GOOD_OUTCOME,REINFORCE,82,BALANCED,,0x4a2f82a8,Sound decision process produced profitable outcome. Reinforce policy weights.,,,,,,,,,,,,,,,,,,,SOUND_DECISION_PROCESS
trd_1790390462321_193,98kfF7rmsg1QDUEoCqNE7g7M1FdrTt92TEp2CLzypump,PAID,0.03263847953217013,0.0353,50.0,53.30312925,3.303129249999998,6.606258499999996,215751,TRAILING_TARGET,1,1790390462321,11.83,-1.74,0.5584,0.7291,GOOD_DECISION_GOOD_OUTCOME,REINFORCE,82,BALANCED,,0x7e84e425,Sound decision process produced profitable outcome. Reinforce policy weights.,,,,,,,,,,,,,,,,,,,SOUND_DECISION_PROCESS
trd_1790390462816_330,CbcyNo7m1amFWqEQm2m4PLv1UNvpcL3C1Ujm6AkzpKoU,e/acc,0.01729231244778841,0.01634,50.0,46.6398549,-3.360145099999997,-6.720290199999994,34221,EMERGENCY_UNWIND,1,1790390462816,0.0,-5.51,0.0,0.0,GOOD_DECISION_BAD_OUTCOME,NEUTRAL_VARIANCE,82,BALANCED,,0x783d34d6,Sound decision met adverse tail variance. Do NOT penalize valid process.,,,,,,,,,,,,,,,,,,,SOUND_DECISION_PROCESS
trd_1790390466511_662,98kfF7rmsg1QDUEoCqNE7g7M1FdrTt92TEp2CLzypump,PAID,0.03617291556917387,0.03519,100.0,94.9911033,-5.008896699999994,-5.008896699999994,2919,EMERGENCY_UNWIND,1,1790390466511,0.0,-2.72,0.0,0.0,GOOD_DECISION_BAD_OUTCOME,NEUTRAL_VARIANCE,82,BALANCED,,0x332c790a,Sound decision met adverse tail variance. Do NOT penalize valid process.,,,,,,,,,,,,,,,,,,,SOUND_DECISION_PROCESS
trd_1790390487911_492,BfmahFa45CrMJf45yzkmUgREr9CQubfcowtnuUncpump,e/pump,0.00027438622389306625,0.0002643,50.0,50.75,0.75,1.5,19233,TRAILING_TARGET,1,1790390487911,6.64,0.0,0.2259,0.0,GOOD_DECISION_GOOD_OUTCOME,REINFORCE,82,BALANCED,,0x0f29d5cf,Sound decision process produced profitable outcome. Reinforce policy weights.,,,,,,,,,,,,,,,,,,,SOUND_DECISION_PROCESS
trd_1790390518518_241,CbcyNo7m1amFWqEQm2m4PLv1UNvpcL3C1Ujm6AkzpKoU,e/acc,0.016562507936511265,0.01984,50.0,58.96176495,8.961764950000003,17.923529900000005,54138,TRAILING_TARGET,1,1790390518518,19.79,-1.52,0.9057,1.0,GOOD_DECISION_GOOD_OUTCOME,REINFORCE,82,BALANCED,,0x6922c25b,Sound decision process produced profitable outcome. Reinforce policy weights.,,,,,,,,,,,,,,,,,,,SOUND_DECISION_PROCESS
trd_1790390518941_583,3pVv9iav75CfaVb2YFLtX1ijYDXSEPLmweWxUYp8q8nG,STEVEWILLDOIT,0.00023252382623224736,0.0002145,50.0,45.54334935000001,-4.456650649999993,-8.913301299999986,29337,EMERGENCY_UNWIND,0,1790390518941,0.0,-7.75,0.0,0.0,BAD_DECISION_BAD_OUTCOME,PENALIZE_POLICY,85,DEFENSIVE,,0x2a0dd13e,Flawed process caused loss. Penalize strategy parameters and raise adaptive HSI hurdle to 85.,,,,,,,,,,,,,,,,,,,EMERGENCY_UNWIND_SEVERE_CRASH
trd_1790390548274_267,3pVv9iav75CfaVb2YFLtX1ijYDXSEPLmweWxUYp8q8nG,STEVEWILLDOIT,0.00021742092731829614,0.0001856,50.0,43.0,-7.0,-14.0,27904,STOP_LOSS,0,1790390548274,0.0,-1.34,0.0,0.0,BAD_DECISION_BAD_OUTCOME,PENALIZE_POLICY,85,DEFENSIVE,,0x4ea85c7b,Flawed process caused loss. Penalize strategy parameters and raise adaptive HSI hurdle to 85.,,,,,,,,,,,,,,,,,,,CATASTROPHIC_STOP_LOSS_VIOLATION
trd_1790390548912_468,CbcyNo7m1amFWqEQm2m4PLv1UNvpcL3C1Ujm6AkzpKoU,e/acc,0.020110168755222257,0.01912,50.0,46.9248177,-3.075182300000001,-6.150364600000003,29284,EMERGENCY_UNWIND,1,1790390548912,0.0,-4.92,0.0,0.0,GOOD_DECISION_BAD_OUTCOME,NEUTRAL_VARIANCE,82,BALANCED,,0x0121bdb7,Sound decision met adverse tail variance. Do NOT penalize valid process.,,,,,,,,,,,,,,,,,,,SOUND_DECISION_PROCESS
trd_1790390553066_591,7XomEJBtb1EiF4Z8ZVzspCKFW2UuaRkaiq3AJJCFpump,e/cat,0.0004418358145363431,0.0004526,50.0,50.75,0.75,1.5,154643,OPERATOR_CLOSE,1,1790390553066,4.25,-1.73,0.3529,0.697,GOOD_DECISION_GOOD_OUTCOME,REINFORCE,82,BALANCED,,0x637f598c,Sound decision process produced profitable outcome. Reinforce policy weights.,,,,,,,,,,,,,,,,,,,SOUND_DECISION_PROCESS
trd_1790390553638_428,GY9mZfyPpxXxBXBxS2hB2XjhP3kfUsywTvgveozxpump,ELON,0.004300778529657672,0.004125,50.0,47.3333724,-2.666627599999998,-5.333255199999996,4087,EMERGENCY_UNWIND,1,1790390553638,0.0,-4.09,0.0,0.0,GOOD_DECISION_BAD_OUTCOME,NEUTRAL_VARIANCE,82,BALANCED,,0x13b455da,Sound decision met adverse tail variance. Do NOT penalize valid process.,,,,,,,,,,,,,,,,,,,SOUND_DECISION_PROCESS
trd_1790390554305_178,CbcyNo7m1amFWqEQm2m4PLv1UNvpcL3C1Ujm6AkzpKoU,e/acc,0.019380364243948053,0.01847,50.0,47.03537385,-2.964626150000001,-5.929252300000002,3865,EMERGENCY_UNWIND,1,1790390554305,0.0,-4.7,0.0,0.0,GOOD_DECISION_BAD_OUTCOME,NEUTRAL_VARIANCE,82,BALANCED,,0x04a61ec8,Sound decision met adverse tail variance. Do NOT penalize valid process.,,,,,,,,,,,,,,,,,,,SOUND_DECISION_PROCESS
trd_1790390558407_982,7XomEJBtb1EiF4Z8ZVzspCKFW2UuaRkaiq3AJJCFpump,e/cat,0.00045876322472849016,0.0004029,50.0,43.37951745,-6.620482549999998,-13.240965099999997,4071,STOP_LOSS,0,1790390558407,0.0,-12.18,0.0,0.0,BAD_DECISION_BAD_OUTCOME,PENALIZE_POLICY,85,DEFENSIVE,,0x2d13bd07,Flawed process caused loss. Penalize strategy parameters and raise adaptive HSI hurdle to 85.,,,,,,,,,,,,,,,,,,,CATASTROPHIC_STOP_LOSS_VIOLATION
trd_1790390593089_619,BfmahFa45CrMJf45yzkmUgREr9CQubfcowtnuUncpump,e/pump,0.0002327313976858816,0.0003096,30.025,39.492412349999995,9.467412349999996,31.531764696086583,37994,TRAILING_TARGET,1,1790390593089,33.03,-1.56,0.9546,1.0,GOOD_DECISION_GOOD_OUTCOME,REINFORCE,82,BALANCED,,0x713d6f42,Sound decision process produced profitable outcome. Reinforce policy weights.,,,,,,,,,,,,,,,,,,,SOUND_DECISION_PROCESS
trd_1790390594355_838,BfmahFa45CrMJf45yzkmUgREr9CQubfcowtnuUncpump,e/pump,0.0002327313976858816,0.0003096,30.025,39.492412349999995,9.467412349999996,31.531764696086583,39260,TRAILING_TARGET,1,1790390594355,33.03,-1.56,0.9546,1.0,GOOD_DECISION_GOOD_OUTCOME,REINFORCE,82,BALANCED,,0x713dee83,Sound decision process produced profitable outcome. Reinforce policy weights.,,,,,,,,,,,,,,,,,,,SOUND_DECISION_PROCESS
trd_1790390603265_739,BfmahFa45CrMJf45yzkmUgREr9CQubfcowtnuUncpump,e/pump,0.00031381593984962413,0.0003056,50.0,50.75,0.75,1.5,6708,TRAILING_TARGET,1,1790390603265,4.33,-2.62,0.3464,0.0,GOOD_DECISION_GOOD_OUTCOME,REINFORCE,82,BALANCED,,0x1a8fb97f,Sound decision process produced profitable outcome. Reinforce policy weights.,,,,,,,,,,,,,,,,,,,SOUND_DECISION_PROCESS
trd_1790390640294_103,DMNtou2ANqxevM4UngRzTdxVrRgfR1ZLzJyCT5sCpump,PCAT,0.00021296101086048543,0.0001149,50.0,50.125,0.125,0.25,35637,STOP_LOSS,0,1790390640294,1.33,-1.34,0.188,0.0,BAD_DECISION_GOOD_OUTCOME,DO_NOT_REINFORCE_LUCK,82,BALANCED,,0x68d08c64,Flawed process produced lucky profit. Strictly avoid reinforcing bad habits.,,,,,,,,,,,,,,,,,,,LUCKY_STOP_LOSS_REVERSAL
trd_1790390641321_645,GY9mZfyPpxXxBXBxS2hB2XjhP3kfUsywTvgveozxpump,ELON,0.004181171679198213,0.004722,25.000000000002093,27.98796645,2.987966449997906,11.951865799990623,86722,TRAILING_TARGET,1,1790390641321,12.93,-1.34,0.9244,1.0,GOOD_DECISION_GOOD_OUTCOME,REINFORCE,82,BALANCED,,0x167a41c3,Sound decision process produced profitable outcome. Reinforce policy weights.,,,,,,,,,,,,,,,,,,,SOUND_DECISION_PROCESS
trd_1790390645395_345,BfmahFa45CrMJf45yzkmUgREr9CQubfcowtnuUncpump,e/pump,0.00040504150375939984,0.0003941,50.0,48.0099756,-1.990024400000003,-3.980048800000006,2772,EMERGENCY_UNWIND,1,1790390645395,0.0,-2.7,0.0,0.0,GOOD_DECISION_BAD_OUTCOME,NEUTRAL_VARIANCE,82,BALANCED,,0x642bd66d,Sound decision met adverse tail variance. Do NOT penalize valid process.,,,,,,,,,,,,,,,,,,,SOUND_DECISION_PROCESS
trd_1790390671025_629,GY9mZfyPpxXxBXBxS2hB2XjhP3kfUsywTvgveozxpump,ELON,0.004181171679198213,0.004657,24.999999999997907,27.605065500000002,2.6050655000020946,10.42026200000925,116426,TRAILING_TARGET,1,1790390671025,14.63,-1.34,0.7123,0.7964,GOOD_DECISION_GOOD_OUTCOME,REINFORCE,82,BALANCED,,0x1cb1517f,Sound decision process produced profitable outcome. Reinforce policy weights.,,,,,,,,,,,,,,,,,,,SOUND_DECISION_PROCESS
trd_1790390671512_747,FHZjVnetL5QyenPh8x9Z8k8zik1BinnbuYhpu2s7vDJD,E/CAT,0.00018011980785296618,0.0001625,50.0,44.5506246,-5.449375400000001,-10.898750800000002,25089,EMERGENCY_UNWIND,0,1790390671512,0.0,-9.78,0.0,0.0,BAD_DECISION_BAD_OUTCOME,PENALIZE_POLICY,85,DEFENSIVE,,0x620466e1,Flawed process caused loss. Penalize strategy parameters and raise adaptive HSI hurdle to 85.,,,,,,,,,,,,,,,,,,,CATASTROPHIC_STOP_LOSS_VIOLATION
trd_1790390711525_210,GY9mZfyPpxXxBXBxS2hB2XjhP3kfUsywTvgveozxpump,ELON,0.004772160561066482,0.004552,100.0,93.1779414,-6.8220586000000045,-6.822058600000005,39448,EMERGENCY_UNWIND,1,1790390711525,0.0,-4.61,0.0,0.0,GOOD_DECISION_BAD_OUTCOME,NEUTRAL_VARIANCE,82,BALANCED,,0x49bd1bba,Sound decision met adverse tail variance. Do NOT penalize valid process.,,,,,,,,,,,,,,,,,,,SOUND_DECISION_PROCESS
trd_1790390731708_894,GY9mZfyPpxXxBXBxS2hB2XjhP3kfUsywTvgveozxpump,ELON,0.004613986299081069,0.004297,50.0,45.9739899,-4.026010100000001,-8.052020200000001,19104,EMERGENCY_UNWIND,0,1790390731708,0.0,-6.87,0.0,0.0,BAD_DECISION_BAD_OUTCOME,PENALIZE_POLICY,85,DEFENSIVE,,0x3630949b,Flawed process caused loss. Penalize strategy parameters and raise adaptive HSI hurdle to 85.,,,,,,,,,,,,,,,,,,,EMERGENCY_UNWIND_SEVERE_CRASH
trd_1790390766261_779,BfmahFa45CrMJf45yzkmUgREr9CQubfcowtnuUncpump,e/pump,0.0004205498496240608,0.0004395,50.0,51.75,1.75,3.5,91801,TRAILING_TARGET,1,1790390766261,7.41,-1.27,0.4723,0.6658,GOOD_DECISION_GOOD_OUTCOME,REINFORCE,82,BALANCED,,0x5bd484b4,Sound decision process produced profitable outcome. Reinforce policy weights.,,,,,,,,,,,,,,,,,,,SOUND_DECISION_PROCESS
trd_1790390792358_819,7XomEJBtb1EiF4Z8ZVzspCKFW2UuaRkaiq3AJJCFpump,e/cat,0.00040838644110275697,0.0004287,50.0,51.75369825,1.7536982499999993,3.5073964999999987,232047,TRAILING_TARGET,1,1790390792358,8.48,-3.72,0.4136,0.7129,GOOD_DECISION_GOOD_OUTCOME,REINFORCE,82,BALANCED,,0x06cfac1f,Sound decision process produced profitable outcome. Reinforce policy weights.,,,,,,,,,,,,,,,,,,,SOUND_DECISION_PROCESS
trd_1790390793783_71,SPqTn8KkooByR41x3SsaNxGxXDqPFFRXR2Kkt8TJhSK,ANSEM,0.00016805776106934022,0.0002489,25.00000000000008,36.6327351,11.632735099999918,46.530940399999515,25279,TRAILING_TARGET,1,1790390793783,48.1,-1.34,0.9674,1.0,GOOD_DECISION_GOOD_OUTCOME,REINFORCE,82,BALANCED,,0x61a31c84,Sound decision process produced profitable outcome. Reinforce policy weights.,,,,,,,,,,,,,,,,,,,SOUND_DECISION_PROCESS
trd_1790390794625_343,SPqTn8KkooByR41x3SsaNxGxXDqPFFRXR2Kkt8TJhSK,ANSEM,0.00016805776106934022,0.0002489,24.99999999999991,36.6327351,11.632735100000088,46.53094040000052,26121,TRAILING_TARGET,1,1790390794625,48.1,-1.34,0.9674,1.0,GOOD_DECISION_GOOD_OUTCOME,REINFORCE,82,BALANCED,,0x0cb4d98e,Sound decision process produced profitable outcome. Reinforce policy weights.,,,,,,,,,,,,,,,,,,,SOUND_DECISION_PROCESS
trd_1790390797723_863,CbcyNo7m1amFWqEQm2m4PLv1UNvpcL3C1Ujm6AkzpKoU,e/acc,0.019846628237263266,0.01922,50.0,47.78734935,-2.2126506500000005,-4.425301300000001,3083,EMERGENCY_UNWIND,1,1790390797723,0.0,-3.16,0.0,0.0,GOOD_DECISION_BAD_OUTCOME,NEUTRAL_VARIANCE,82,BALANCED,,0x30bc75e0,Sound decision met adverse tail variance. Do NOT penalize valid process.,,,,,,,,,,,,,,,,,,,SOUND_DECISION_PROCESS
trd_1790390798398_218,7XomEJBtb1EiF4Z8ZVzspCKFW2UuaRkaiq3AJJCFpump,e/cat,0.0004345377694235608,0.0004201,50.0,47.706693,-2.2933069999999987,-4.586613999999997,1951,EMERGENCY_UNWIND,1,1790390798398,0.0,-3.32,0.0,0.0,GOOD_DECISION_BAD_OUTCOME,NEUTRAL_VARIANCE,82,BALANCED,,0x48801aa5,Sound decision met adverse tail variance. Do NOT penalize valid process.,,,,,,,,,,,,,,,,,,,SOUND_DECISION_PROCESS
trd_1790390831691_548,2ggAncsyaAGFaWT8HJj5YsB78QzbUaXStVi5xrfBpump,e/ass,0.00011028157059314962,4.628e-06,50.0,50.125,0.125,0.25,99354,STOP_LOSS,0,1790390831691,2.46,-95.8,0.1016,0.0,BAD_DECISION_GOOD_OUTCOME,DO_NOT_REINFORCE_LUCK,82,BALANCED,,0x758db41f,Flawed process produced lucky profit. Strictly avoid reinforcing bad habits.,,,,,,,,,,,,,,,,,,,SEVERE_ADVERSE_EXCURSION
trd_1790390835888_947,7XomEJBtb1EiF4Z8ZVzspCKFW2UuaRkaiq3AJJCFpump,e/cat,0.0004294696825396848,0.000416,50.0,47.79760245,-2.2023975500000006,-4.404795100000001,3332,EMERGENCY_UNWIND,1,1790390835888,0.0,-3.14,0.0,0.0,GOOD_DECISION_BAD_OUTCOME,NEUTRAL_VARIANCE,82,BALANCED,,0x062c20b1,Sound decision met adverse tail variance. Do NOT penalize valid process.,,,,,,,,,,,,,,,,,,,SOUND_DECISION_PROCESS
trd_1790390853498_254,BfmahFa45CrMJf45yzkmUgREr9CQubfcowtnuUncpump,e/pump,0.00043555138680033547,0.0004157,50.0,50.75,0.75,1.5,54881,TRAILING_TARGET,1,1790390853498,4.26,-4.56,0.3521,0.0,GOOD_DECISION_GOOD_OUTCOME,REINFORCE,82,BALANCED,,0x34d9cce8,Sound decision process produced profitable outcome. Reinforce policy weights.,,,,,,,,,,,,,,,,,,,SOUND_DECISION_PROCESS
trd_1790390853874_289,3pVv9iav75CfaVb2YFLtX1ijYDXSEPLmweWxUYp8q8nG,STEVEWILLDOIT,0.00017140269841269868,0.0001546,50.0,44.540463599999995,-5.459536400000004,-10.91907280000001,15508,EMERGENCY_UNWIND,0,1790390853874,0.0,-9.8,0.0,0.0,BAD_DECISION_BAD_OUTCOME,PENALIZE_POLICY,85,DEFENSIVE,,0x1c27d836,Flawed process caused loss. Penalize strategy parameters and raise adaptive HSI hurdle to 85.,,,,,,,,,,,,,,,,,,,CATASTROPHIC_STOP_LOSS_VIOLATION
trd_1790390910157_325,BfmahFa45CrMJf45yzkmUgREr9CQubfcowtnuUncpump,e/pump,0.00042136074352548073,0.0004247,50.0,50.75,0.75,1.5,55756,TRAILING_TARGET,1,1790390910157,6.18,-1.34,0.2427,0.2839,GOOD_DECISION_GOOD_OUTCOME,REINFORCE,82,BALANCED,,0x7975973e,Sound decision process produced profitable outcome. Reinforce policy weights.,,,,,,,,,,,,,,,,,,,SOUND_DECISION_PROCESS
trd_1790390974992_709,7XomEJBtb1EiF4Z8ZVzspCKFW2UuaRkaiq3AJJCFpump,e/cat,0.0004498803443458648,0.0004544,92.91,94.30364999999999,1.39365,1.5,120481,TRAILING_TARGET,1,1790390974992,4.14,-2.26,0.3623,0.5104,GOOD_DECISION_GOOD_OUTCOME,REINFORCE,82,BALANCED,,0x39a27993,Sound decision process produced profitable outcome. Reinforce policy weights.,,,,,,,,,,,,,,,,,,,SOUND_DECISION_PROCESS
trd_1790391039633_620,CbcyNo7m1amFWqEQm2m4PLv1UNvpcL3C1Ujm6AkzpKoU,e/acc,0.019582994026066183,0.01749,73.71,73.894275,0.184275,0.25,240465,TRAILING_TARGET,1,1790391039633,0.0,-8.49,1.0,0.0,GOOD_DECISION_GOOD_OUTCOME,REINFORCE,82,BALANCED,,0x3a0cdb87,Sound decision process produced profitable outcome. Reinforce policy weights.,,,,,,,,,,,,,,,,,,,SOUND_DECISION_PROCESS
trd_1790391040518_310,BfmahFa45CrMJf45yzkmUgREr9CQubfcowtnuUncpump,e/pump,0.0004304832999164596,0.0003356,50.0,50.75,0.75,1.5,128162,STOP_LOSS,0,1790391040518,5.58,-22.04,0.2688,0.0,BAD_DECISION_GOOD_OUTCOME,DO_NOT_REINFORCE_LUCK,82,BALANCED,,0x0a8c1ad6,Flawed process produced lucky profit. Strictly avoid reinforcing bad habits.,,,,,,,,,,,,,,,,,,,SEVERE_ADVERSE_EXCURSION
trd_1790391044750_827,7XomEJBtb1EiF4Z8ZVzspCKFW2UuaRkaiq3AJJCFpump,e/cat,0.0004440657727652466,0.0004296,50.0,47.7384198,-2.2615801999999974,-4.523160399999995,2401,EMERGENCY_UNWIND,1,1790391044750,0.0,-3.26,0.0,0.0,GOOD_DECISION_BAD_OUTCOME,NEUTRAL_VARIANCE,82,BALANCED,,0x6a348907,Sound decision met adverse tail variance. Do NOT penalize valid process.,,,,,,,,,,,,,,,,,,,SOUND_DECISION_PROCESS
trd_1790391078646_305,CbcyNo7m1amFWqEQm2m4PLv1UNvpcL3C1Ujm6AkzpKoU,e/acc,0.01772816791980428,0.01702,50.0,47.3785611,-2.621438900000001,-5.242877800000002,38221,EMERGENCY_UNWIND,1,1790391078646,0.46,-3.99,0.0,0.0,GOOD_DECISION_BAD_OUTCOME,NEUTRAL_VARIANCE,82,BALANCED,,0x32a18b3e,Sound decision met adverse tail variance. Do NOT penalize valid process.,,,,,,,,,,,,,,,,,,,SOUND_DECISION_PROCESS
trd_1790391079430_461,BfmahFa45CrMJf45yzkmUgREr9CQubfcowtnuUncpump,e/pump,0.0003188840267335007,0.0003019,50.0,46.72829505,-3.2717049500000006,-6.543409900000001,32944,EMERGENCY_UNWIND,1,1790391079430,0.0,-5.33,0.0,0.0,GOOD_DECISION_BAD_OUTCOME,NEUTRAL_VARIANCE,82,BALANCED,,0x253bd97f,Sound decision met adverse tail variance. Do NOT penalize valid process.,,,,,,,,,,,,,,,,,,,SOUND_DECISION_PROCESS
trd_1790391101002_671,CbcyNo7m1amFWqEQm2m4PLv1UNvpcL3C1Ujm6AkzpKoU,e/acc,0.017440878838168503,0.01689,100.0,94.56927315,-5.430726849999998,-5.430726849999999,20857,EMERGENCY_UNWIND,1,1790391101002,0.0,-3.16,0.0,0.0,GOOD_DECISION_BAD_OUTCOME,NEUTRAL_VARIANCE,82,BALANCED,,0x432e969d,Sound decision met adverse tail variance. Do NOT penalize valid process.,,,,,,,,,,,,,,,,,,,SOUND_DECISION_PROCESS
trd_1790391135802_269,GY9mZfyPpxXxBXBxS2hB2XjhP3kfUsywTvgveozxpump,ELON,0.004606890977443648,0.004594,50.0,50.125,0.125,0.25,159407,TRAILING_TARGET,1,1790391135802,0.0,-9.94,1.0,0.9718,GOOD_DECISION_GOOD_OUTCOME,REINFORCE,82,BALANCED,,0x134e6578,Sound decision process produced profitable outcome. Reinforce policy weights.,,,,,,,,,,,,,,,,,,,SOUND_DECISION_PROCESS
trd_1790391139909_624,BfmahFa45CrMJf45yzkmUgREr9CQubfcowtnuUncpump,e/pump,0.00024691719298245655,0.0002162,50.0,51.75,1.75,3.5,37304,STOP_LOSS,0,1790391139909,8.94,0.0,0.3915,0.0,BAD_DECISION_GOOD_OUTCOME,DO_NOT_REINFORCE_LUCK,82,BALANCED,,0x2c4867d4,Flawed process produced lucky profit. Strictly avoid reinforcing bad habits.,,,,,,,,,,,,,,,,,,,LUCKY_STOP_LOSS_REVERSAL
trd_1790391160913_838,GY9mZfyPpxXxBXBxS2hB2XjhP3kfUsywTvgveozxpump,ELON,0.004656558228905656,0.004432,50.0,46.97429925,-3.0257007499999986,-6.051401499999997,24526,EMERGENCY_UNWIND,1,1790391160913,0.52,-4.82,0.0,0.0,GOOD_DECISION_BAD_OUTCOME,NEUTRAL_VARIANCE,82,BALANCED,,0x00356e87,Sound decision met adverse tail variance. Do NOT penalize valid process.,,,,,,,,,,,,,,,,,,,SOUND_DECISION_PROCESS
trd_1790391161567_70,BfmahFa45CrMJf45yzkmUgREr9CQubfcowtnuUncpump,e/pump,0.00021914407685881407,0.0002061,50.0,46.4224089,-3.5775911,-7.155182199999999,19148,EMERGENCY_UNWIND,0,1790391161567,0.0,-5.95,0.0,0.0,BAD_DECISION_BAD_OUTCOME,PENALIZE_POLICY,85,DEFENSIVE,,0x7621e0a3,Flawed process caused loss. Penalize strategy parameters and raise adaptive HSI hurdle to 85.,,,,,,,,,,,,,,,,,,,EMERGENCY_UNWIND_SEVERE_CRASH
trd_1790391165491_664,7XomEJBtb1EiF4Z8ZVzspCKFW2UuaRkaiq3AJJCFpump,e/cat,0.0004103123141186315,0.0004191,50.0,50.75,0.75,1.5,83043,TRAILING_TARGET,1,1790391165491,4.38,-0.95,0.3425,0.5799,GOOD_DECISION_GOOD_OUTCOME,REINFORCE,82,BALANCED,,0x41ffbb2c,Sound decision process produced profitable outcome. Reinforce policy weights.,,,,,,,,,,,,,,,,,,,SOUND_DECISION_PROCESS
trd_1790391167266_116,GY9mZfyPpxXxBXBxS2hB2XjhP3kfUsywTvgveozxpump,ELON,0.004539626880534797,0.004421,98.0,93.2282178,-4.771782200000004,-4.869165510204086,5010,EMERGENCY_UNWIND,1,1790391167266,0.0,-2.61,0.0,0.0,GOOD_DECISION_BAD_OUTCOME,NEUTRAL_VARIANCE,82,BALANCED,,0x5a594fd5,Sound decision met adverse tail variance. Do NOT penalize valid process.,,,,,,,,,,,,,,,,,,,SOUND_DECISION_PROCESS
trd_1790391201157_498,3pVv9iav75CfaVb2YFLtX1ijYDXSEPLmweWxUYp8q8nG,STEVEWILLDOIT,0.00015173852130325838,0.0001393,50.0,45.3254004,-4.6745996000000005,-9.349199200000001,38681,EMERGENCY_UNWIND,0,1790391201157,0.44,-8.2,0.0,0.0,BAD_DECISION_BAD_OUTCOME,PENALIZE_POLICY,85,DEFENSIVE,,0x4aadc874,Flawed process caused loss. Penalize strategy parameters and raise adaptive HSI hurdle to 85.,,,,,,,,,,,,,,,,,,,EMERGENCY_UNWIND_SEVERE_CRASH
trd_1790391222045_134,GY9mZfyPpxXxBXBxS2hB2XjhP3kfUsywTvgveozxpump,ELON,0.004481202422723722,0.004623,50.0,51.75,1.75,3.5,53417,TRAILING_TARGET,1,1790391222045,7.87,-0.58,0.4447,0.4433,GOOD_DECISION_GOOD_OUTCOME,REINFORCE,82,BALANCED,,0x4ad941f3,Sound decision process produced profitable outcome. Reinforce policy weights.,,,,,,,,,,,,,,,,,,,SOUND_DECISION_PROCESS
trd_1790391222839_504,BfmahFa45CrMJf45yzkmUgREr9CQubfcowtnuUncpump,e/pump,0.00018762057644110294,0.0001558,50.0,43.0,-7.0,-14.0,20503,STOP_LOSS,0,1790391222839,0.0,-16.96,0.0,0.0,BAD_DECISION_BAD_OUTCOME,PENALIZE_POLICY,85,DEFENSIVE,,0x33eb95a5,Flawed process caused loss. Penalize strategy parameters and raise adaptive HSI hurdle to 85.,,,,,,,,,,,,,,,,,,,CATASTROPHIC_STOP_LOSS_VIOLATION
trd_1790391256498_159,3pVv9iav75CfaVb2YFLtX1ijYDXSEPLmweWxUYp8q8nG,STEVEWILLDOIT,0.00016005018379281545,0.000167,50.0,51.75,1.75,3.5,32087,TRAILING_TARGET,1,1790391256498,11.78,-1.34,0.2971,0.4333,GOOD_DECISION_GOOD_OUTCOME,REINFORCE,82,BALANCED,,0x23fb6ecb,Sound decision process produced profitable outcome. Reinforce policy weights.,,,,,,,,,,,,,,,,,,,SOUND_DECISION_PROCESS
trd_1790391257663_748,GY9mZfyPpxXxBXBxS2hB2XjhP3kfUsywTvgveozxpump,ELON,0.004685953132832089,0.004565,50.0,48.0686247,-1.9313752999999994,-3.8627505999999987,34197,EMERGENCY_UNWIND,1,1790391257663,0.0,-2.58,0.0,0.0,GOOD_DECISION_BAD_OUTCOME,NEUTRAL_VARIANCE,82,BALANCED,,0x7a56c6ea,Sound decision met adverse tail variance. Do NOT penalize valid process.,,,,,,,,,,,,,,,,,,,SOUND_DECISION_PROCESS
trd_1790391283711_599,GY9mZfyPpxXxBXBxS2hB2XjhP3kfUsywTvgveozxpump,ELON,0.0046271633249793664,0.004455,50.0,47.51229435,-2.4877056500000023,-4.975411300000005,25325,EMERGENCY_UNWIND,1,1790391283711,0.0,-3.72,0.0,0.0,GOOD_DECISION_BAD_OUTCOME,NEUTRAL_VARIANCE,82,BALANCED,,0x72ab303a,Sound decision met adverse tail variance. Do NOT penalize valid process.,,,,,,,,,,,,,,,,,,,SOUND_DECISION_PROCESS
trd_1790391343476_134,7XomEJBtb1EiF4Z8ZVzspCKFW2UuaRkaiq3AJJCFpump,e/cat,0.00042480704260651714,0.0004172,50.0,51.75,1.75,3.5,177009,TRAILING_TARGET,1,1790391343476,11.46,-1.79,0.3054,0.0,GOOD_DECISION_GOOD_OUTCOME,REINFORCE,82,BALANCED,,0x2e4391cd,Sound decision process produced profitable outcome. Reinforce policy weights.,,,,,,,,,,,,,,,,,,,SOUND_DECISION_PROCESS
trd_1790391343586_350,BfmahFa45CrMJf45yzkmUgREr9CQubfcowtnuUncpump,e/pump,0.00025076893901420234,0.0001778,50.0,50.75,0.75,1.5,86111,EMERGENCY_UNWIND,0,1790391343586,3.72,-29.1,0.4032,0.0,BAD_DECISION_GOOD_OUTCOME,DO_NOT_REINFORCE_LUCK,82,BALANCED,,0x0365aef9,Flawed process produced lucky profit. Strictly avoid reinforcing bad habits.,,,,,,,,,,,,,,,,,,,SEVERE_ADVERSE_EXCURSION
trd_1790391361605_309,7XomEJBtb1EiF4Z8ZVzspCKFW2UuaRkaiq3AJJCFpump,e/cat,0.00042654603911037437,0.0004149,89.53,85.22270145,-4.30729855,-4.81101144867642,17389,EMERGENCY_UNWIND,1,1790391361605,0.0,-2.73,0.0,0.0,GOOD_DECISION_BAD_OUTCOME,NEUTRAL_VARIANCE,82,BALANCED,,0x67add358,Sound decision met adverse tail variance. Do NOT penalize valid process.,,,,,,,,,,,,,,,,,,,SOUND_DECISION_PROCESS
trd_1790391403792_267,BfmahFa45CrMJf45yzkmUgREr9CQubfcowtnuUncpump,e/pump,0.00015954337510442783,0.0002403,25.000000000000078,37.24929195,12.249291949999922,48.99716779999954,41212,TRAILING_TARGET,1,1790391403792,50.62,-1.34,0.9679,1.0,GOOD_DECISION_GOOD_OUTCOME,REINFORCE,82,BALANCED,,0x3836fd54,Sound decision process produced profitable outcome. Reinforce policy weights.,,,,,,,,,,,,,,,,,,,SOUND_DECISION_PROCESS
trd_1790391404533_416,BfmahFa45CrMJf45yzkmUgREr9CQubfcowtnuUncpump,e/pump,0.00015954337510442783,0.0002403,24.999999999999915,37.24929195,12.249291950000083,48.997167800000504,41953,TRAILING_TARGET,1,1790391404533,50.62,-1.34,0.9679,1.0,GOOD_DECISION_GOOD_OUTCOME,REINFORCE,82,BALANCED,,0x637126a0,Sound decision process produced profitable outcome. Reinforce policy weights.,,,,,,,,,,,,,,,,,,,SOUND_DECISION_PROCESS
trd_1790391440249_246,AzMaYSmHBqoLPmRRg5AqBr2zsw1MiXmTNaYtkj3wtqNg,MAX,0.0005171475856307465,0.0004883,50.0,46.605140399999996,-3.3948596000000038,-6.7897192000000075,33603,EMERGENCY_UNWIND,1,1790391440249,0.0,-5.58,0.0,0.0,GOOD_DECISION_BAD_OUTCOME,NEUTRAL_VARIANCE,82,BALANCED,,0x51a35233,Sound decision met adverse tail variance. Do NOT penalize valid process.,,,,,,,,,,,,,,,,,,,SOUND_DECISION_PROCESS
trd_1790391443117_353,GY9mZfyPpxXxBXBxS2hB2XjhP3kfUsywTvgveozxpump,ELON,0.004515665413534025,0.004484,50.0,50.125,0.125,0.25,157767,TRAILING_TARGET,1,1790391443117,0.25,-8.3,1.0,0.8886,GOOD_DECISION_GOOD_OUTCOME,REINFORCE,82,BALANCED,,0x431981bf,Sound decision process produced profitable outcome. Reinforce policy weights.,,,,,,,,,,,,,,,,,,,SOUND_DECISION_PROCESS
trd_1790391448188_19,3pVv9iav75CfaVb2YFLtX1ijYDXSEPLmweWxUYp8q8nG,STEVEWILLDOIT,0.00021792773600668347,0.0001738,50.0,50.125,0.125,0.25,102766,EMERGENCY_UNWIND,0,1790391448188,1.5,-20.25,0.1667,0.0,BAD_DECISION_GOOD_OUTCOME,DO_NOT_REINFORCE_LUCK,82,BALANCED,,0x7dc84c0c,Flawed process produced lucky profit. Strictly avoid reinforcing bad habits.,,,,,,,,,,,,,,,,,,,SEVERE_ADVERSE_EXCURSION
trd_1790391452097_619,AzMaYSmHBqoLPmRRg5AqBr2zsw1MiXmTNaYtkj3wtqNg,MAX,0.0004949493650793695,0.0005544,25.0,27.760539150000003,2.760539150000003,11.042156600000013,9653,TRAILING_TARGET,1,1790391452097,12.01,-2.37,0.9194,1.0,GOOD_DECISION_GOOD_OUTCOME,REINFORCE,82,BALANCED,,0x18ac0dcf,Sound decision process produced profitable outcome. Reinforce policy weights.,,,,,,,,,,,,,,,,,,,SOUND_DECISION_PROCESS
trd_1790391452406_440,BfmahFa45CrMJf45yzkmUgREr9CQubfcowtnuUncpump,e/pump,0.00023333472013366762,0.0001818,50.0,43.0,-7.0,-14.0,2078,STOP_LOSS,0,1790391452406,0.0,-22.09,0.0,0.0,BAD_DECISION_BAD_OUTCOME,PENALIZE_POLICY,85,DEFENSIVE,,0x5749fad9,Flawed process caused loss. Penalize strategy parameters and raise adaptive HSI hurdle to 85.,,,,,,,,,,,,,,,,,,,CATASTROPHIC_STOP_LOSS_VIOLATION
trd_1790391465653_842,AzMaYSmHBqoLPmRRg5AqBr2zsw1MiXmTNaYtkj3wtqNg,MAX,0.0004949493650793695,0.0005125,25.0,26.5,1.5,6.0,23209,TRAILING_TARGET,1,1790391465653,12.01,-2.37,0.4996,0.4115,GOOD_DECISION_GOOD_OUTCOME,REINFORCE,82,BALANCED,,0x117562ba,Sound decision process produced profitable outcome. Reinforce policy weights.,,,,,,,,,,,,,,,,,,,SOUND_DECISION_PROCESS
trd_1790391466055_53,GY9mZfyPpxXxBXBxS2hB2XjhP3kfUsywTvgveozxpump,ELON,0.004545060317460538,0.004365,50.0,47.39463645,-2.6053635499999994,-5.2107271,21539,EMERGENCY_UNWIND,1,1790391466055,0.0,-3.96,0.0,0.0,GOOD_DECISION_BAD_OUTCOME,NEUTRAL_VARIANCE,82,BALANCED,,0x6fdc7bcb,Sound decision met adverse tail variance. Do NOT penalize valid process.,,,,,,,,,,,,,,,,,,,SOUND_DECISION_PROCESS
trd_1790391499526_283,zpTj1yA68UauZqdz5276qrpTV7ALkeoLp9LLa7Bpump,DDOS,0.0001570093316624898,0.0001383,50.0,50.125,0.125,0.25,33048,TRAILING_TARGET,1,1790391499526,0.0,-1.34,1.0,0.0,GOOD_DECISION_GOOD_OUTCOME,REINFORCE,82,BALANCED,,0x41fcc6d7,Sound decision process produced profitable outcome. Reinforce policy weights.,,,,,,,,,,,,,,,,,,,SOUND_DECISION_PROCESS
trd_1790391500265_665,3pVv9iav75CfaVb2YFLtX1ijYDXSEPLmweWxUYp8q8nG,STEVEWILLDOIT,0.00017839665831244795,0.0002043,24.99999999999991,28.3783473,3.3783473000000903,13.51338920000041,45922,TRAILING_TARGET,1,1790391500265,14.52,-1.96,0.9307,1.0,GOOD_DECISION_GOOD_OUTCOME,REINFORCE,82,BALANCED,,0x72ffa1f9,Sound decision process produced profitable outcome. Reinforce policy weights.,,,,,,,,,,,,,,,,,,,SOUND_DECISION_PROCESS
trd_1790391500943_941,GY9mZfyPpxXxBXBxS2hB2XjhP3kfUsywTvgveozxpump,ELON,0.004433218338480463,0.004239,59.05,55.62566535,-3.424334649999999,-5.799042591024554,34289,EMERGENCY_UNWIND,1,1790391500943,0.0,-4.38,0.0,0.0,GOOD_DECISION_BAD_OUTCOME,NEUTRAL_VARIANCE,82,BALANCED,,0x166a56b7,Sound decision met adverse tail variance. Do NOT penalize valid process.,,,,,,,,,,,,,,,,,,,SOUND_DECISION_PROCESS
trd_1790391525978_809,3pVv9iav75CfaVb2YFLtX1ijYDXSEPLmweWxUYp8q8nG,STEVEWILLDOIT,0.00017839665831244795,0.0001861,25.00000000000009,26.500000000000092,1.5000000000000053,6.0,71635,TRAILING_TARGET,1,1790391525978,14.52,-1.96,0.4132,0.381,GOOD_DECISION_GOOD_OUTCOME,REINFORCE,82,BALANCED,,0x783aaa9c,Sound decision process produced profitable outcome. Reinforce policy weights.,,,,,,,,,,,,,,,,,,,SOUND_DECISION_PROCESS
trd_1790391540248_676,BfmahFa45CrMJf45yzkmUgREr9CQubfcowtnuUncpump,e/pump,0.000143933667502089,0.0001373,50.0,47.07860325,-2.9213967499999995,-5.842793499999999,39783,EMERGENCY_UNWIND,1,1790391540248,0.0,-4.61,0.0,0.0,GOOD_DECISION_BAD_OUTCOME,NEUTRAL_VARIANCE,82,BALANCED,,0x5986cf7a,Sound decision met adverse tail variance. Do NOT penalize valid process.,,,,,,,,,,,,,,,,,,,SOUND_DECISION_PROCESS
trd_1790391540685_948,AzMaYSmHBqoLPmRRg5AqBr2zsw1MiXmTNaYtkj3wtqNg,MAX,0.0006684806599832993,0.0006244,50.0,46.1088237,-3.891176299999998,-7.782352599999996,12322,EMERGENCY_UNWIND,0,1790391540685,0.0,-6.59,0.0,0.0,BAD_DECISION_BAD_OUTCOME,PENALIZE_POLICY,85,DEFENSIVE,,0x7f37e62f,Flawed process caused loss. Penalize strategy parameters and raise adaptive HSI hurdle to 85.,,,,,,,,,,,,,,,,,,,EMERGENCY_UNWIND_SEVERE_CRASH
trd_1790391544361_994,GY9mZfyPpxXxBXBxS2hB2XjhP3kfUsywTvgveozxpump,ELON,0.004296724060150381,0.004164,50.0,47.820740099999995,-2.1792599000000052,-4.3585198000000105,42031,EMERGENCY_UNWIND,1,1790391544361,0.0,-3.09,0.0,0.0,GOOD_DECISION_BAD_OUTCOME,NEUTRAL_VARIANCE,82,BALANCED,,0x00413220,Sound decision met adverse tail variance. Do NOT penalize valid process.,,,,,,,,,,,,,,,,,,,SOUND_DECISION_PROCESS
trd_1790391548331_156,AzMaYSmHBqoLPmRRg5AqBr2zsw1MiXmTNaYtkj3wtqNg,MAX,0.0006389260687251478,0.0007214,46.705,51.994169250000006,5.289169250000007,11.324631731078059,7181,TRAILING_TARGET,1,1790391548331,12.91,-2.27,0.8772,1.0,GOOD_DECISION_GOOD_OUTCOME,REINFORCE,82,BALANCED,,0x31214d6f,Sound decision process produced profitable outcome. Reinforce policy weights.,,,,,,,,,,,,,,,,,,,SOUND_DECISION_PROCESS
trd_1790391578247_133,AzMaYSmHBqoLPmRRg5AqBr2zsw1MiXmTNaYtkj3wtqNg,MAX,0.0006389260687251478,0.00069,46.705,49.7560695,3.0510695000000037,6.532639974306828,37097,TRAILING_TARGET,1,1790391578247,12.91,-2.27,0.506,0.6763,GOOD_DECISION_GOOD_OUTCOME,REINFORCE,82,BALANCED,,0x4eb5552d,Sound decision process produced profitable outcome. Reinforce policy weights.,,,,,,,,,,,,,,,,,,,SOUND_DECISION_PROCESS
trd_1790391578604_726,BfmahFa45CrMJf45yzkmUgREr9CQubfcowtnuUncpump,e/pump,0.0001391696658312451,0.0001109,50.0,51.75,1.75,3.5,35968,EMERGENCY_UNWIND,0,1790391578604,7.71,-20.31,0.454,0.0,BAD_DECISION_GOOD_OUTCOME,DO_NOT_REINFORCE_LUCK,82,BALANCED,,0x2ef106f7,Flawed process produced lucky profit. Strictly avoid reinforcing bad habits.,,,,,,,,,,,,,,,,,,,SEVERE_ADVERSE_EXCURSION
trd_1790391579053_69,GY9mZfyPpxXxBXBxS2hB2XjhP3kfUsywTvgveozxpump,ELON,0.004220702756892308,0.004017,50.0,46.97241015,-3.0275898499999983,-6.0551796999999965,32537,EMERGENCY_UNWIND,1,1790391579053,0.0,-4.83,0.0,0.0,GOOD_DECISION_BAD_OUTCOME,NEUTRAL_VARIANCE,82,BALANCED,,0x617a68ce,Sound decision met adverse tail variance. Do NOT penalize valid process.,,,,,,,,,,,,,,,,,,,SOUND_DECISION_PROCESS
trd_1790391582730_194,GY9mZfyPpxXxBXBxS2hB2XjhP3kfUsywTvgveozxpump,ELON,0.00411633432978393,0.003927,100.0,93.19119045000001,-6.808809549999991,-6.808809549999991,3215,EMERGENCY_UNWIND,1,1790391582730,0.0,-4.6,0.0,0.0,GOOD_DECISION_BAD_OUTCOME,NEUTRAL_VARIANCE,82,BALANCED,,0x060d75fe,Sound decision met adverse tail variance. Do NOT penalize valid process.,,,,,,,,,,,,,,,,,,,SOUND_DECISION_PROCESS
trd_1790391583463_792,3pVv9iav75CfaVb2YFLtX1ijYDXSEPLmweWxUYp8q8nG,STEVEWILLDOIT,0.00018856624140899938,0.0001803,28.84,27.339674849999998,-1.5003251500000019,-5.202236997226081,3096,EMERGENCY_UNWIND,1,1790391583463,0.0,-4.38,0.0,0.0,GOOD_DECISION_BAD_OUTCOME,NEUTRAL_VARIANCE,82,BALANCED,,0x17d49b4c,Sound decision met adverse tail variance. Do NOT penalize valid process.,,,,,,,,,,,,,,,,,,,SOUND_DECISION_PROCESS
trd_1790391600057_1,BfmahFa45CrMJf45yzkmUgREr9CQubfcowtnuUncpump,e/pump,0.000142067790300752,0.0001821,91.35,113.84328195,22.49328195000001,24.62318768472908,16051,TRAILING_TARGET,1,1790391600057,28.18,-2.23,0.8738,1.0,GOOD_DECISION_GOOD_OUTCOME,REINFORCE,82,BALANCED,,0x56c272e7,Sound decision process produced profitable outcome. Reinforce policy weights.,,,,,,,,,,,,,,,,,,,SOUND_DECISION_PROCESS
trd_1790391604582_186,AzMaYSmHBqoLPmRRg5AqBr2zsw1MiXmTNaYtkj3wtqNg,MAX,0.0006993959899749406,0.0006979,50.0,50.75,0.75,1.5,24015,TRAILING_TARGET,1,1790391604582,4.68,-0.21,0.3205,0.0,GOOD_DECISION_GOOD_OUTCOME,REINFORCE,82,BALANCED,,0x6deef0b6,Sound decision process produced profitable outcome. Reinforce policy weights.,,,,,,,,,,,,,,,,,,,SOUND_DECISION_PROCESS
trd_1790391610510_676,3pVv9iav75CfaVb2YFLtX1ijYDXSEPLmweWxUYp8q8nG,STEVEWILLDOIT,0.00017728167919799505,0.0001691,50.0,47.07555735,-2.924442650000003,-5.848885300000006,4056,EMERGENCY_UNWIND,1,1790391610510,0.0,-4.62,0.0,0.0,GOOD_DECISION_BAD_OUTCOME,NEUTRAL_VARIANCE,82,BALANCED,,0x6cfd8b2a,Sound decision met adverse tail variance. Do NOT penalize valid process.,,,,,,,,,,,,,,,,,,,SOUND_DECISION_PROCESS
trd_1790391644636_699,BfmahFa45CrMJf45yzkmUgREr9CQubfcowtnuUncpump,e/pump,0.00019491862155388497,0.0002347,50.0,59.26321185,9.263211849999998,18.526423699999995,33223,TRAILING_TARGET,1,1790391644636,20.41,-1.34,0.9077,1.0,GOOD_DECISION_GOOD_OUTCOME,REINFORCE,82,BALANCED,,0x49432c4b,Sound decision process produced profitable outcome. Reinforce policy weights.,,,,,,,,,,,,,,,,,,,SOUND_DECISION_PROCESS
trd_1790391661428_347,BfmahFa45CrMJf45yzkmUgREr9CQubfcowtnuUncpump,e/pump,0.00023789599832915723,0.0001852,50.0,43.0,-7.0,-14.0,15665,STOP_LOSS,0,1790391661428,0.0,-1.34,0.0,0.0,BAD_DECISION_BAD_OUTCOME,PENALIZE_POLICY,85,DEFENSIVE,,0x13c8b744,Flawed process caused loss. Penalize strategy parameters and raise adaptive HSI hurdle to 85.,,,,,,,,,,,,,,,,,,,CATASTROPHIC_STOP_LOSS_VIOLATION
trd_1790391691912_863,BfmahFa45CrMJf45yzkmUgREr9CQubfcowtnuUncpump,e/pump,0.00018772193817878058,0.0001333,50.0,43.0,-7.0,-14.0,29409,STOP_LOSS,0,1790391691912,0.0,-1.34,0.0,0.0,BAD_DECISION_BAD_OUTCOME,PENALIZE_POLICY,85,DEFENSIVE,,0x3bf29501,Flawed process caused loss. Penalize strategy parameters and raise adaptive HSI hurdle to 85.,,,,,,,,,,,,,,,,,,,CATASTROPHIC_STOP_LOSS_VIOLATION
trd_1790391709163_628,BfmahFa45CrMJf45yzkmUgREr9CQubfcowtnuUncpump,e/pump,0.0001351151963241439,0.0001043,50.0,43.0,-7.0,-14.0,14712,EMERGENCY_UNWIND,0,1790391709163,0.0,-22.81,0.0,0.0,BAD_DECISION_BAD_OUTCOME,PENALIZE_POLICY,85,DEFENSIVE,,0x7f2a5f60,Flawed process caused loss. Penalize strategy parameters and raise adaptive HSI hurdle to 85.,,,,,,,,,,,,,,,,,,,CATASTROPHIC_STOP_LOSS_VIOLATION
trd_1790391723925_890,CbcyNo7m1amFWqEQm2m4PLv1UNvpcL3C1Ujm6AkzpKoU,e/acc,0.01741394653300047,0.0171,50.0,50.125,0.125,0.25,121225,TRAILING_TARGET,1,1790391723925,1.53,-2.49,0.1634,0.1714,GOOD_DECISION_GOOD_OUTCOME,REINFORCE,82,BALANCED,,0x0eb51719,Sound decision process produced profitable outcome. Reinforce policy weights.,,,,,,,,,,,,,,,,,,,SOUND_DECISION_PROCESS
trd_1790391726486_630,GY9mZfyPpxXxBXBxS2hB2XjhP3kfUsywTvgveozxpump,ELON,0.003980475438596665,0.003998,50.0,50.125,0.125,0.25,141939,TRAILING_TARGET,1,1790391726486,0.59,-4.51,0.4237,0.9704,GOOD_DECISION_GOOD_OUTCOME,REINFORCE,82,BALANCED,,0x6e5c9c12,Sound decision process produced profitable outcome. Reinforce policy weights.,,,,,,,,,,,,,,,,,,,SOUND_DECISION_PROCESS
trd_1790391727040_699,3pVv9iav75CfaVb2YFLtX1ijYDXSEPLmweWxUYp8q8nG,STEVEWILLDOIT,0.00015923928989139543,0.0001502,50.0,46.557106649999994,-3.4428933500000056,-6.885786700000011,16446,EMERGENCY_UNWIND,1,1790391727040,0.0,-5.68,0.0,0.0,GOOD_DECISION_BAD_OUTCOME,NEUTRAL_VARIANCE,82,BALANCED,,0x4eac1831,Sound decision met adverse tail variance. Do NOT penalize valid process.,,,,,,,,,,,,,,,,,,,SOUND_DECISION_PROCESS
trd_1790391760812_808,9y55XTAtoXxQDiXGCNS6NjoDN9YPxz3SUjVu1Qwtpump,Pinto,0.00017464627401837958,0.0002117,50.0,59.655243,9.655242999999999,19.310485999999997,34150,TRAILING_TARGET,1,1790391760812,21.22,-1.34,0.91,1.0,GOOD_DECISION_GOOD_OUTCOME,REINFORCE,82,BALANCED,,0x5baeb178,Sound decision process produced profitable outcome. Reinforce policy weights.,,,,,,,,,,,,,,,,,,,SOUND_DECISION_PROCESS
trd_1790391765299_12,3pVv9iav75CfaVb2YFLtX1ijYDXSEPLmweWxUYp8q8nG,STEVEWILLDOIT,0.00018397155388471238,0.0001652,50.0,44.344662,-5.655338,-11.310676,2934,EMERGENCY_UNWIND,0,1790391765299,0.0,-10.2,0.0,0.0,BAD_DECISION_BAD_OUTCOME,PENALIZE_POLICY,85,DEFENSIVE,,0x32830f0e,Flawed process caused loss. Penalize strategy parameters and raise adaptive HSI hurdle to 85.,,,,,,,,,,,,,,,,,,,CATASTROPHIC_STOP_LOSS_VIOLATION
trd_1790391800580_849,9y55XTAtoXxQDiXGCNS6NjoDN9YPxz3SUjVu1Qwtpump,Pinto,0.00022127267335004207,0.0001474,50.0,43.0,-7.0,-14.0,34176,STOP_LOSS,0,1790391800580,0.0,-1.34,0.0,0.0,BAD_DECISION_BAD_OUTCOME,PENALIZE_POLICY,85,DEFENSIVE,,0x0fdd267f,Flawed process caused loss. Penalize strategy parameters and raise adaptive HSI hurdle to 85.,,,,,,,,,,,,,,,,,,,CATASTROPHIC_STOP_LOSS_VIOLATION
trd_1790391830371_572,GY9mZfyPpxXxBXBxS2hB2XjhP3kfUsywTvgveozxpump,ELON,0.004092049125680901,0.004334,94.58,97.8903,3.3103,3.5,102618,TRAILING_TARGET,1,1790391830371,8.55,-2.3,0.4094,0.7568,GOOD_DECISION_GOOD_OUTCOME,REINFORCE,82,BALANCED,,0x0603c23b,Sound decision process produced profitable outcome. Reinforce policy weights.,,,,,,,,,,,,,,,,,,,SOUND_DECISION_PROCESS
trd_1790391849521_653,So11111111111111111111111111111111111111112,SOL,123.16464753294179,121.42,50.0,50.125,0.125,0.25,121009,OPERATOR_CLOSE,1,1790391849521,0.0,-1.42,1.0,0.0,GOOD_DECISION_GOOD_OUTCOME,REINFORCE,82,BALANCED,,0x5b6833af,Sound decision process produced profitable outcome. Reinforce policy weights.,,,,,,,,,,,,,,,,,,,SOUND_DECISION_PROCESS
trd_1790391851877_500,9y55XTAtoXxQDiXGCNS6NjoDN9YPxz3SUjVu1Qwtpump,Pinto,0.00011646463659147885,0.000116,50.0,51.75,1.75,3.5,20431,TRAILING_TARGET,1,1790391851877,9.3,-1.34,0.3763,0.0887,GOOD_DECISION_GOOD_OUTCOME,REINFORCE,82,BALANCED,,0x483a0d99,Sound decision process produced profitable outcome. Reinforce policy weights.,,,,,,,,,,,,,,,,,,,SOUND_DECISION_PROCESS
trd_1790391857405_569,9y55XTAtoXxQDiXGCNS6NjoDN9YPxz3SUjVu1Qwtpump,Pinto,0.00011757961570593153,0.000134,25.0,28.2417417,3.241741699999998,12.966966799999993,3069,TRAILING_TARGET,1,1790391857405,13.97,-1.34,0.9282,1.0,GOOD_DECISION_GOOD_OUTCOME,REINFORCE,82,BALANCED,,0x61367fb5,Sound decision process produced profitable outcome. Reinforce policy weights.,,,,,,,,,,,,,,,,,,,SOUND_DECISION_PROCESS
trd_1790391887379_721,3pVv9iav75CfaVb2YFLtX1ijYDXSEPLmweWxUYp8q8nG,STEVEWILLDOIT,0.00018437700083542225,0.0001961,50.0,52.4281119,2.4281118999999975,4.856223799999995,84706,TRAILING_TARGET,1,1790391887379,11.89,-1.34,0.4084,0.582,GOOD_DECISION_GOOD_OUTCOME,REINFORCE,82,BALANCED,,0x3e739dc9,Sound decision process produced profitable outcome. Reinforce policy weights.,,,,,,,,,,,,,,,,,,,SOUND_DECISION_PROCESS
trd_1790391887705_441,9y55XTAtoXxQDiXGCNS6NjoDN9YPxz3SUjVu1Qwtpump,Pinto,0.00011757961570593153,8.792e-05,25.0,26.5,1.5,6.0,33369,EMERGENCY_UNWIND,0,1790391887705,13.97,-25.23,0.4295,0.0,BAD_DECISION_GOOD_OUTCOME,DO_NOT_REINFORCE_LUCK,82,BALANCED,,0x57366b50,Flawed process produced lucky profit. Strictly avoid reinforcing bad habits.,,,,,,,,,,,,,,,,,,,SEVERE_ADVERSE_EXCURSION
trd_1790391891638_580,3pVv9iav75CfaVb2YFLtX1ijYDXSEPLmweWxUYp8q8nG,STEVEWILLDOIT,0.00020094925617889336,0.00019,100.0,92.37870314999999,-7.621296850000008,-7.621296850000007,3405,EMERGENCY_UNWIND,0,1790391891638,0.0,-5.45,0.0,0.0,BAD_DECISION_BAD_OUTCOME,PENALIZE_POLICY,85,DEFENSIVE,,0x06d27b20,Flawed process caused loss. Penalize strategy parameters and raise adaptive HSI hurdle to 85.,,,,,,,,,,,,,,,,,,,EMERGENCY_UNWIND_SEVERE_CRASH
trd_1790391897768_789,9y55XTAtoXxQDiXGCNS6NjoDN9YPxz3SUjVu1Qwtpump,Pinto,8.911723976608191e-05,8.423e-05,50.0,46.65113205,-3.3488679499999985,-6.697735899999997,8220,EMERGENCY_UNWIND,1,1790391897768,0.08,-5.48,0.0,0.0,GOOD_DECISION_BAD_OUTCOME,NEUTRAL_VARIANCE,82,BALANCED,,0x636339b4,Sound decision met adverse tail variance. Do NOT penalize valid process.,,,,,,,,,,,,,,,,,,,SOUND_DECISION_PROCESS
trd_1790391898347_260,CAELXnujtLuKSQPkxzQ3Siv8ShvT8sduZvBUNJ8WJ85C,PSI,8.837729908103592e-05,8.19e-05,50.0,45.749693549999996,-4.250306450000004,-8.500612900000007,6052,EMERGENCY_UNWIND,0,1790391898347,0.0,-7.33,0.0,0.0,BAD_DECISION_BAD_OUTCOME,PENALIZE_POLICY,85,DEFENSIVE,,0x45b8b2d0,Flawed process caused loss. Penalize strategy parameters and raise adaptive HSI hurdle to 85.,,,,,,,,,,,,,,,,,,,EMERGENCY_UNWIND_SEVERE_CRASH
trd_1790391930758_915,12bp3ZPxZamqDsfVMNT21Qta8Wo8vYzXXgt3CtNZpump,AUTISM,0.00010480803675856313,8.002e-05,50.0,43.0,-7.0,-14.0,32287,STOP_LOSS,0,1790391930758,0.0,-1.34,0.0,0.0,BAD_DECISION_BAD_OUTCOME,PENALIZE_POLICY,85,DEFENSIVE,,0x4ee52e6c,Flawed process caused loss. Penalize strategy parameters and raise adaptive HSI hurdle to 85.,,,,,,,,,,,,,,,,,,,CATASTROPHIC_STOP_LOSS_VIOLATION
trd_1790391935919_677,3pVv9iav75CfaVb2YFLtX1ijYDXSEPLmweWxUYp8q8nG,STEVEWILLDOIT,0.00019137096073517174,0.000182,50.0,46.937989949999995,-3.0620100500000045,-6.12402010000001,4298,EMERGENCY_UNWIND,1,1790391935919,0.0,-4.9,0.0,0.0,GOOD_DECISION_BAD_OUTCOME,NEUTRAL_VARIANCE,82,BALANCED,,0x26d63393,Sound decision met adverse tail variance. Do NOT penalize valid process.,,,,,,,,,,,,,,,,,,,SOUND_DECISION_PROCESS
trd_1790391952278_455,9y55XTAtoXxQDiXGCNS6NjoDN9YPxz3SUjVu1Qwtpump,Pinto,8.544381411244792e-05,6.792e-05,53.57,54.37355,0.80355,1.5,53294,STOP_LOSS,0,1790391952278,6.78,-1.42,0.2212,0.0,BAD_DECISION_GOOD_OUTCOME,DO_NOT_REINFORCE_LUCK,82,BALANCED,,0x3f206c73,Flawed process produced lucky profit. Strictly avoid reinforcing bad habits.,,,,,,,,,,,,,,,,,,,LUCKY_STOP_LOSS_REVERSAL
trd_1790391971311_257,So11111111111111111111111111111111111111112,SOL,123.07342218715866,121.53,50.0,50.125,0.125,0.25,120980,TRAILING_TARGET,1,1790391971311,0.0,-1.34,1.0,0.0665,GOOD_DECISION_GOOD_OUTCOME,REINFORCE,82,BALANCED,,0x3a1ad3e1,Sound decision process produced profitable outcome. Reinforce policy weights.,,,,,,,,,,,,,,,,,,,SOUND_DECISION_PROCESS
trd_1790391974525_12,CAELXnujtLuKSQPkxzQ3Siv8ShvT8sduZvBUNJ8WJ85C,PSI,7.995413868003344e-05,9.432e-05,50.0,58.0770117,8.0770117,16.1540234,36958,TRAILING_TARGET,1,1790391974525,3.88,-1.34,1.0,1.0,GOOD_DECISION_GOOD_OUTCOME,REINFORCE,82,BALANCED,,0x6bfac364,Sound decision process produced profitable outcome. Reinforce policy weights.,,,,,,,,,,,,,,,,,,,SOUND_DECISION_PROCESS
trd_1790391979189_840,9y55XTAtoXxQDiXGCNS6NjoDN9YPxz3SUjVu1Qwtpump,Pinto,6.884489223057644e-05,5.835e-05,50.0,43.0,-7.0,-14.0,25669,STOP_LOSS,0,1790391979189,0.0,-2.23,0.0,0.0,BAD_DECISION_BAD_OUTCOME,PENALIZE_POLICY,85,DEFENSIVE,,0x6c18102d,Flawed process caused loss. Penalize strategy parameters and raise adaptive HSI hurdle to 85.,,,,,,,,,,,,,,,,,,,CATASTROPHIC_STOP_LOSS_VIOLATION
trd_1790391980012_599,3pVv9iav75CfaVb2YFLtX1ijYDXSEPLmweWxUYp8q8nG,STEVEWILLDOIT,0.00018245112781954892,0.0001741,50.0,47.09406015,-2.9059398500000033,-5.811879700000006,7254,EMERGENCY_UNWIND,1,1790391980012,0.0,-4.58,0.0,0.0,GOOD_DECISION_BAD_OUTCOME,NEUTRAL_VARIANCE,82,BALANCED,,0x61c6ca90,Sound decision met adverse tail variance. Do NOT penalize valid process.,,,,,,,,,,,,,,,,,,,SOUND_DECISION_PROCESS
trd_1790392014032_330,9y55XTAtoXxQDiXGCNS6NjoDN9YPxz3SUjVu1Qwtpump,Pinto,5.914457393483711e-05,5.25e-05,50.0,50.125,0.125,0.25,33740,TRAILING_TARGET,1,1790392014032,0.0,-11.23,1.0,0.0,GOOD_DECISION_GOOD_OUTCOME,REINFORCE,82,BALANCED,,0x58585f77,Sound decision process produced profitable outcome. Reinforce policy weights.,,,,,,,,,,,,,,,,,,,SOUND_DECISION_PROCESS
trd_1790392048673_416,G5Gg3ySGiEcPtvr3q74pPb6UzXXCZc6cvnQi1b4Bpump,PAIDDOG,0.00013126345029239778,0.0001344,50.0,50.75,0.75,1.5,73278,TRAILING_TARGET,1,1790392048673,5.28,-1.8,0.2841,0.5914,GOOD_DECISION_GOOD_OUTCOME,REINFORCE,82,BALANCED,,0x61cf98e6,Sound decision process produced profitable outcome. Reinforce policy weights.,,,,,,,,,,,,,,,,,,,SOUND_DECISION_PROCESS
trd_1790392074223_890,9y55XTAtoXxQDiXGCNS6NjoDN9YPxz3SUjVu1Qwtpump,Pinto,5.321491228070179e-05,6.448e-05,25.0,30.0149859,5.014985899999999,20.059943599999997,57554,TRAILING_TARGET,1,1790392074223,21.17,-6.19,0.9476,1.0,GOOD_DECISION_GOOD_OUTCOME,REINFORCE,82,BALANCED,,0x5d99e45e,Sound decision process produced profitable outcome. Reinforce policy weights.,,,,,,,,,,,,,,,,,,,SOUND_DECISION_PROCESS
trd_1790392074355_717,3pVv9iav75CfaVb2YFLtX1ijYDXSEPLmweWxUYp8q8nG,STEVEWILLDOIT,0.0001763543311824738,0.0001727,46.99,48.63465,1.64465,3.5,93846,TRAILING_TARGET,1,1790392074355,8.3,-2.07,0.4217,0.0,GOOD_DECISION_GOOD_OUTCOME,REINFORCE,82,BALANCED,,0x15699eb8,Sound decision process produced profitable outcome. Reinforce policy weights.,,,,,,,,,,,,,,,,,,,SOUND_DECISION_PROCESS
trd_1790392075189_746,9y55XTAtoXxQDiXGCNS6NjoDN9YPxz3SUjVu1Qwtpump,Pinto,5.321491228070179e-05,6.448e-05,25.0,30.0149859,5.014985899999999,20.059943599999997,58520,TRAILING_TARGET,1,1790392075189,21.17,-6.19,0.9476,1.0,GOOD_DECISION_GOOD_OUTCOME,REINFORCE,82,BALANCED,,0x5d9a55bc,Sound decision process produced profitable outcome. Reinforce policy weights.,,,,,,,,,,,,,,,,,,,SOUND_DECISION_PROCESS
trd_1790392084224_381,GY9mZfyPpxXxBXBxS2hB2XjhP3kfUsywTvgveozxpump,ELON,0.004672859138514817,0.004534,92.02,87.33383235,-4.6861676500000025,-5.092553412301676,7775,EMERGENCY_UNWIND,1,1790392084224,0.0,-2.97,0.0,0.0,GOOD_DECISION_BAD_OUTCOME,NEUTRAL_VARIANCE,82,BALANCED,,0x67123ac0,Sound decision met adverse tail variance. Do NOT penalize valid process.,,,,,,,,,,,,,,,,,,,SOUND_DECISION_PROCESS
trd_1790392091650_694,9y55XTAtoXxQDiXGCNS6NjoDN9YPxz3SUjVu1Qwtpump,Pinto,6.623989557226408e-05,5.957e-05,50.0,50.125,0.125,0.25,5148,TRAILING_TARGET,1,1790392091650,0.0,-1.34,1.0,0.0,GOOD_DECISION_GOOD_OUTCOME,REINFORCE,82,BALANCED,,0x57967a50,Sound decision process produced profitable outcome. Reinforce policy weights.,,,,,,,,,,,,,,,,,,,SOUND_DECISION_PROCESS
trd_1790392092505_251,3pVv9iav75CfaVb2YFLtX1ijYDXSEPLmweWxUYp8q8nG,STEVEWILLDOIT,0.00017505172096909,0.0001625,50.0,45.82731630000001,-4.172683699999993,-8.345367399999986,13970,EMERGENCY_UNWIND,0,1790392092505,0.0,-7.17,0.0,0.0,BAD_DECISION_BAD_OUTCOME,PENALIZE_POLICY,85,DEFENSIVE,,0x0275b1d0,Flawed process caused loss. Penalize strategy parameters and raise adaptive HSI hurdle to 85.,,,,,,,,,,,,,,,,,,,EMERGENCY_UNWIND_SEVERE_CRASH
trd_1790392109156_395,G5Gg3ySGiEcPtvr3q74pPb6UzXXCZc6cvnQi1b4Bpump,PAIDDOG,0.0001362301754385967,0.0001336,50.0,51.75,1.75,3.5,58819,TRAILING_TARGET,1,1790392109156,7.91,-1.34,0.4425,0.0,GOOD_DECISION_GOOD_OUTCOME,REINFORCE,82,BALANCED,,0x3f27b603,Sound decision process produced profitable outcome. Reinforce policy weights.,,,,,,,,,,,,,,,,,,,SOUND_DECISION_PROCESS
trd_1790392110391_127,GY9mZfyPpxXxBXBxS2hB2XjhP3kfUsywTvgveozxpump,ELON,0.004605877360067033,0.004442,50.0,47.59173735,-2.4082626499999975,-4.816525299999995,4075,EMERGENCY_UNWIND,1,1790392110391,0.0,-3.56,0.0,0.0,GOOD_DECISION_BAD_OUTCOME,NEUTRAL_VARIANCE,82,BALANCED,,0x26806f8b,Sound decision met adverse tail variance. Do NOT penalize valid process.,,,,,,,,,,,,,,,,,,,SOUND_DECISION_PROCESS
trd_1790392165202_505,3pVv9iav75CfaVb2YFLtX1ijYDXSEPLmweWxUYp8q8nG,STEVEWILLDOIT,0.0001651182706766918,0.0001619,50.0,50.75,0.75,1.5,54532,TRAILING_TARGET,1,1790392165202,5.92,-1.34,0.2534,0.0,GOOD_DECISION_GOOD_OUTCOME,REINFORCE,82,BALANCED,,0x4f9e57ce,Sound decision process produced profitable outcome. Reinforce policy weights.,,,,,,,,,,,,,,,,,,,SOUND_DECISION_PROCESS
trd_1790392213514_552,So11111111111111111111111111111111111111112,SOL,122.9923325079408,121.44,50.0,50.125,0.125,0.25,121024,TRAILING_TARGET,1,1790392213514,0.0,-1.34,1.0,0.0605,GOOD_DECISION_GOOD_OUTCOME,REINFORCE,82,BALANCED,,0x1770130c,Sound decision process produced profitable outcome. Reinforce policy weights.,,,,,,,,,,,,,,,,,,,SOUND_DECISION_PROCESS
trd_1790392248292_842,3pVv9iav75CfaVb2YFLtX1ijYDXSEPLmweWxUYp8q8nG,STEVEWILLDOIT,0.0001832620217209694,0.000234,50.0,62.79474435,12.79474435,25.5894887,33942,TRAILING_TARGET,1,1790392248292,1.38,-1.34,1.0,1.0,GOOD_DECISION_GOOD_OUTCOME,REINFORCE,82,BALANCED,,0x229ec78d,Sound decision process produced profitable outcome. Reinforce policy weights.,,,,,,,,,,,,,,,,,,,SOUND_DECISION_PROCESS
trd_1790392286884_200,3pVv9iav75CfaVb2YFLtX1ijYDXSEPLmweWxUYp8q8nG,STEVEWILLDOIT,0.00023718646616541388,0.0002109,50.0,43.914764549999994,-6.085235450000006,-12.170470900000012,36559,EMERGENCY_UNWIND,0,1790392286884,0.0,-11.08,0.0,0.0,BAD_DECISION_BAD_OUTCOME,PENALIZE_POLICY,85,DEFENSIVE,,0x6e6c3fe0,Flawed process caused loss. Penalize strategy parameters and raise adaptive HSI hurdle to 85.,,,,,,,,,,,,,,,,,,,CATASTROPHIC_STOP_LOSS_VIOLATION
trd_1790392287607_230,98kfF7rmsg1QDUEoCqNE7g7M1FdrTt92TEp2CLzypump,PAID,0.040007477861346966,0.04074,50.0,50.22138090000001,0.22138090000000687,0.44276180000001375,120960,TRAILING_TARGET,1,1790392287607,2.16,-1.94,0.205,0.9207,GOOD_DECISION_GOOD_OUTCOME,REINFORCE,82,BALANCED,,0x71d0aeed,Sound decision process produced profitable outcome. Reinforce policy weights.,,,,,,,,,,,,,,,,,,,SOUND_DECISION_PROCESS
trd_1790392347906_779,G5Gg3ySGiEcPtvr3q74pPb6UzXXCZc6cvnQi1b4Bpump,PAIDDOG,0.00013541928153717653,0.0001386,50.0,50.4739017,0.4739016999999989,0.9478033999999979,235546,TRAILING_TARGET,1,1790392347906,1.98,-7.69,0.4787,1.0,GOOD_DECISION_GOOD_OUTCOME,REINFORCE,82,BALANCED,,0x78921ac3,Sound decision process produced profitable outcome. Reinforce policy weights.,,,,,,,,,,,,,,,,,,,SOUND_DECISION_PROCESS
trd_1790392348755_603,3pVv9iav75CfaVb2YFLtX1ijYDXSEPLmweWxUYp8q8nG,STEVEWILLDOIT,0.0002137719047619055,0.0002657,50.0,61.14796245,11.147962450000001,22.295924900000003,59419,TRAILING_TARGET,1,1790392348755,24.29,-2.89,0.9179,1.0,GOOD_DECISION_GOOD_OUTCOME,REINFORCE,82,BALANCED,,0x63b15f39,Sound decision process produced profitable outcome. Reinforce policy weights.,,,,,,,,,,,,,,,,,,,SOUND_DECISION_PROCESS
trd_1790392357497_970,GNq9jVow6MayA3xM2AfGygh58gMu1vY6wajiXDXZCZu,PMARCA,0.0005965138262322476,0.0005798,50.0,47.96087115,-2.0391288499999973,-4.078257699999995,5028,EMERGENCY_UNWIND,1,1790392357497,0.0,-2.8,0.0,0.0,GOOD_DECISION_BAD_OUTCOME,NEUTRAL_VARIANCE,82,BALANCED,,0x5f06aa6f,Sound decision met adverse tail variance. Do NOT penalize valid process.,,,,,,,,,,,,,,,,,,,SOUND_DECISION_PROCESS
trd_1790392409009_431,9U1f18idDeySFnYrurxqT1f5n5nE4g4Uk5LLzP69bh1,SOLCAT,0.0006163807268170474,0.0006175,50.0,50.125,0.125,0.25,120656,TRAILING_TARGET,1,1790392409009,0.18,-2.72,1.0,1.0,GOOD_DECISION_GOOD_OUTCOME,REINFORCE,82,BALANCED,,0x1531bb64,Sound decision process produced profitable outcome. Reinforce policy weights.,,,,,,,,,,,,,,,,,,,SOUND_DECISION_PROCESS
trd_1790392409320_609,3pVv9iav75CfaVb2YFLtX1ijYDXSEPLmweWxUYp8q8nG,STEVEWILLDOIT,0.000254620685045949,0.0002886,25.0,28.0889946,3.0889946,12.355978399999998,50724,TRAILING_TARGET,1,1790392409320,13.35,-2.36,0.9255,1.0,GOOD_DECISION_GOOD_OUTCOME,REINFORCE,82,BALANCED,,0x4a07131e,Sound decision process produced profitable outcome. Reinforce policy weights.,,,,,,,,,,,,,,,,,,,SOUND_DECISION_PROCESS
trd_1790392438950_455,3pVv9iav75CfaVb2YFLtX1ijYDXSEPLmweWxUYp8q8nG,STEVEWILLDOIT,0.000254620685045949,0.0002674,25.0,26.5,1.5,6.0,80354,TRAILING_TARGET,1,1790392438950,13.97,-2.36,0.4295,0.4519,GOOD_DECISION_GOOD_OUTCOME,REINFORCE,82,BALANCED,,0x4d3a3880,Sound decision process produced profitable outcome. Reinforce policy weights.,,,,,,,,,,,,,,,,,,,SOUND_DECISION_PROCESS
trd_1790392471653_931,CbcyNo7m1amFWqEQm2m4PLv1UNvpcL3C1Ujm6AkzpKoU,e/acc,0.017251767752715762,0.01747,50.0,50.125,0.125,0.25,120990,TRAILING_TARGET,1,1790392471653,1.26,-1.34,0.1984,1.0,GOOD_DECISION_GOOD_OUTCOME,REINFORCE,82,BALANCED,,0x65e6a857,Sound decision process produced profitable outcome. Reinforce policy weights.,,,,,,,,,,,,,,,,,,,SOUND_DECISION_PROCESS
trd_1790392473609_386,CbcyNo7m1amFWqEQm2m4PLv1UNvpcL3C1Ujm6AkzpKoU,e/acc,0.017707895572265615,0.01708,50.0,47.59767179999999,-2.4023282000000066,-4.804656400000013,1269,EMERGENCY_UNWIND,1,1790392473609,0.0,-3.55,0.0,0.0,GOOD_DECISION_BAD_OUTCOME,NEUTRAL_VARIANCE,82,BALANCED,,0x361d4f02,Sound decision met adverse tail variance. Do NOT penalize valid process.,,,,,,,,,,,,,,,,,,,SOUND_DECISION_PROCESS
trd_1790392477661_43,AzMaYSmHBqoLPmRRg5AqBr2zsw1MiXmTNaYtkj3wtqNg,MAX,0.0004715348036758573,0.0004533,50.0,47.4408063,-2.5591937000000016,-5.118387400000003,3255,EMERGENCY_UNWIND,1,1790392477661,0.0,-3.87,0.0,0.0,GOOD_DECISION_BAD_OUTCOME,NEUTRAL_VARIANCE,82,BALANCED,,0x1d87e833,Sound decision met adverse tail variance. Do NOT penalize valid process.,,,,,,,,,,,,,,,,,,,SOUND_DECISION_PROCESS
trd_1790392504456_552,3pVv9iav75CfaVb2YFLtX1ijYDXSEPLmweWxUYp8q8nG,STEVEWILLDOIT,0.0002710412865497089,0.0002834,50.0,51.75,1.75,3.5,64025,TRAILING_TARGET,1,1790392504456,8.47,-2.34,0.4132,0.6382,GOOD_DECISION_GOOD_OUTCOME,REINFORCE,82,BALANCED,,0x53c101d5,Sound decision process produced profitable outcome. Reinforce policy weights.,,,,,,,,,,,,,,,,,,,SOUND_DECISION_PROCESS
trd_1790392506061_66,G5Gg3ySGiEcPtvr3q74pPb6UzXXCZc6cvnQi1b4Bpump,PAIDDOG,0.00017099725146198856,0.0001651,50.0,47.645085900000005,-2.354914099999995,-4.70982819999999,27538,EMERGENCY_UNWIND,1,1790392506061,0.0,-3.45,0.0,0.0,GOOD_DECISION_BAD_OUTCOME,NEUTRAL_VARIANCE,82,BALANCED,,0x2fff06d5,Sound decision met adverse tail variance. Do NOT penalize valid process.,,,,,,,,,,,,,,,,,,,SOUND_DECISION_PROCESS
trd_1790392509832_964,AzMaYSmHBqoLPmRRg5AqBr2zsw1MiXmTNaYtkj3wtqNg,MAX,0.0004398085797827933,0.0004108,50.0,46.108055549999996,-3.8919444500000044,-7.783888900000008,2262,EMERGENCY_UNWIND,0,1790392509832,0.0,-6.6,0.0,0.0,BAD_DECISION_BAD_OUTCOME,PENALIZE_POLICY,85,DEFENSIVE,,0x5dc4b2c5,Flawed process caused loss. Penalize strategy parameters and raise adaptive HSI hurdle to 85.,,,,,,,,,,,,,,,,,,,EMERGENCY_UNWIND_SEVERE_CRASH
trd_1790392513460_680,GY9mZfyPpxXxBXBxS2hB2XjhP3kfUsywTvgveozxpump,ELON,0.005372172096908946,0.005323,50.0,51.75,1.75,3.5,8007,TRAILING_TARGET,1,1790392513460,9.62,-1.34,0.3638,0.039,GOOD_DECISION_GOOD_OUTCOME,REINFORCE,82,BALANCED,,0x75252686,Sound decision process produced profitable outcome. Reinforce policy weights.,,,,,,,,,,,,,,,,,,,SOUND_DECISION_PROCESS
trd_1790392513758_37,AzMaYSmHBqoLPmRRg5AqBr2zsw1MiXmTNaYtkj3wtqNg,MAX,0.0004163940183792835,0.0004055,50.0,48.051494850000005,-1.9485051499999955,-3.897010299999991,3217,EMERGENCY_UNWIND,1,1790392513758,0.0,-2.62,0.0,0.0,GOOD_DECISION_BAD_OUTCOME,NEUTRAL_VARIANCE,82,BALANCED,,0x6382a37d,Sound decision met adverse tail variance. Do NOT penalize valid process.,,,,,,,,,,,,,,,,,,,SOUND_DECISION_PROCESS
trd_1790392531010_980,98kfF7rmsg1QDUEoCqNE7g7M1FdrTt92TEp2CLzypump,PAID,0.04269356390979657,0.04367,50.0,50.75,0.75,1.5,120660,TRAILING_TARGET,1,1790392531010,3.93,-1.34,0.3817,0.6889,GOOD_DECISION_GOOD_OUTCOME,REINFORCE,82,BALANCED,,0x6fd5ffcc,Sound decision process produced profitable outcome. Reinforce policy weights.,,,,,,,,,,,,,,,,,,,SOUND_DECISION_PROCESS
trd_1790392534300_252,GY9mZfyPpxXxBXBxS2hB2XjhP3kfUsywTvgveozxpump,ELON,0.005447449605463895,0.005783,93.93,97.3155504,3.3855503999999996,3.604333439795592,19828,TRAILING_TARGET,1,1790392534300,8.11,-2.28,0.4444,0.8127,GOOD_DECISION_GOOD_OUTCOME,REINFORCE,82,BALANCED,,0x73eba85e,Sound decision process produced profitable outcome. Reinforce policy weights.,,,,,,,,,,,,,,,,,,,SOUND_DECISION_PROCESS
trd_1790392565985_51,G5Gg3ySGiEcPtvr3q74pPb6UzXXCZc6cvnQi1b4Bpump,PAIDDOG,0.0001587324812030079,0.0001514,50.0,47.07344655,-2.92655345,-5.8531069,30613,EMERGENCY_UNWIND,1,1790392565985,0.23,-4.62,0.0,0.0,GOOD_DECISION_BAD_OUTCOME,NEUTRAL_VARIANCE,82,BALANCED,,0x5562542c,Sound decision met adverse tail variance. Do NOT penalize valid process.,,,,,,,,,,,,,,,,,,,SOUND_DECISION_PROCESS
trd_1790392630170_868,CMuvWQ6qQbSt7NUQdPGcVKCoDgETieuqS68qu6BaeVgR,Cream,0.0003465557811194669,0.0004206,25.00000000000017,30.06338535,5.06338534999983,20.253541399999182,62692,TRAILING_TARGET,1,1790392630170,21.37,-1.34,0.9478,1.0,GOOD_DECISION_GOOD_OUTCOME,REINFORCE,82,BALANCED,,0x086b4eff,Sound decision process produced profitable outcome. Reinforce policy weights.,,,,,,,,,,,,,,,,,,,SOUND_DECISION_PROCESS
trd_1790392631533_482,CMuvWQ6qQbSt7NUQdPGcVKCoDgETieuqS68qu6BaeVgR,Cream,0.0003465557811194669,0.0004206,24.99999999999983,30.06338535,5.063385350000171,20.253541400000824,64055,TRAILING_TARGET,1,1790392631533,21.37,-1.34,0.9478,1.0,GOOD_DECISION_GOOD_OUTCOME,REINFORCE,82,BALANCED,,0x3368d124,Sound decision process produced profitable outcome. Reinforce policy weights.,,,,,,,,,,,,,,,,,,,SOUND_DECISION_PROCESS
trd_1790392653942_475,98kfF7rmsg1QDUEoCqNE7g7M1FdrTt92TEp2CLzypump,PAID,0.04426467084378775,0.04459,50.0,50.125,0.125,0.25,121299,TRAILING_TARGET,1,1790392653942,2.61,-1.34,0.0958,0.5257,GOOD_DECISION_GOOD_OUTCOME,REINFORCE,82,BALANCED,,0x45493002,Sound decision process produced profitable outcome. Reinforce policy weights.,,,,,,,,,,,,,,,,,,,SOUND_DECISION_PROCESS
trd_1790392656229_679,CMuvWQ6qQbSt7NUQdPGcVKCoDgETieuqS68qu6BaeVgR,Cream,0.00042632746867168203,0.0004084,50.0,47.27577,-2.724229999999999,-5.448459999999997,23750,EMERGENCY_UNWIND,1,1790392656229,0.0,-4.21,0.0,0.0,GOOD_DECISION_BAD_OUTCOME,NEUTRAL_VARIANCE,82,BALANCED,,0x7d835496,Sound decision met adverse tail variance. Do NOT penalize valid process.,,,,,,,,,,,,,,,,,,,SOUND_DECISION_PROCESS
trd_1790392724340_780,3pVv9iav75CfaVb2YFLtX1ijYDXSEPLmweWxUYp8q8nG,STEVEWILLDOIT,0.0002745889473684224,0.000432,50.0,77.12161005,27.12161005,54.2432201,208659,TRAILING_TARGET,1,1790392724340,57.33,-0.72,0.9462,1.0,GOOD_DECISION_GOOD_OUTCOME,REINFORCE,82,BALANCED,,0x60374abe,Sound decision process produced profitable outcome. Reinforce policy weights.,,,,,,,,,,,,,,,,,,,SOUND_DECISION_PROCESS
trd_1790392742213_170,3pVv9iav75CfaVb2YFLtX1ijYDXSEPLmweWxUYp8q8nG,STEVEWILLDOIT,0.0004378827067669181,0.0005143,50.0,57.826202249999994,7.826202249999994,15.652404499999989,16678,TRAILING_TARGET,1,1790392742213,17.45,-1.34,0.897,1.0,GOOD_DECISION_GOOD_OUTCOME,REINFORCE,82,BALANCED,,0x773ddd5a,Sound decision process produced profitable outcome. Reinforce policy weights.,,,,,,,,,,,,,,,,,,,SOUND_DECISION_PROCESS
trd_1790392755610_44,AzMaYSmHBqoLPmRRg5AqBr2zsw1MiXmTNaYtkj3wtqNg,MAX,0.0003661185964912285,0.000329,50.0,50.125,0.125,0.25,97939,TRAILING_TARGET,1,1790392755610,2.37,-4.89,0.1055,0.0,GOOD_DECISION_GOOD_OUTCOME,REINFORCE,82,BALANCED,,0x353b3068,Sound decision process produced profitable outcome. Reinforce policy weights.,,,,,,,,,,,,,,,,,,,SOUND_DECISION_PROCESS
trd_1790392756666_889,3pVv9iav75CfaVb2YFLtX1ijYDXSEPLmweWxUYp8q8nG,STEVEWILLDOIT,0.0005213034168755224,0.0004732,50.0,44.82183525,-5.1781647500000005,-10.356329500000001,12330,EMERGENCY_UNWIND,0,1790392756666,0.0,-9.23,0.0,0.0,BAD_DECISION_BAD_OUTCOME,PENALIZE_POLICY,85,DEFENSIVE,,0x5b616b74,Flawed process caused loss. Penalize strategy parameters and raise adaptive HSI hurdle to 85.,,,,,,,,,,,,,,,,,,,CATASTROPHIC_STOP_LOSS_VIOLATION
trd_1790392760627_427,AzMaYSmHBqoLPmRRg5AqBr2zsw1MiXmTNaYtkj3wtqNg,MAX,0.000333480116959066,0.0003247,50.0,48.04339185,-1.956608150000001,-3.913216300000002,4316,EMERGENCY_UNWIND,1,1790392760627,0.0,-2.63,0.0,0.0,GOOD_DECISION_BAD_OUTCOME,NEUTRAL_VARIANCE,82,BALANCED,,0x526f1071,Sound decision met adverse tail variance. Do NOT penalize valid process.,,,,,,,,,,,,,,,,,,,SOUND_DECISION_PROCESS
trd_1790392816003_449,GY9mZfyPpxXxBXBxS2hB2XjhP3kfUsywTvgveozxpump,ELON,0.005340749958229214,0.00537,50.0,51.75,1.75,3.5,160595,TRAILING_TARGET,1,1790392816003,9.24,-3.44,0.3788,0.3146,GOOD_DECISION_GOOD_OUTCOME,REINFORCE,82,BALANCED,,0x40301341,Sound decision process produced profitable outcome. Reinforce policy weights.,,,,,,,,,,,,,,,,,,,SOUND_DECISION_PROCESS
trd_1790392851194_346,GY9mZfyPpxXxBXBxS2hB2XjhP3kfUsywTvgveozxpump,ELON,0.005443125313283779,0.00494,50.0,44.814116549999994,-5.185883450000006,-10.371766900000011,32570,EMERGENCY_UNWIND,0,1790392851194,0.0,-9.24,0.0,0.0,BAD_DECISION_BAD_OUTCOME,PENALIZE_POLICY,85,DEFENSIVE,,0x71cd09e2,Flawed process caused loss. Penalize strategy parameters and raise adaptive HSI hurdle to 85.,,,,,,,,,,,,,,,,,,,CATASTROPHIC_STOP_LOSS_VIOLATION
trd_1790392879206_398,G5Gg3ySGiEcPtvr3q74pPb6UzXXCZc6cvnQi1b4Bpump,PAIDDOG,0.00014221051796157078,0.0001443,50.0,50.125,0.125,0.25,120681,OPERATOR_CLOSE,1,1790392879206,2.59,-2.05,0.0965,0.7576,GOOD_DECISION_GOOD_OUTCOME,REINFORCE,82,BALANCED,,0x734757d8,Sound decision process produced profitable outcome. Reinforce policy weights.,,,,,,,,,,,,,,,,,,,SOUND_DECISION_PROCESS
trd_1790392883033_127,So11111111111111111111111111111111111111112,SOL,122.45511544280897,120.73,50.0,50.125,0.125,0.25,120733,OPERATOR_CLOSE,1,1790392883033,0.0,-1.51,1.0,0.065,GOOD_DECISION_GOOD_OUTCOME,REINFORCE,82,BALANCED,,0x4f9611b5,Sound decision process produced profitable outcome. Reinforce policy weights.,,,,,,,,,,,,,,,,,,,SOUND_DECISION_PROCESS
trd_1790392920436_538,AzMaYSmHBqoLPmRRg5AqBr2zsw1MiXmTNaYtkj3wtqNg,MAX,0.0002663786466165418,0.000236,50.0,50.125,0.125,0.25,36125,TRAILING_TARGET,1,1790392920436,2.41,-1.34,0.1037,0.0,GOOD_DECISION_GOOD_OUTCOME,REINFORCE,82,BALANCED,,0x156460ce,Sound decision process produced profitable outcome. Reinforce policy weights.,,,,,,,,,,,,,,,,,,,SOUND_DECISION_PROCESS
trd_1790392943572_147,GNq9jVow6MayA3xM2AfGygh58gMu1vY6wajiXDXZCZu,PMARCA,0.00046940620718463085,0.0005313,25.000000000000234,28.04970855,3.049708549999764,12.198834199998942,63276,TRAILING_TARGET,1,1790392943572,13.19,-0.77,0.9249,1.0,GOOD_DECISION_GOOD_OUTCOME,REINFORCE,82,BALANCED,,0x65e84694,Sound decision process produced profitable outcome. Reinforce policy weights.,,,,,,,,,,,,,,,,,,,SOUND_DECISION_PROCESS
trd_1790392944382_404,AzMaYSmHBqoLPmRRg5AqBr2zsw1MiXmTNaYtkj3wtqNg,MAX,0.00023921370091896426,0.0002282,50.0,47.0809035,-2.9190965000000015,-5.838193000000004,22857,EMERGENCY_UNWIND,1,1790392944382,0.0,-4.6,0.0,0.0,GOOD_DECISION_BAD_OUTCOME,NEUTRAL_VARIANCE,82,BALANCED,,0x1a201296,Sound decision met adverse tail variance. Do NOT penalize valid process.,,,,,,,,,,,,,,,,,,,SOUND_DECISION_PROCESS
trd_1790393002420_779,GY9mZfyPpxXxBXBxS2hB2XjhP3kfUsywTvgveozxpump,ELON,0.005007269841270114,0.004842,50.0,50.75,0.75,1.5,150116,TRAILING_TARGET,1,1790393002420,5.85,-1.34,0.2564,0.0,GOOD_DECISION_GOOD_OUTCOME,REINFORCE,82,BALANCED,,0x64555f46,Sound decision process produced profitable outcome. Reinforce policy weights.,,,,,,,,,,,,,,,,,,,SOUND_DECISION_PROCESS
trd_1790393003573_495,GNq9jVow6MayA3xM2AfGygh58gMu1vY6wajiXDXZCZu,PMARCA,0.00046940620718463085,0.0005686,24.999999999999766,30.00581205,5.005812050000234,20.023248200001124,123277,TRAILING_TARGET,1,1790393003573,21.13,-0.77,0.9476,1.0,GOOD_DECISION_GOOD_OUTCOME,REINFORCE,82,BALANCED,,0x101ee2f9,Sound decision process produced profitable outcome. Reinforce policy weights.,,,,,,,,,,,,,,,,,,,SOUND_DECISION_PROCESS
trd_1790393007513_236,GY9mZfyPpxXxBXBxS2hB2XjhP3kfUsywTvgveozxpump,ELON,0.004907935338346042,0.004748,50.0,47.7378657,-2.2621342999999996,-4.524268599999999,4145,EMERGENCY_UNWIND,1,1790393007513,0.0,-3.26,0.0,0.0,GOOD_DECISION_BAD_OUTCOME,NEUTRAL_VARIANCE,82,BALANCED,,0x6ab34132,Sound decision met adverse tail variance. Do NOT penalize valid process.,,,,,,,,,,,,,,,,,,,SOUND_DECISION_PROCESS
trd_1790393041723_953,GNq9jVow6MayA3xM2AfGygh58gMu1vY6wajiXDXZCZu,PMARCA,0.000576342840434426,0.0005373,50.0,46.020837,-3.9791629999999993,-7.958325999999999,37162,EMERGENCY_UNWIND,0,1790393041723,0.0,-6.77,0.0,0.0,BAD_DECISION_BAD_OUTCOME,PENALIZE_POLICY,85,DEFENSIVE,,0x42314d5f,Flawed process caused loss. Penalize strategy parameters and raise adaptive HSI hurdle to 85.,,,,,,,,,,,,,,,,,,,EMERGENCY_UNWIND_SEVERE_CRASH
trd_1790393066607_992,Ce2gx9KGXJ6C9Mp5b5x1sn9Mg87JwEbrQby4Zqo3pump,neet,0.04570400751881844,0.0454,50.0,50.125,0.125,0.25,121062,TRAILING_TARGET,1,1790393066607,0.0,-1.85,1.0,0.6398,GOOD_DECISION_GOOD_OUTCOME,REINFORCE,82,BALANCED,,0x569ecb6d,Sound decision process produced profitable outcome. Reinforce policy weights.,,,,,,,,,,,,,,,,,,,SOUND_DECISION_PROCESS
trd_1790393105933_49,GY9mZfyPpxXxBXBxS2hB2XjhP3kfUsywTvgveozxpump,ELON,0.004812655304929173,0.004948,50.0,50.75,0.75,1.5,97450,TRAILING_TARGET,1,1790393105933,6.1,-1.34,0.2459,0.5587,GOOD_DECISION_GOOD_OUTCOME,REINFORCE,82,BALANCED,,0x5dd95b44,Sound decision process produced profitable outcome. Reinforce policy weights.,,,,,,,,,,,,,,,,,,,SOUND_DECISION_PROCESS
trd_1790393123978_525,GY9mZfyPpxXxBXBxS2hB2XjhP3kfUsywTvgveozxpump,ELON,0.005015378780284222,0.004875,50.0,47.96231175,-2.037688250000002,-4.075376500000004,15287,EMERGENCY_UNWIND,1,1790393123978,0.0,-2.8,0.0,0.0,GOOD_DECISION_BAD_OUTCOME,NEUTRAL_VARIANCE,82,BALANCED,,0x11e2fb98,Sound decision met adverse tail variance. Do NOT penalize valid process.,,,,,,,,,,,,,,,,,,,SOUND_DECISION_PROCESS
trd_1790393158166_267,AzMaYSmHBqoLPmRRg5AqBr2zsw1MiXmTNaYtkj3wtqNg,MAX,0.0001838701921470344,0.0002109,25.0,28.4227689,3.422768900000001,13.691075600000005,31609,TRAILING_TARGET,1,1790393158166,14.7,-1.34,0.9314,1.0,GOOD_DECISION_GOOD_OUTCOME,REINFORCE,82,BALANCED,,0x1a78b172,Sound decision process produced profitable outcome. Reinforce policy weights.,,,,,,,,,,,,,,,,,,,SOUND_DECISION_PROCESS
trd_1790393189924_283,Ce2gx9KGXJ6C9Mp5b5x1sn9Mg87JwEbrQby4Zqo3pump,neet,0.04601822890559776,0.0454,50.0,50.125,0.125,0.25,121337,TRAILING_TARGET,1,1790393189924,0.0,-1.34,1.0,0.0,GOOD_DECISION_GOOD_OUTCOME,REINFORCE,82,BALANCED,,0x41509000,Sound decision process produced profitable outcome. Reinforce policy weights.,,,,,,,,,,,,,,,,,,,SOUND_DECISION_PROCESS
trd_1790393192357_407,GNq9jVow6MayA3xM2AfGygh58gMu1vY6wajiXDXZCZu,PMARCA,0.0005446166165413583,0.0005405,50.0,50.125,0.125,0.25,149779,OPERATOR_CLOSE,1,1790393192357,3.03,-1.62,0.0825,0.1858,GOOD_DECISION_GOOD_OUTCOME,REINFORCE,82,BALANCED,,0x1bb2b74b,Sound decision process produced profitable outcome. Reinforce policy weights.,,,,,,,,,,,,,,,,,,,SOUND_DECISION_PROCESS
trd_1790393193814_531,AzMaYSmHBqoLPmRRg5AqBr2zsw1MiXmTNaYtkj3wtqNg,MAX,0.0001838701921470344,0.0002135,25.0,28.770927899999997,3.7709278999999962,15.083711599999985,67257,TRAILING_TARGET,1,1790393193814,16.11,-1.34,0.9363,1.0,GOOD_DECISION_GOOD_OUTCOME,REINFORCE,82,BALANCED,,0x5c1babcb,Sound decision process produced profitable outcome. Reinforce policy weights.,,,,,,,,,,,,,,,,,,,SOUND_DECISION_PROCESS
trd_1790393228418_15,GNq9jVow6MayA3xM2AfGygh58gMu1vY6wajiXDXZCZu,PMARCA,0.0005530117568254058,0.0005041,92.89,82.90644329999999,-9.983556700000008,-10.747719560770813,35560,EMERGENCY_UNWIND,0,1790393228418,0.0,-8.84,0.0,0.0,BAD_DECISION_BAD_OUTCOME,PENALIZE_POLICY,85,DEFENSIVE,,0x2626eaf9,Flawed process caused loss. Penalize strategy parameters and raise adaptive HSI hurdle to 85.,,,,,,,,,,,,,,,,,,,CATASTROPHIC_STOP_LOSS_VIOLATION
trd_1790393228883_816,AzMaYSmHBqoLPmRRg5AqBr2zsw1MiXmTNaYtkj3wtqNg,MAX,0.0002164073099415206,0.0002081,50.0,47.45466345,-2.545336550000002,-5.090673100000004,34447,EMERGENCY_UNWIND,1,1790393228883,0.0,-3.84,0.0,0.0,GOOD_DECISION_BAD_OUTCOME,NEUTRAL_VARIANCE,82,BALANCED,,0x50b3b482,Sound decision met adverse tail variance. Do NOT penalize valid process.,,,,,,,,,,,,,,,,,,,SOUND_DECISION_PROCESS
trd_1790393283001_712,G5Gg3ySGiEcPtvr3q74pPb6UzXXCZc6cvnQi1b4Bpump,PAIDDOG,0.00017231495405179667,0.0001846,50.0,52.8038283,2.803828299999999,5.6076565999999985,90487,TRAILING_TARGET,1,1790393283001,10.67,-1.34,0.5256,0.7053,GOOD_DECISION_GOOD_OUTCOME,REINFORCE,82,BALANCED,,0x3e0c6a1f,Sound decision process produced profitable outcome. Reinforce policy weights.,,,,,,,,,,,,,,,,,,,SOUND_DECISION_PROCESS
trd_1790393288192_380,AzMaYSmHBqoLPmRRg5AqBr2zsw1MiXmTNaYtkj3wtqNg,MAX,0.00021324599801544002,0.0001915,100.0,100.25,0.25,0.25,58578,TRAILING_TARGET,1,1790393288192,0.0,-10.2,1.0,0.0,GOOD_DECISION_GOOD_OUTCOME,REINFORCE,82,BALANCED,,0x3928fffe,Sound decision process produced profitable outcome. Reinforce policy weights.,,,,,,,,,,,,,,,,,,,SOUND_DECISION_PROCESS
trd_1790393404809_511,3pVv9iav75CfaVb2YFLtX1ijYDXSEPLmweWxUYp8q8nG,STEVEWILLDOIT,0.0004960643441938187,0.0007693,25.00000000000025,38.34371865,13.34371864999975,53.37487459999847,114333,TRAILING_TARGET,1,1790393404809,55.08,-1.77,0.969,1.0,GOOD_DECISION_GOOD_OUTCOME,REINFORCE,82,BALANCED,,0x6e9fdd8c,Sound decision process produced profitable outcome. Reinforce policy weights.,,,,,,,,,,,,,,,,,,,SOUND_DECISION_PROCESS
trd_1790393404834_671,GY9mZfyPpxXxBXBxS2hB2XjhP3kfUsywTvgveozxpump,ELON,0.004140626984127131,0.004312,50.0,51.75,1.75,3.5,120361,TRAILING_TARGET,1,1790393404834,9.28,-1.34,0.3772,0.5159,GOOD_DECISION_GOOD_OUTCOME,REINFORCE,82,BALANCED,,0x6e415227,Sound decision process produced profitable outcome. Reinforce policy weights.,,,,,,,,,,,,,,,,,,,SOUND_DECISION_PROCESS
trd_1790393405491_84,3pVv9iav75CfaVb2YFLtX1ijYDXSEPLmweWxUYp8q8nG,STEVEWILLDOIT,0.0004960643441938187,0.0007693,24.99999999999975,38.34371865,13.343718650000246,53.37487460000152,115015,TRAILING_TARGET,1,1790393405491,55.08,-1.77,0.969,1.0,GOOD_DECISION_GOOD_OUTCOME,REINFORCE,82,BALANCED,,0x16954a50,Sound decision process produced profitable outcome. Reinforce policy weights.,,,,,,,,,,,,,,,,,,,SOUND_DECISION_PROCESS
trd_1790393435515_60,GNq9jVow6MayA3xM2AfGygh58gMu1vY6wajiXDXZCZu,PMARCA,0.0005109645196324162,0.0005494,50.0,52.99512375,2.995123749999998,5.990247499999995,204825,TRAILING_TARGET,1,1790393435515,10.26,-8.0,0.5838,0.8499,GOOD_DECISION_GOOD_OUTCOME,REINFORCE,82,BALANCED,,0x6b549453,Sound decision process produced profitable outcome. Reinforce policy weights.,,,,,,,,,,,,,,,,,,,SOUND_DECISION_PROCESS
trd_1790393436530_377,3pVv9iav75CfaVb2YFLtX1ijYDXSEPLmweWxUYp8q8nG,STEVEWILLDOIT,0.0007797758479532169,0.0006938,50.0,50.125,0.125,0.25,30193,TRAILING_TARGET,1,1790393436530,0.0,-11.03,1.0,0.0,GOOD_DECISION_GOOD_OUTCOME,REINFORCE,82,BALANCED,,0x1fb74150,Sound decision process produced profitable outcome. Reinforce policy weights.,,,,,,,,,,,,,,,,,,,SOUND_DECISION_PROCESS
trd_1790393437122_849,CbcyNo7m1amFWqEQm2m4PLv1UNvpcL3C1Ujm6AkzpKoU,e/acc,0.02106296908939497,0.02013,50.0,47.16621885,-2.8337811499999996,-5.6675623,31567,EMERGENCY_UNWIND,1,1790393437122,0.0,-4.43,0.0,0.0,GOOD_DECISION_BAD_OUTCOME,NEUTRAL_VARIANCE,82,BALANCED,,0x5707ccd1,Sound decision met adverse tail variance. Do NOT penalize valid process.,,,,,,,,,,,,,,,,,,,SOUND_DECISION_PROCESS
trd_1790393466579_961,3pVv9iav75CfaVb2YFLtX1ijYDXSEPLmweWxUYp8q8nG,STEVEWILLDOIT,0.000703247736006692,0.0008435,50.0,59.0370018,9.037001799999999,18.074003599999998,28185,TRAILING_TARGET,1,1790393466579,0.0,-1.34,1.0,1.0,GOOD_DECISION_GOOD_OUTCOME,REINFORCE,82,BALANCED,,0x393e9522,Sound decision process produced profitable outcome. Reinforce policy weights.,,,,,,,,,,,,,,,,,,,SOUND_DECISION_PROCESS
trd_1790393501257_224,GNq9jVow6MayA3xM2AfGygh58gMu1vY6wajiXDXZCZu,PMARCA,0.00055688138680034,0.0006238,25.0,27.7618236,2.7618235999999996,11.047294399999998,64945,TRAILING_TARGET,1,1790393501257,12.02,-1.34,0.9191,1.0,GOOD_DECISION_GOOD_OUTCOME,REINFORCE,82,BALANCED,,0x54c467cc,Sound decision process produced profitable outcome. Reinforce policy weights.,,,,,,,,,,,,,,,,,,,SOUND_DECISION_PROCESS
trd_1790393501818_326,3pVv9iav75CfaVb2YFLtX1ijYDXSEPLmweWxUYp8q8nG,STEVEWILLDOIT,0.0008549862573099546,0.0007866,50.0,45.42257115,-4.577428849999997,-9.154857699999994,33463,EMERGENCY_UNWIND,0,1790393501818,0.0,-8.0,0.0,0.0,BAD_DECISION_BAD_OUTCOME,PENALIZE_POLICY,85,DEFENSIVE,,0x0eb003a4,Flawed process caused loss. Penalize strategy parameters and raise adaptive HSI hurdle to 85.,,,,,,,,,,,,,,,,,,,EMERGENCY_UNWIND_SEVERE_CRASH
trd_1790393534476_478,GNq9jVow6MayA3xM2AfGygh58gMu1vY6wajiXDXZCZu,PMARCA,0.00055688138680034,0.0006093,25.0,27.12039945,2.1203994500000007,8.481597800000003,98164,TRAILING_TARGET,1,1790393534476,12.02,-1.34,0.7056,0.8051,GOOD_DECISION_GOOD_OUTCOME,REINFORCE,82,BALANCED,,0x155a9b9d,Sound decision process produced profitable outcome. Reinforce policy weights.,,,,,,,,,,,,,,,,,,,SOUND_DECISION_PROCESS
trd_1790393535645_625,3pVv9iav75CfaVb2YFLtX1ijYDXSEPLmweWxUYp8q8nG,STEVEWILLDOIT,0.0007973114285714407,0.0007643,50.0,47.3073891,-2.6926108999999987,-5.3852217999999965,33111,EMERGENCY_UNWIND,1,1790393535645,0.0,-4.14,0.0,0.0,GOOD_DECISION_BAD_OUTCOME,NEUTRAL_VARIANCE,82,BALANCED,,0x705f8b45,Sound decision met adverse tail variance. Do NOT penalize valid process.,,,,,,,,,,,,,,,,,,,SOUND_DECISION_PROCESS
trd_1790393543450_739,AzMaYSmHBqoLPmRRg5AqBr2zsw1MiXmTNaYtkj3wtqNg,MAX,0.00026941949874686777,0.0002616,50.0,47.9118417,-2.0881583000000035,-4.176316600000007,5048,EMERGENCY_UNWIND,1,1790393543450,0.0,-2.9,0.0,0.0,GOOD_DECISION_BAD_OUTCOME,NEUTRAL_VARIANCE,82,BALANCED,,0x23b0f729,Sound decision met adverse tail variance. Do NOT penalize valid process.,,,,,,,,,,,,,,,,,,,SOUND_DECISION_PROCESS
trd_1790393547702_214,GNq9jVow6MayA3xM2AfGygh58gMu1vY6wajiXDXZCZu,PMARCA,0.0006243670667506379,0.0006074,100.0,94.9908996,-5.009100399999994,-5.009100399999994,11505,EMERGENCY_UNWIND,1,1790393547702,0.0,-2.72,0.0,0.0,GOOD_DECISION_BAD_OUTCOME,NEUTRAL_VARIANCE,82,BALANCED,,0x5e2ab43c,Sound decision met adverse tail variance. Do NOT penalize valid process.,,,,,,,,,,,,,,,,,,,SOUND_DECISION_PROCESS
trd_1790393548480_682,G5Gg3ySGiEcPtvr3q74pPb6UzXXCZc6cvnQi1b4Bpump,PAIDDOG,0.0001494072013366754,0.0001368,50.0,45.207700949999996,-4.792299050000004,-9.584598100000008,3871,EMERGENCY_UNWIND,0,1790393548480,0.0,-8.44,0.0,0.0,BAD_DECISION_BAD_OUTCOME,PENALIZE_POLICY,85,DEFENSIVE,,0x2992b1fd,Flawed process caused loss. Penalize strategy parameters and raise adaptive HSI hurdle to 85.,,,,,,,,,,,,,,,,,,,EMERGENCY_UNWIND_SEVERE_CRASH
trd_1790393558420_49,CbcyNo7m1amFWqEQm2m4PLv1UNvpcL3C1Ujm6AkzpKoU,e/acc,0.020627784430809353,0.02075,100.0,100.25,0.25,0.25,120860,TRAILING_TARGET,1,1790393558420,1.85,-2.41,0.1351,0.7045,GOOD_DECISION_GOOD_OUTCOME,REINFORCE,82,BALANCED,,0x1f6d9b36,Sound decision process produced profitable outcome. Reinforce policy weights.,,,,,,,,,,,,,,,,,,,SOUND_DECISION_PROCESS
trd_1790393573438_802,GwF4QcxyXB5cCczvdH9qzR4gjghyCYqYiUcLNttq6QX4,TOLY,0.00011970821219715976,0.0001158,50.0,47.7349008,-2.2650992000000016,-4.530198400000003,22803,EMERGENCY_UNWIND,1,1790393573438,0.0,-3.26,0.0,0.0,GOOD_DECISION_BAD_OUTCOME,NEUTRAL_VARIANCE,82,BALANCED,,0x58937769,Sound decision met adverse tail variance. Do NOT penalize valid process.,,,,,,,,,,,,,,,,,,,SOUND_DECISION_PROCESS
trd_1790393573656_813,AzMaYSmHBqoLPmRRg5AqBr2zsw1MiXmTNaYtkj3wtqNg,MAX,0.00026455413533834596,0.000233,50.0,50.125,0.125,0.25,5175,TRAILING_TARGET,1,1790393573656,0.0,-11.93,1.0,0.0,GOOD_DECISION_GOOD_OUTCOME,REINFORCE,82,BALANCED,,0x538de237,Sound decision process produced profitable outcome. Reinforce policy weights.,,,,,,,,,,,,,,,,,,,SOUND_DECISION_PROCESS
trd_1790393669172_461,So11111111111111111111111111111111111111112,SOL,122.53620496374168,120.92,50.0,50.125,0.125,0.25,120708,TRAILING_TARGET,1,1790393669172,0.0,-1.37,1.0,0.0358,GOOD_DECISION_GOOD_OUTCOME,REINFORCE,82,BALANCED,,0x527298f5,Sound decision process produced profitable outcome. Reinforce policy weights.,,,,,,,,,,,,,,,,,,,SOUND_DECISION_PROCESS
trd_1790393673263_920,G5Gg3ySGiEcPtvr3q74pPb6UzXXCZc6cvnQi1b4Bpump,PAIDDOG,0.00013835877192982466,0.0001236,50.0,50.75,0.75,1.5,96701,TRAILING_TARGET,1,1790393673263,6.53,-1.34,0.2297,0.0,GOOD_DECISION_GOOD_OUTCOME,REINFORCE,82,BALANCED,,0x247543fd,Sound decision process produced profitable outcome. Reinforce policy weights.,,,,,,,,,,,,,,,,,,,SOUND_DECISION_PROCESS
trd_1790393677447_138,AzMaYSmHBqoLPmRRg5AqBr2zsw1MiXmTNaYtkj3wtqNg,MAX,0.00023876173732627337,0.0002137,100.0,100.25,0.25,0.25,101835,TRAILING_TARGET,1,1790393677447,0.0,-10.5,1.0,0.0,GOOD_DECISION_GOOD_OUTCOME,REINFORCE,82,BALANCED,,0x453c962c,Sound decision process produced profitable outcome. Reinforce policy weights.,,,,,,,,,,,,,,,,,,,SOUND_DECISION_PROCESS
trd_1790393699903_62,AzMaYSmHBqoLPmRRg5AqBr2zsw1MiXmTNaYtkj3wtqNg,MAX,0.00021661003341687563,0.0002493,50.0,56.678950199999996,6.678950199999996,13.357900399999991,21602,TRAILING_TARGET,1,1790393699903,15.09,-1.34,0.8852,1.0,GOOD_DECISION_GOOD_OUTCOME,REINFORCE,82,BALANCED,,0x59cf1021,Sound decision process produced profitable outcome. Reinforce policy weights.,,,,,,,,,,,,,,,,,,,SOUND_DECISION_PROCESS
trd_1790393730350_423,AzMaYSmHBqoLPmRRg5AqBr2zsw1MiXmTNaYtkj3wtqNg,MAX,0.0002526948120300758,0.0002375,50.0,46.3926951,-3.6073049000000026,-7.214609800000005,21709,EMERGENCY_UNWIND,0,1790393730350,0.0,-6.01,0.0,0.0,BAD_DECISION_BAD_OUTCOME,PENALIZE_POLICY,85,DEFENSIVE,,0x285c6f83,Flawed process caused loss. Penalize strategy parameters and raise adaptive HSI hurdle to 85.,,,,,,,,,,,,,,,,,,,EMERGENCY_UNWIND_SEVERE_CRASH
trd_1790393790503_753,AzMaYSmHBqoLPmRRg5AqBr2zsw1MiXmTNaYtkj3wtqNg,MAX,0.00024073412698412763,0.0002778,25.0,28.594272900000004,3.5942729000000035,14.377091600000014,59077,TRAILING_TARGET,1,1790393790503,15.4,-1.34,0.9336,1.0,GOOD_DECISION_GOOD_OUTCOME,REINFORCE,82,BALANCED,,0x06d4279c,Sound decision process produced profitable outcome. Reinforce policy weights.,,,,,,,,,,,,,,,,,,,SOUND_DECISION_PROCESS
trd_1790393791999_535,So11111111111111111111111111111111111111112,SOL,122.56661332420575,120.96,50.0,50.125,0.125,0.25,121579,TRAILING_TARGET,1,1790393791999,0.0,-1.38,1.0,0.053,GOOD_DECISION_GOOD_OUTCOME,REINFORCE,82,BALANCED,,0x0650541d,Sound decision process produced profitable outcome. Reinforce policy weights.,,,,,,,,,,,,,,,,,,,SOUND_DECISION_PROCESS
trd_1790393794232_909,G5Gg3ySGiEcPtvr3q74pPb6UzXXCZc6cvnQi1b4Bpump,PAIDDOG,0.00012528310776942382,0.0001432,25.00000000000006,28.324430399999997,3.3244303999999367,13.297721599999715,119869,TRAILING_TARGET,1,1790393794232,14.3,-1.34,0.9299,1.0,GOOD_DECISION_GOOD_OUTCOME,REINFORCE,82,BALANCED,,0x3fa51b95,Sound decision process produced profitable outcome. Reinforce policy weights.,,,,,,,,,,,,,,,,,,,SOUND_DECISION_PROCESS
trd_1790393799144_328,G5Gg3ySGiEcPtvr3q74pPb6UzXXCZc6cvnQi1b4Bpump,PAIDDOG,0.00012528310776942382,0.0001445,24.99999999999994,28.579932449999998,3.579932450000058,14.319729800000266,124781,TRAILING_TARGET,1,1790393799144,14.3,-1.34,1.0,1.0,GOOD_DECISION_GOOD_OUTCOME,REINFORCE,82,BALANCED,,0x7ec3ddcb,Sound decision process produced profitable outcome. Reinforce policy weights.,,,,,,,,,,,,,,,,,,,SOUND_DECISION_PROCESS
trd_1790393806355_695,AzMaYSmHBqoLPmRRg5AqBr2zsw1MiXmTNaYtkj3wtqNg,MAX,0.00024073412698412763,0.0002574,25.0,26.506846050000004,1.5068460500000038,6.027384200000014,74929,TRAILING_TARGET,1,1790393806355,15.4,-1.34,0.3914,0.4938,GOOD_DECISION_GOOD_OUTCOME,REINFORCE,82,BALANCED,,0x52f97e39,Sound decision process produced profitable outcome. Reinforce policy weights.,,,,,,,,,,,,,,,,,,,SOUND_DECISION_PROCESS
trd_1790393812650_725,G5Gg3ySGiEcPtvr3q74pPb6UzXXCZc6cvnQi1b4Bpump,PAIDDOG,0.00014646771094402715,0.0001333,50.0,44.93786295,-5.062137049999997,-10.124274099999994,12063,EMERGENCY_UNWIND,0,1790393812650,0.0,-8.99,0.0,0.0,BAD_DECISION_BAD_OUTCOME,PENALIZE_POLICY,85,DEFENSIVE,,0x069cc455,Flawed process caused loss. Penalize strategy parameters and raise adaptive HSI hurdle to 85.,,,,,,,,,,,,,,,,,,,CATASTROPHIC_STOP_LOSS_VIOLATION
trd_1790393821829_847,AzMaYSmHBqoLPmRRg5AqBr2zsw1MiXmTNaYtkj3wtqNg,MAX,0.00025228936507936615,0.0002567,50.0,51.75,1.75,3.5,13121,TRAILING_TARGET,1,1790393821829,10.11,-1.34,0.3462,0.2699,GOOD_DECISION_GOOD_OUTCOME,REINFORCE,82,BALANCED,,0x04f18acf,Sound decision process produced profitable outcome. Reinforce policy weights.,,,,,,,,,,,,,,,,,,,SOUND_DECISION_PROCESS
trd_1790393834694_623,AzMaYSmHBqoLPmRRg5AqBr2zsw1MiXmTNaYtkj3wtqNg,MAX,0.00026304780245345257,0.0002552,100.0,94.73670015,-5.263299849999997,-5.263299849999996,12334,EMERGENCY_UNWIND,1,1790393834694,0.0,-2.98,0.0,0.0,GOOD_DECISION_BAD_OUTCOME,NEUTRAL_VARIANCE,82,BALANCED,,0x445e3c3b,Sound decision met adverse tail variance. Do NOT penalize valid process.,,,,,,,,,,,,,,,,,,,SOUND_DECISION_PROCESS
trd_1790393842576_328,G5Gg3ySGiEcPtvr3q74pPb6UzXXCZc6cvnQi1b4Bpump,PAIDDOG,0.00014758269005847957,0.0001428,50.0,47.7466656,-2.2533344,-4.5066688,12145,EMERGENCY_UNWIND,1,1790393842576,0.55,-3.24,0.0,0.0,GOOD_DECISION_BAD_OUTCOME,NEUTRAL_VARIANCE,82,BALANCED,,0x2c98d032,Sound decision met adverse tail variance. Do NOT penalize valid process.,,,,,,,,,,,,,,,,,,,SOUND_DECISION_PROCESS
trd_1790393848659_290,AzMaYSmHBqoLPmRRg5AqBr2zsw1MiXmTNaYtkj3wtqNg,MAX,0.0002646554970760243,0.0002567,50.0,47.8612497,-2.138750299999998,-4.277500599999996,8091,EMERGENCY_UNWIND,1,1790393848659,0.0,-3.01,0.0,0.0,GOOD_DECISION_BAD_OUTCOME,NEUTRAL_VARIANCE,82,BALANCED,,0x21411df1,Sound decision met adverse tail variance. Do NOT penalize valid process.,,,,,,,,,,,,,,,,,,,SOUND_DECISION_PROCESS
trd_1790393904920_813,AzMaYSmHBqoLPmRRg5AqBr2zsw1MiXmTNaYtkj3wtqNg,MAX,0.00025908060150375974,0.0002462,50.0,46.9014054,-3.0985945999999984,-6.197189199999997,34283,EMERGENCY_UNWIND,1,1790393904920,0.0,-4.97,0.0,0.0,GOOD_DECISION_BAD_OUTCOME,NEUTRAL_VARIANCE,82,BALANCED,,0x7a2abf43,Sound decision met adverse tail variance. Do NOT penalize valid process.,,,,,,,,,,,,,,,,,,,SOUND_DECISION_PROCESS
trd_1790393907470_295,G5Gg3ySGiEcPtvr3q74pPb6UzXXCZc6cvnQi1b4Bpump,PAIDDOG,0.00014920046761676125,0.0001507,100.0,101.5,1.5,1.5,58264,TRAILING_TARGET,1,1790393907470,6.77,-2.41,0.2216,0.3723,GOOD_DECISION_GOOD_OUTCOME,REINFORCE,82,BALANCED,,0x50649dbc,Sound decision process produced profitable outcome. Reinforce policy weights.,,,,,,,,,,,,,,,,,,,SOUND_DECISION_PROCESS
trd_1790393915673_23,So11111111111111111111111111111111111111112,SOL,122.52606879342777,120.82,50.0,50.125,0.125,0.25,121345,TRAILING_TARGET,1,1790393915673,0.0,-1.39,1.0,0.0,GOOD_DECISION_GOOD_OUTCOME,REINFORCE,82,BALANCED,,0x418dc38f,Sound decision process produced profitable outcome. Reinforce policy weights.,,,,,,,,,,,,,,,,,,,SOUND_DECISION_PROCESS
trd_1790393920924_323,G5Gg3ySGiEcPtvr3q74pPb6UzXXCZc6cvnQi1b4Bpump,PAIDDOG,0.00015275213868003363,0.0001483,50.0,47.90585385,-2.0941461500000003,-4.1882923000000005,12386,EMERGENCY_UNWIND,1,1790393920924,0.0,-2.91,0.0,0.0,GOOD_DECISION_BAD_OUTCOME,NEUTRAL_VARIANCE,82,BALANCED,,0x38417f76,Sound decision met adverse tail variance. Do NOT penalize valid process.,,,,,,,,,,,,,,,,,,,SOUND_DECISION_PROCESS
trd_1790393942806_427,AzMaYSmHBqoLPmRRg5AqBr2zsw1MiXmTNaYtkj3wtqNg,MAX,0.0002495525981620724,0.0002253,50.0,50.75,0.75,1.5,36201,TRAILING_TARGET,1,1790393942806,4.51,-9.72,0.3326,0.0,GOOD_DECISION_GOOD_OUTCOME,REINFORCE,82,BALANCED,,0x7f4fab1e,Sound decision process produced profitable outcome. Reinforce policy weights.,,,,,,,,,,,,,,,,,,,SOUND_DECISION_PROCESS
trd_1790393943619_132,G5Gg3ySGiEcPtvr3q74pPb6UzXXCZc6cvnQi1b4Bpump,PAIDDOG,0.00015031945697577303,0.0001452,50.0,47.66609115,-2.3339088500000003,-4.6678177000000005,4976,EMERGENCY_UNWIND,1,1790393943619,0.0,-3.41,0.0,0.0,GOOD_DECISION_BAD_OUTCOME,NEUTRAL_VARIANCE,82,BALANCED,,0x6a7ab2ab,Sound decision met adverse tail variance. Do NOT penalize valid process.,,,,,,,,,,,,,,,,,,,SOUND_DECISION_PROCESS
trd_1790393982887_811,G5Gg3ySGiEcPtvr3q74pPb6UzXXCZc6cvnQi1b4Bpump,PAIDDOG,0.00014713981377443633,0.0001424,48.84,46.6596759,-2.1803241,-4.464218058968059,38094,EMERGENCY_UNWIND,1,1790393982887,0.0,-3.22,0.0,0.0,GOOD_DECISION_BAD_OUTCOME,NEUTRAL_VARIANCE,82,BALANCED,,0x7706a013,Sound decision met adverse tail variance. Do NOT penalize valid process.,,,,,,,,,,,,,,,,,,,SOUND_DECISION_PROCESS
trd_1790394037080_942,So11111111111111111111111111111111111111112,SOL,122.46525157480639,120.96,50.0,50.125,0.125,0.25,120493,OPERATOR_CLOSE,1,1790394037080,0.0,-1.34,1.0,0.0851,GOOD_DECISION_GOOD_OUTCOME,REINFORCE,82,BALANCED,,0x1940926f,Sound decision process produced profitable outcome. Reinforce policy weights.,,,,,,,,,,,,,,,,,,,SOUND_DECISION_PROCESS
trd_1790394065475_886,AzMaYSmHBqoLPmRRg5AqBr2zsw1MiXmTNaYtkj3wtqNg,MAX,0.00023087132798115632,0.0002318,100.0,100.25,0.25,0.25,121042,OPERATOR_CLOSE,1,1790394065475,1.31,-2.41,0.1908,0.7558,GOOD_DECISION_GOOD_OUTCOME,REINFORCE,82,BALANCED,,0x22d8d474,Sound decision process produced profitable outcome. Reinforce policy weights.,,,,,,,,,,,,,,,,,,,SOUND_DECISION_PROCESS
trd_1790394105229_832,HSUMi4rMgjrx7zRUabw3ogGu1pa5hmF2eVcXj9Apump,goon,0.0010227399331662536,0.001014,50.0,50.125,0.125,0.25,120875,TRAILING_TARGET,1,1790394105229,0.0,-1.34,1.0,0.3639,GOOD_DECISION_GOOD_OUTCOME,REINFORCE,82,BALANCED,,0x425840ae,Sound decision process produced profitable outcome. Reinforce policy weights.,,,,,,,,,,,,,,,,,,,SOUND_DECISION_PROCESS
trd_1790394123519_54,GNq9jVow6MayA3xM2AfGygh58gMu1vY6wajiXDXZCZu,PMARCA,0.0009013085714285864,0.0008653,50.0,47.37829155,-2.62170845,-5.2434169,16985,EMERGENCY_UNWIND,1,1790394123519,0.0,-4.0,0.0,0.0,GOOD_DECISION_BAD_OUTCOME,NEUTRAL_VARIANCE,82,BALANCED,,0x09deb5a9,Sound decision met adverse tail variance. Do NOT penalize valid process.,,,,,,,,,,,,,,,,,,,SOUND_DECISION_PROCESS
trd_1790394159539_589,H74CYmXgMkYHYuSRsZt6RJb4NYp2u72Vw8BS5huApump,LMAO!,0.0026627728487887115,0.002639,50.0,50.125,0.125,0.25,121183,OPERATOR_CLOSE,1,1790394159539,0.0,-0.89,1.0,0.0,GOOD_DECISION_GOOD_OUTCOME,REINFORCE,82,BALANCED,,0x06e29000,Sound decision process produced profitable outcome. Reinforce policy weights.,,,,,,,,,,,,,,,,,,,SOUND_DECISION_PROCESS
trd_1790394187591_282,J8PSdNP3QewKq2Z1JJJFDMaqF7KcaiJhR7gbr5KZpump,TripleT,0.009193509607351992,0.008994,50.0,50.125,0.125,0.25,120980,TRAILING_TARGET,1,1790394187591,0.0,-2.17,1.0,0.0,GOOD_DECISION_GOOD_OUTCOME,REINFORCE,82,BALANCED,,0x43ce3245,Sound decision process produced profitable outcome. Reinforce policy weights.,,,,,,,,,,,,,,,,,,,SOUND_DECISION_PROCESS
trd_1790394261032_853,AzMaYSmHBqoLPmRRg5AqBr2zsw1MiXmTNaYtkj3wtqNg,MAX,0.00025563430242272377,0.0002223,50.0,50.125,0.125,0.25,136667,STOP_LOSS,0,1790394261032,2.84,-7.92,0.088,0.0,BAD_DECISION_GOOD_OUTCOME,DO_NOT_REINFORCE_LUCK,82,BALANCED,,0x79c101e3,Flawed process produced lucky profit. Strictly avoid reinforcing bad habits.,,,,,,,,,,,,,,,,,,,LUCKY_STOP_LOSS_REVERSAL
trd_1790394265883_51,AzMaYSmHBqoLPmRRg5AqBr2zsw1MiXmTNaYtkj3wtqNg,MAX,0.00022532714285714356,0.0002069,50.0,45.3348765,-4.6651235,-9.330247,3581,EMERGENCY_UNWIND,0,1790394265883,0.0,-8.18,0.0,0.0,BAD_DECISION_BAD_OUTCOME,PENALIZE_POLICY,85,DEFENSIVE,,0x21578c0f,Flawed process caused loss. Penalize strategy parameters and raise adaptive HSI hurdle to 85.,,,,,,,,,,,,,,,,,,,EMERGENCY_UNWIND_SEVERE_CRASH
trd_1790394281683_616,H74CYmXgMkYHYuSRsZt6RJb4NYp2u72Vw8BS5huApump,LMAO!,0.002674936257310032,0.00264,50.0,50.125,0.125,0.25,121055,TRAILING_TARGET,1,1790394281683,0.0,-1.31,1.0,0.0,GOOD_DECISION_GOOD_OUTCOME,REINFORCE,82,BALANCED,,0x32adecec,Sound decision process produced profitable outcome. Reinforce policy weights.,,,,,,,,,,,,,,,,,,,SOUND_DECISION_PROCESS
trd_1790394288062_788,4AL1nAp9gnHygZVpjcWLaPFgLPcqDXAyKuRH25Bzpump,XMONEY,0.00015376575605680895,0.0001461,50.0,46.89471975,-3.1052802499999994,-6.2105605,20483,EMERGENCY_UNWIND,1,1790394288062,0.0,-4.99,0.0,0.0,GOOD_DECISION_BAD_OUTCOME,NEUTRAL_VARIANCE,82,BALANCED,,0x2c79fa56,Sound decision met adverse tail variance. Do NOT penalize valid process.,,,,,,,,,,,,,,,,,,,SOUND_DECISION_PROCESS
trd_1790394309342_843,J8PSdNP3QewKq2Z1JJJFDMaqF7KcaiJhR7gbr5KZpump,TripleT,0.009116474686717743,0.008982,50.0,50.125,0.125,0.25,121033,TRAILING_TARGET,1,1790394309342,0.0,-1.48,1.0,0.0,GOOD_DECISION_GOOD_OUTCOME,REINFORCE,82,BALANCED,,0x50541183,Sound decision process produced profitable outcome. Reinforce policy weights.,,,,,,,,,,,,,,,,,,,SOUND_DECISION_PROCESS
trd_1790394343118_410,AzMaYSmHBqoLPmRRg5AqBr2zsw1MiXmTNaYtkj3wtqNg,MAX,0.00020556160401002542,0.0002061,50.0,50.75,0.75,1.5,53686,TRAILING_TARGET,1,1790394343118,5.27,-1.34,0.2846,0.2426,GOOD_DECISION_GOOD_OUTCOME,REINFORCE,82,BALANCED,,0x05a016f3,Sound decision process produced profitable outcome. Reinforce policy weights.,,,,,,,,,,,,,,,,,,,SOUND_DECISION_PROCESS
trd_1790394395043_590,AzMaYSmHBqoLPmRRg5AqBr2zsw1MiXmTNaYtkj3wtqNg,MAX,0.00020890654135338358,0.0002411,50.0,56.8339848,6.833984800000003,13.667969600000006,50480,TRAILING_TARGET,1,1790394395043,0.0,-1.34,1.0,1.0,GOOD_DECISION_GOOD_OUTCOME,REINFORCE,82,BALANCED,,0x5a83403b,Sound decision process produced profitable outcome. Reinforce policy weights.,,,,,,,,,,,,,,,,,,,SOUND_DECISION_PROCESS
trd_1790394403242_438,H74CYmXgMkYHYuSRsZt6RJb4NYp2u72Vw8BS5huApump,LMAO!,0.002675949874686776,0.002636,50.0,50.125,0.125,0.25,120903,TRAILING_TARGET,1,1790394403242,0.0,-1.49,1.0,0.0,GOOD_DECISION_GOOD_OUTCOME,REINFORCE,82,BALANCED,,0x2c84136f,Sound decision process produced profitable outcome. Reinforce policy weights.,,,,,,,,,,,,,,,,,,,SOUND_DECISION_PROCESS
trd_1790394408519_525,AzMaYSmHBqoLPmRRg5AqBr2zsw1MiXmTNaYtkj3wtqNg,MAX,0.00024438314954051895,0.0002308,50.0,46.614946350000004,-3.3850536499999957,-6.770107299999991,12121,EMERGENCY_UNWIND,1,1790394408519,0.0,-5.56,0.0,0.0,GOOD_DECISION_BAD_OUTCOME,NEUTRAL_VARIANCE,82,BALANCED,,0x62909b96,Sound decision met adverse tail variance. Do NOT penalize valid process.,,,,,,,,,,,,,,,,,,,SOUND_DECISION_PROCESS
trd_1790394431585_333,J8PSdNP3QewKq2Z1JJJFDMaqF7KcaiJhR7gbr5KZpump,TripleT,0.009104311278196468,0.008995,50.0,50.125,0.125,0.25,120933,TRAILING_TARGET,1,1790394431585,0.0,-1.34,1.0,0.1063,GOOD_DECISION_GOOD_OUTCOME,REINFORCE,82,BALANCED,,0x08834b89,Sound decision process produced profitable outcome. Reinforce policy weights.,,,,,,,,,,,,,,,,,,,SOUND_DECISION_PROCESS
trd_1790394525004_107,H74CYmXgMkYHYuSRsZt6RJb4NYp2u72Vw8BS5huApump,LMAO!,0.0026718954051796525,0.002634,50.0,50.125,0.125,0.25,120705,OPERATOR_CLOSE,1,1790394525004,0.0,-1.42,1.0,0.0,GOOD_DECISION_GOOD_OUTCOME,REINFORCE,82,BALANCED,,0x148f22f6,Sound decision process produced profitable outcome. Reinforce policy weights.,,,,,,,,,,,,,,,,,,,SOUND_DECISION_PROCESS
trd_1790394530283_554,AzMaYSmHBqoLPmRRg5AqBr2zsw1MiXmTNaYtkj3wtqNg,MAX,0.00023394289055973328,0.000232,50.0,50.125,0.125,0.25,120984,TRAILING_TARGET,1,1790394530283,1.52,-6.0,0.1645,0.6875,GOOD_DECISION_GOOD_OUTCOME,REINFORCE,82,BALANCED,,0x2274e066,Sound decision process produced profitable outcome. Reinforce policy weights.,,,,,,,,,,,,,,,,,,,SOUND_DECISION_PROCESS
trd_1790394553823_662,J8PSdNP3QewKq2Z1JJJFDMaqF7KcaiJhR7gbr5KZpump,TripleT,0.009117488304095055,0.008988,50.0,50.125,0.125,0.25,121330,TRAILING_TARGET,1,1790394553823,0.0,-1.42,1.0,0.0,GOOD_DECISION_GOOD_OUTCOME,REINFORCE,82,BALANCED,,0x3341df26,Sound decision process produced profitable outcome. Reinforce policy weights.,,,,,,,,,,,,,,,,,,,SOUND_DECISION_PROCESS
trd_1790394557034_306,98kfF7rmsg1QDUEoCqNE7g7M1FdrTt92TEp2CLzypump,PAID,0.04786301253134348,0.04644,50.0,47.8773054,-2.1226946000000027,-4.245389200000005,30684,EMERGENCY_UNWIND,1,1790394557034,0.0,-2.97,0.0,0.0,GOOD_DECISION_BAD_OUTCOME,NEUTRAL_VARIANCE,82,BALANCED,,0x497922bc,Sound decision met adverse tail variance. Do NOT penalize valid process.,,,,,,,,,,,,,,,,,,,SOUND_DECISION_PROCESS
trd_1790394603153_385,AzMaYSmHBqoLPmRRg5AqBr2zsw1MiXmTNaYtkj3wtqNg,MAX,0.00023515923141186306,0.0002473,50.0,51.8456505,1.8456504999999976,3.6913009999999953,70537,TRAILING_TARGET,1,1790394603153,7.29,-1.34,0.5064,0.7537,GOOD_DECISION_GOOD_OUTCOME,REINFORCE,82,BALANCED,,0x41772129,Sound decision process produced profitable outcome. Reinforce policy weights.,,,,,,,,,,,,,,,,,,,SOUND_DECISION_PROCESS
trd_1790394607425_500,Avj4EGfqEsMt8ZrDtFJXWj5mtx2xJ6r64zdBZcJppump,x/acc,0.0003298310944026749,0.0002874,50.0,43.04314455,-6.956855449999999,-13.913710899999998,3095,EMERGENCY_UNWIND,0,1790394607425,0.0,-12.86,0.0,0.0,BAD_DECISION_BAD_OUTCOME,PENALIZE_POLICY,85,DEFENSIVE,,0x24e2449e,Flawed process caused loss. Penalize strategy parameters and raise adaptive HSI hurdle to 85.,,,,,,,,,,,,,,,,,,,CATASTROPHIC_STOP_LOSS_VIOLATION
trd_1790394642233_733,AzMaYSmHBqoLPmRRg5AqBr2zsw1MiXmTNaYtkj3wtqNg,MAX,0.00025117438596491346,0.0002206,50.0,43.381643100000005,-6.618356899999994,-13.236713799999988,33807,STOP_LOSS,0,1790394642233,0.09,-1.34,0.0,0.0,BAD_DECISION_BAD_OUTCOME,PENALIZE_POLICY,85,DEFENSIVE,,0x2141424d,Flawed process caused loss. Penalize strategy parameters and raise adaptive HSI hurdle to 85.,,,,,,,,,,,,,,,,,,,CATASTROPHIC_STOP_LOSS_VIOLATION
trd_1790394659321_532,Avj4EGfqEsMt8ZrDtFJXWj5mtx2xJ6r64zdBZcJppump,x/acc,0.0003697676190476206,0.0003239,50.0,43.26821339999999,-6.731786600000006,-13.463573200000011,14959,EMERGENCY_UNWIND,0,1790394659321,0.0,-12.4,0.0,0.0,BAD_DECISION_BAD_OUTCOME,PENALIZE_POLICY,85,DEFENSIVE,,0x6c27f47c,Flawed process caused loss. Penalize strategy parameters and raise adaptive HSI hurdle to 85.,,,,,,,,,,,,,,,,,,,CATASTROPHIC_STOP_LOSS_VIOLATION
trd_1790394659414_395,98kfF7rmsg1QDUEoCqNE7g7M1FdrTt92TEp2CLzypump,PAID,0.047072390977475224,0.04855,50.0,50.8591995,0.8591995000000026,1.7183990000000051,100969,TRAILING_TARGET,1,1790394659414,5.77,-1.34,0.2978,0.6299,GOOD_DECISION_GOOD_OUTCOME,REINFORCE,82,BALANCED,,0x4a5fd338,Sound decision process produced profitable outcome. Reinforce policy weights.,,,,,,,,,,,,,,,,,,,SOUND_DECISION_PROCESS
trd_1790394675520_535,J8PSdNP3QewKq2Z1JJJFDMaqF7KcaiJhR7gbr5KZpump,TripleT,0.00911039298245736,0.009046,50.0,50.125,0.125,0.25,120962,OPERATOR_CLOSE,1,1790394675520,0.0,-1.41,1.0,0.4985,GOOD_DECISION_GOOD_OUTCOME,REINFORCE,82,BALANCED,,0x1b79f45c,Sound decision process produced profitable outcome. Reinforce policy weights.,,,,,,,,,,,,,,,,,,,SOUND_DECISION_PROCESS
trd_1790394676767_964,2Ngvnnkwrwq5u4RYV5WYKJ2wiQoEkKaVCc4LuuhYSTNK,STONKBLEND,0.00024154502088554803,0.0001872,50.0,43.0,-7.0,-14.0,14313,STOP_LOSS,0,1790394676767,0.0,-1.34,0.0,0.0,BAD_DECISION_BAD_OUTCOME,PENALIZE_POLICY,85,DEFENSIVE,,0x657536bf,Flawed process caused loss. Penalize strategy parameters and raise adaptive HSI hurdle to 85.,,,,,,,,,,,,,,,,,,,CATASTROPHIC_STOP_LOSS_VIOLATION
trd_1790394711603_993,Avj4EGfqEsMt8ZrDtFJXWj5mtx2xJ6r64zdBZcJppump,x/acc,0.00030236206349206455,0.0003583,25.000000000000156,29.3582238,4.358223799999846,17.432895199999273,33218,TRAILING_TARGET,1,1790394711603,18.5,-1.34,0.9423,1.0,GOOD_DECISION_GOOD_OUTCOME,REINFORCE,82,BALANCED,,0x073452d2,Sound decision process produced profitable outcome. Reinforce policy weights.,,,,,,,,,,,,,,,,,,,SOUND_DECISION_PROCESS
trd_1790394712571_424,Avj4EGfqEsMt8ZrDtFJXWj5mtx2xJ6r64zdBZcJppump,x/acc,0.00030236206349206455,0.0003583,24.999999999999847,29.3582238,4.358223800000154,17.432895200000722,34186,TRAILING_TARGET,1,1790394712571,18.5,-1.34,0.9423,1.0,GOOD_DECISION_GOOD_OUTCOME,REINFORCE,82,BALANCED,,0x7d99d50a,Sound decision process produced profitable outcome. Reinforce policy weights.,,,,,,,,,,,,,,,,,,,SOUND_DECISION_PROCESS
trd_1790394755649_632,AzMaYSmHBqoLPmRRg5AqBr2zsw1MiXmTNaYtkj3wtqNg,MAX,0.00024397770258980818,0.0002324,50.0,47.0119119,-2.988088099999999,-5.976176199999998,39336,EMERGENCY_UNWIND,1,1790394755649,0.0,-4.75,0.0,0.0,GOOD_DECISION_BAD_OUTCOME,NEUTRAL_VARIANCE,82,BALANCED,,0x2fdce61f,Sound decision met adverse tail variance. Do NOT penalize valid process.,,,,,,,,,,,,,,,,,,,SOUND_DECISION_PROCESS
trd_1790394780477_79,Avj4EGfqEsMt8ZrDtFJXWj5mtx2xJ6r64zdBZcJppump,x/acc,0.0004582564160401023,0.0003033,50.0,43.0,-7.0,-14.0,24002,STOP_LOSS,0,1790394780477,0.0,-1.34,0.0,0.0,BAD_DECISION_BAD_OUTCOME,PENALIZE_POLICY,85,DEFENSIVE,,0x389d84e9,Flawed process caused loss. Penalize strategy parameters and raise adaptive HSI hurdle to 85.,,,,,,,,,,,,,,,,,,,CATASTROPHIC_STOP_LOSS_VIOLATION
trd_1790394816094_730,AzMaYSmHBqoLPmRRg5AqBr2zsw1MiXmTNaYtkj3wtqNg,MAX,0.000272257627401838,0.0002631,50.0,47.68666035,-2.313339650000003,-4.626679300000006,33691,EMERGENCY_UNWIND,1,1790394816094,0.0,-3.36,0.0,0.0,GOOD_DECISION_BAD_OUTCOME,NEUTRAL_VARIANCE,82,BALANCED,,0x29fad740,Sound decision met adverse tail variance. Do NOT penalize valid process.,,,,,,,,,,,,,,,,,,,SOUND_DECISION_PROCESS
trd_1790394841876_345,Avj4EGfqEsMt8ZrDtFJXWj5mtx2xJ6r64zdBZcJppump,x/acc,0.000289995931495406,0.0002598,50.0,50.125,0.125,0.25,23358,TRAILING_TARGET,1,1790394841876,0.0,-10.41,1.0,0.0,GOOD_DECISION_GOOD_OUTCOME,REINFORCE,82,BALANCED,,0x5d8b1ec2,Sound decision process produced profitable outcome. Reinforce policy weights.,,,,,,,,,,,,,,,,,,,SOUND_DECISION_PROCESS
trd_1790394917535_382,J8PSdNP3QewKq2Z1JJJFDMaqF7KcaiJhR7gbr5KZpump,TripleT,0.00916918279030989,0.00887,50.0,50.125,0.125,0.25,240875,TRAILING_TARGET,1,1790394917535,0.0,-3.67,1.0,0.1101,GOOD_DECISION_GOOD_OUTCOME,REINFORCE,82,BALANCED,,0x1f4cdd62,Sound decision process produced profitable outcome. Reinforce policy weights.,,,,,,,,,,,,,,,,,,,SOUND_DECISION_PROCESS
trd_1790394980368_42,AzMaYSmHBqoLPmRRg5AqBr2zsw1MiXmTNaYtkj3wtqNg,MAX,0.00026810179615705985,0.000309,50.0,56.75826255,6.758262549999997,13.516525099999996,137957,TRAILING_TARGET,1,1790394980368,15.25,-1.34,0.8863,1.0,GOOD_DECISION_GOOD_OUTCOME,REINFORCE,82,BALANCED,,0x38250bac,Sound decision process produced profitable outcome. Reinforce policy weights.,,,,,,,,,,,,,,,,,,,SOUND_DECISION_PROCESS
trd_1790394984334_972,Avj4EGfqEsMt8ZrDtFJXWj5mtx2xJ6r64zdBZcJppump,x/acc,0.0003517252297410207,0.0003138,50.0,50.125,0.125,0.25,1918,TRAILING_TARGET,1,1790394984334,0.0,-10.78,1.0,0.0,GOOD_DECISION_GOOD_OUTCOME,REINFORCE,82,BALANCED,,0x2a29cf94,Sound decision process produced profitable outcome. Reinforce policy weights.,,,,,,,,,,,,,,,,,,,SOUND_DECISION_PROCESS
trd_1790394988441_510,AzMaYSmHBqoLPmRRg5AqBr2zsw1MiXmTNaYtkj3wtqNg,MAX,0.00032283713450292597,0.000309,50.0,47.236210199999995,-2.7637898000000054,-5.52757960000001,1987,EMERGENCY_UNWIND,1,1790394988441,0.0,-4.29,0.0,0.0,GOOD_DECISION_BAD_OUTCOME,NEUTRAL_VARIANCE,82,BALANCED,,0x0dd7eb3a,Sound decision met adverse tail variance. Do NOT penalize valid process.,,,,,,,,,,,,,,,,,,,SOUND_DECISION_PROCESS
trd_1790394993656_338,ABNbjwfaiDLfomrLH21RzscZ8rnNkrDEHKfSC9vY7XZ6,MEME,0.00010703799498746877,7.125e-05,50.0,43.0,-7.0,-14.0,3253,STOP_LOSS,0,1790394993656,0.0,-1.34,0.0,0.0,BAD_DECISION_BAD_OUTCOME,PENALIZE_POLICY,85,DEFENSIVE,,0x709ac4c5,Flawed process caused loss. Penalize strategy parameters and raise adaptive HSI hurdle to 85.,,,,,,,,,,,,,,,,,,,CATASTROPHIC_STOP_LOSS_VIOLATION
trd_1790395028833_417,4LBPTZUaJdBNHEEBbzFeMXaaZzD5cggtsorwYaPtzbiZ,x/acc,7.034504594820395e-05,6.745e-05,50.0,47.31952335,-2.680476650000003,-5.360953300000006,34405,EMERGENCY_UNWIND,1,1790395028833,0.0,-4.12,0.0,0.0,GOOD_DECISION_BAD_OUTCOME,NEUTRAL_VARIANCE,82,BALANCED,,0x0fff329a,Sound decision met adverse tail variance. Do NOT penalize valid process.,,,,,,,,,,,,,,,,,,,SOUND_DECISION_PROCESS
trd_1790395039483_88,J8PSdNP3QewKq2Z1JJJFDMaqF7KcaiJhR7gbr5KZpump,TripleT,0.008990786131997622,0.008888,50.0,50.125,0.125,0.25,121175,TRAILING_TARGET,1,1790395039483,0.0,-1.98,1.0,0.4219,GOOD_DECISION_GOOD_OUTCOME,REINFORCE,82,BALANCED,,0x5d49cbe5,Sound decision process produced profitable outcome. Reinforce policy weights.,,,,,,,,,,,,,,,,,,,SOUND_DECISION_PROCESS
trd_1790395041878_842,Avj4EGfqEsMt8ZrDtFJXWj5mtx2xJ6r64zdBZcJppump,x/acc,0.00022157675856307476,0.0001744,50.0,43.0,-7.0,-14.0,11436,STOP_LOSS,0,1790395041878,0.0,-21.29,0.0,0.0,BAD_DECISION_BAD_OUTCOME,PENALIZE_POLICY,85,DEFENSIVE,,0x00ca8d9e,Flawed process caused loss. Penalize strategy parameters and raise adaptive HSI hurdle to 85.,,,,,,,,,,,,,,,,,,,CATASTROPHIC_STOP_LOSS_VIOLATION
trd_1790395046726_130,CbcyNo7m1amFWqEQm2m4PLv1UNvpcL3C1Ujm6AkzpKoU,e/acc,0.02131637343359101,0.02073,50.0,47.98581945,-2.014180549999999,-4.028361099999998,2345,EMERGENCY_UNWIND,1,1790395046726,0.0,-2.75,0.0,0.0,GOOD_DECISION_BAD_OUTCOME,NEUTRAL_VARIANCE,82,BALANCED,,0x09b81cfa,Sound decision met adverse tail variance. Do NOT penalize valid process.,,,,,,,,,,,,,,,,,,,SOUND_DECISION_PROCESS
trd_1790395101039_591,98kfF7rmsg1QDUEoCqNE7g7M1FdrTt92TEp2CLzypump,PAID,0.049211123642461385,0.04396,50.0,50.125,0.125,0.25,440438,TRAILING_TARGET,1,1790395101039,0.0,-10.67,1.0,0.0,GOOD_DECISION_GOOD_OUTCOME,REINFORCE,82,BALANCED,,0x091cdd1c,Sound decision process produced profitable outcome. Reinforce policy weights.,,,,,,,,,,,,,,,,,,,SOUND_DECISION_PROCESS
trd_1790395135906_479,AzMaYSmHBqoLPmRRg5AqBr2zsw1MiXmTNaYtkj3wtqNg,MAX,0.0003135118546365924,0.0002599,50.0,50.125,0.125,0.25,87358,STOP_LOSS,0,1790395135906,1.34,-1.6,0.1866,0.0,BAD_DECISION_GOOD_OUTCOME,DO_NOT_REINFORCE_LUCK,82,BALANCED,,0x637ad32c,Flawed process produced lucky profit. Strictly avoid reinforcing bad habits.,,,,,,,,,,,,,,,,,,,LUCKY_STOP_LOSS_REVERSAL
trd_1790395140967_440,GNq9jVow6MayA3xM2AfGygh58gMu1vY6wajiXDXZCZu,PMARCA,0.0005383321888053472,0.0005229,50.0,47.92926225,-2.0707377499999993,-4.1414754999999985,2267,EMERGENCY_UNWIND,1,1790395140967,0.0,-2.87,0.0,0.0,GOOD_DECISION_BAD_OUTCOME,NEUTRAL_VARIANCE,82,BALANCED,,0x2504cd1d,Sound decision met adverse tail variance. Do NOT penalize valid process.,,,,,,,,,,,,,,,,,,,SOUND_DECISION_PROCESS
trd_1790395163341_436,AzMaYSmHBqoLPmRRg5AqBr2zsw1MiXmTNaYtkj3wtqNg,MAX,0.00026333779448621585,0.0002522,50.0,47.26386599999999,-2.736134000000007,-5.472268000000014,21034,EMERGENCY_UNWIND,1,1790395163341,0.0,-4.23,0.0,0.0,GOOD_DECISION_BAD_OUTCOME,NEUTRAL_VARIANCE,82,BALANCED,,0x4c0b1871,Sound decision met adverse tail variance. Do NOT penalize valid process.,,,,,,,,,,,,,,,,,,,SOUND_DECISION_PROCESS
trd_1790395197317_48,4LBPTZUaJdBNHEEBbzFeMXaaZzD5cggtsorwYaPtzbiZ,x/acc,6.525668671679202e-05,6.096e-05,50.0,46.11364635,-3.886353649999997,-7.772707299999994,32900,EMERGENCY_UNWIND,0,1790395197317,0.0,-6.58,0.0,0.0,BAD_DECISION_BAD_OUTCOME,PENALIZE_POLICY,85,DEFENSIVE,,0x7915ef89,Flawed process caused loss. Penalize strategy parameters and raise adaptive HSI hurdle to 85.,,,,,,,,,,,,,,,,,,,EMERGENCY_UNWIND_SEVERE_CRASH
trd_1790395201390_709,AzMaYSmHBqoLPmRRg5AqBr2zsw1MiXmTNaYtkj3wtqNg,MAX,0.0002573574519632426,0.0002492,50.0,47.7813231,-2.2186768999999984,-4.437353799999997,2913,EMERGENCY_UNWIND,1,1790395201390,0.0,-3.17,0.0,0.0,GOOD_DECISION_BAD_OUTCOME,NEUTRAL_VARIANCE,82,BALANCED,,0x2780e7e1,Sound decision met adverse tail variance. Do NOT penalize valid process.,,,,,,,,,,,,,,,,,,,SOUND_DECISION_PROCESS
trd_1790395205502_715,Avj4EGfqEsMt8ZrDtFJXWj5mtx2xJ6r64zdBZcJppump,x/acc,0.00011220744360902257,0.0001328,25.00000000000006,29.32177245,4.3217724499999415,17.287089799999723,2913,TRAILING_TARGET,1,1790395205502,18.35,-1.34,0.9421,1.0,GOOD_DECISION_GOOD_OUTCOME,REINFORCE,82,BALANCED,,0x796ddfa8,Sound decision process produced profitable outcome. Reinforce policy weights.,,,,,,,,,,,,,,,,,,,SOUND_DECISION_PROCESS
trd_1790395206495_693,Avj4EGfqEsMt8ZrDtFJXWj5mtx2xJ6r64zdBZcJppump,x/acc,0.00011220744360902257,0.0001328,24.999999999999943,29.32177245,4.321772450000058,17.28708980000027,3906,TRAILING_TARGET,1,1790395206495,18.35,-1.34,0.9421,1.0,GOOD_DECISION_GOOD_OUTCOME,REINFORCE,82,BALANCED,,0x3a89efc7,Sound decision process produced profitable outcome. Reinforce policy weights.,,,,,,,,,,,,,,,,,,,SOUND_DECISION_PROCESS
trd_1790395223547_821,98kfF7rmsg1QDUEoCqNE7g7M1FdrTt92TEp2CLzypump,PAID,0.044558619883054464,0.04484,50.0,50.125,0.125,0.25,120992,OPERATOR_CLOSE,1,1790395223547,0.63,-2.11,0.3968,1.0,GOOD_DECISION_GOOD_OUTCOME,REINFORCE,82,BALANCED,,0x14ed77da,Sound decision process produced profitable outcome. Reinforce policy weights.,,,,,,,,,,,,,,,,,,,SOUND_DECISION_PROCESS
trd_1790395227447_379,8V1JHHQbfBPVTr255VNwADJ4outZZwwAaCkDZoVRpump,a/aut,0.0001067339097744363,9.579e-05,50.0,44.32024155,-5.679758450000001,-11.359516900000003,18895,EMERGENCY_UNWIND,0,1790395227447,0.0,-10.25,0.0,0.0,BAD_DECISION_BAD_OUTCOME,PENALIZE_POLICY,85,DEFENSIVE,,0x3dd0cb7c,Flawed process caused loss. Penalize strategy parameters and raise adaptive HSI hurdle to 85.,,,,,,,,,,,,,,,,,,,CATASTROPHIC_STOP_LOSS_VIOLATION
trd_1790395262536_884,4LBPTZUaJdBNHEEBbzFeMXaaZzD5cggtsorwYaPtzbiZ,x/acc,6.264155388471183e-05,9.161e-05,50.0,71.77617645,21.776176449999994,43.55235289999999,33860,TRAILING_TARGET,1,1790395262536,1.24,-1.34,1.0,1.0,GOOD_DECISION_GOOD_OUTCOME,REINFORCE,82,BALANCED,,0x648620f5,Sound decision process produced profitable outcome. Reinforce policy weights.,,,,,,,,,,,,,,,,,,,SOUND_DECISION_PROCESS
trd_1790395263488_906,98kfF7rmsg1QDUEoCqNE7g7M1FdrTt92TEp2CLzypump,PAID,0.045450603174630164,0.04415,50.0,47.93174775,-2.0682522500000005,-4.136504500000001,38958,EMERGENCY_UNWIND,1,1790395263488,0.0,-2.86,0.0,0.0,GOOD_DECISION_BAD_OUTCOME,NEUTRAL_VARIANCE,82,BALANCED,,0x1f4cbb9a,Sound decision met adverse tail variance. Do NOT penalize valid process.,,,,,,,,,,,,,,,,,,,SOUND_DECISION_PROCESS
trd_1790395267395_145,98kfF7rmsg1QDUEoCqNE7g7M1FdrTt92TEp2CLzypump,PAID,0.04524176267363531,0.04385,100.0,94.6479243,-5.3520757,-5.3520757,3107,EMERGENCY_UNWIND,1,1790395267395,0.0,-3.08,0.0,0.0,GOOD_DECISION_BAD_OUTCOME,NEUTRAL_VARIANCE,82,BALANCED,,0x24c03ddc,Sound decision met adverse tail variance. Do NOT penalize valid process.,,,,,,,,,,,,,,,,,,,SOUND_DECISION_PROCESS
trd_1790395271780_696,AzMaYSmHBqoLPmRRg5AqBr2zsw1MiXmTNaYtkj3wtqNg,MAX,0.00028087337510442854,0.000273,50.0,47.960256900000005,-2.0397430999999955,-4.079486199999991,5439,EMERGENCY_UNWIND,1,1790395271780,0.0,-2.8,0.0,0.0,GOOD_DECISION_BAD_OUTCOME,NEUTRAL_VARIANCE,82,BALANCED,,0x5389a289,Sound decision met adverse tail variance. Do NOT penalize valid process.,,,,,,,,,,,,,,,,,,,SOUND_DECISION_PROCESS
trd_1790395272303_178,DQTfuVTgCsv6oL414GoGTfotBXuRRsQW4vxpM2R1pump,CCNPC,0.0001530562238930661,0.0001755,25.0,28.41372285,3.413722849999999,13.654891399999997,3850,TRAILING_TARGET,1,1790395272303,14.66,-1.34,0.9314,1.0,GOOD_DECISION_GOOD_OUTCOME,REINFORCE,82,BALANCED,,0x675b2818,Sound decision process produced profitable outcome. Reinforce policy weights.,,,,,,,,,,,,,,,,,,,SOUND_DECISION_PROCESS
trd_1790395282262_311,J8PSdNP3QewKq2Z1JJJFDMaqF7KcaiJhR7gbr5KZpump,TripleT,0.009009031244780146,0.008709,50.0,50.125,0.125,0.25,241549,TRAILING_TARGET,1,1790395282262,0.0,-5.2,1.0,0.359,GOOD_DECISION_GOOD_OUTCOME,REINFORCE,82,BALANCED,,0x30408e13,Sound decision process produced profitable outcome. Reinforce policy weights.,,,,,,,,,,,,,,,,,,,SOUND_DECISION_PROCESS
trd_1790395288636_735,Avj4EGfqEsMt8ZrDtFJXWj5mtx2xJ6r64zdBZcJppump,x/acc,9.272571762740199e-05,0.0001154,50.0,61.2264375,11.226437500000001,22.452875000000006,4288,TRAILING_TARGET,1,1790395288636,0.0,-1.34,1.0,1.0,GOOD_DECISION_GOOD_OUTCOME,REINFORCE,82,BALANCED,,0x716173da,Sound decision process produced profitable outcome. Reinforce policy weights.,,,,,,,,,,,,,,,,,,,SOUND_DECISION_PROCESS
trd_1790395289584_725,4LBPTZUaJdBNHEEBbzFeMXaaZzD5cggtsorwYaPtzbiZ,x/acc,9.740862990810375e-05,9.19e-05,50.0,46.5675447,-3.432455300000001,-6.864910600000002,17234,EMERGENCY_UNWIND,1,1790395289584,0.0,-5.66,0.0,0.0,GOOD_DECISION_BAD_OUTCOME,NEUTRAL_VARIANCE,82,BALANCED,,0x4b9e0cdd,Sound decision met adverse tail variance. Do NOT penalize valid process.,,,,,,,,,,,,,,,,,,,SOUND_DECISION_PROCESS
trd_1790395323179_176,DQTfuVTgCsv6oL414GoGTfotBXuRRsQW4vxpM2R1pump,CCNPC,0.0001530562238930661,0.0001838,25.0,29.7486222,4.7486222,18.9944888,54726,TRAILING_TARGET,1,1790395323179,20.09,-1.34,0.9455,1.0,GOOD_DECISION_GOOD_OUTCOME,REINFORCE,82,BALANCED,,0x5f00dce1,Sound decision process produced profitable outcome. Reinforce policy weights.,,,,,,,,,,,,,,,,,,,SOUND_DECISION_PROCESS
trd_1790395323661_620,AzMaYSmHBqoLPmRRg5AqBr2zsw1MiXmTNaYtkj3wtqNg,MAX,0.0002838497907269428,0.0002747,100.0,94.507215,-5.492784999999998,-5.492784999999998,33411,EMERGENCY_UNWIND,1,1790395323661,0.0,-3.22,0.0,0.0,GOOD_DECISION_BAD_OUTCOME,NEUTRAL_VARIANCE,82,BALANCED,,0x064861ec,Sound decision met adverse tail variance. Do NOT penalize valid process.,,,,,,,,,,,,,,,,,,,SOUND_DECISION_PROCESS
trd_1790395327574_880,8V1JHHQbfBPVTr255VNwADJ4outZZwwAaCkDZoVRpump,a/aut,0.00010936931495405196,0.0001282,50.0,57.712461,7.7124609999999985,15.424921999999997,36904,TRAILING_TARGET,1,1790395327574,17.22,-1.34,0.8958,1.0,GOOD_DECISION_GOOD_OUTCOME,REINFORCE,82,BALANCED,,0x718ecf94,Sound decision process produced profitable outcome. Reinforce policy weights.,,,,,,,,,,,,,,,,,,,SOUND_DECISION_PROCESS
trd_1790395327906_660,DQTfuVTgCsv6oL414GoGTfotBXuRRsQW4vxpM2R1pump,CCNPC,0.0001883450957964338,0.000213,50.0000000000001,55.705555049999994,5.705555049999894,11.411110099999766,3733,TRAILING_TARGET,1,1790395327906,13.09,-2.41,0.8717,1.0,GOOD_DECISION_GOOD_OUTCOME,REINFORCE,82,BALANCED,,0x0bbb959f,Sound decision process produced profitable outcome. Reinforce policy weights.,,,,,,,,,,,,,,,,,,,SOUND_DECISION_PROCESS
trd_1790395328427_338,AzMaYSmHBqoLPmRRg5AqBr2zsw1MiXmTNaYtkj3wtqNg,MAX,0.00027844069340016847,0.0002558,50.0,45.3577041,-4.642295900000001,-9.284591800000001,3943,EMERGENCY_UNWIND,0,1790395328427,0.0,-8.13,0.0,0.0,BAD_DECISION_BAD_OUTCOME,PENALIZE_POLICY,85,DEFENSIVE,,0x21e94c6c,Flawed process caused loss. Penalize strategy parameters and raise adaptive HSI hurdle to 85.,,,,,,,,,,,,,,,,,,,EMERGENCY_UNWIND_SEVERE_CRASH
trd_1790395362343_162,DQTfuVTgCsv6oL414GoGTfotBXuRRsQW4vxpM2R1pump,CCNPC,0.0001883450957964338,0.0001837,49.9999999999999,52.99999999999989,2.9999999999999942,6.0,38170,TRAILING_TARGET,1,1790395362343,13.09,-2.41,0.4584,0.0,GOOD_DECISION_GOOD_OUTCOME,REINFORCE,82,BALANCED,,0x3b99f35a,Sound decision process produced profitable outcome. Reinforce policy weights.,,,,,,,,,,,,,,,,,,,SOUND_DECISION_PROCESS
trd_1790395367338_618,4LBPTZUaJdBNHEEBbzFeMXaaZzD5cggtsorwYaPtzbiZ,x/acc,9.732754051796166e-05,0.0001245,50.0,62.9075076,12.9075076,25.8150152,36846,TRAILING_TARGET,1,1790395367338,27.92,-1.34,0.9246,1.0,GOOD_DECISION_GOOD_OUTCOME,REINFORCE,82,BALANCED,,0x1b829c41,Sound decision process produced profitable outcome. Reinforce policy weights.,,,,,,,,,,,,,,,,,,,SOUND_DECISION_PROCESS
trd_1790395367855_995,8V1JHHQbfBPVTr255VNwADJ4outZZwwAaCkDZoVRpump,a/aut,0.00012994574770258996,0.0001487,25.0,28.35674925,3.3567492499999996,13.426996999999998,39221,TRAILING_TARGET,1,1790395367855,14.43,-1.88,0.9305,1.0,GOOD_DECISION_GOOD_OUTCOME,REINFORCE,82,BALANCED,,0x5e11dd8d,Sound decision process produced profitable outcome. Reinforce policy weights.,,,,,,,,,,,,,,,,,,,SOUND_DECISION_PROCESS
trd_1790395368511_757,AzMaYSmHBqoLPmRRg5AqBr2zsw1MiXmTNaYtkj3wtqNg,MAX,0.00026404732664995947,0.0002393,50.0,44.75105655,-5.24894345,-10.497886899999997,4030,EMERGENCY_UNWIND,0,1790395368511,0.0,-9.37,0.0,0.0,BAD_DECISION_BAD_OUTCOME,PENALIZE_POLICY,85,DEFENSIVE,,0x78774135,Flawed process caused loss. Penalize strategy parameters and raise adaptive HSI hurdle to 85.,,,,,,,,,,,,,,,,,,,CATASTROPHIC_STOP_LOSS_VIOLATION
trd_1790395401819_387,8V1JHHQbfBPVTr255VNwADJ4outZZwwAaCkDZoVRpump,a/aut,0.00012994574770258996,0.0001182,25.0,26.5,1.5,6.0,73185,TRAILING_TARGET,1,1790395401819,14.43,-9.04,0.4158,0.0,GOOD_DECISION_GOOD_OUTCOME,REINFORCE,82,BALANCED,,0x0cd10e7c,Sound decision process produced profitable outcome. Reinforce policy weights.,,,,,,,,,,,,,,,,,,,SOUND_DECISION_PROCESS
trd_1790395402620_628,DQTfuVTgCsv6oL414GoGTfotBXuRRsQW4vxpM2R1pump,CCNPC,0.0001838701921470344,0.000225,25.0,30.310211700000004,5.3102117000000035,21.240846800000014,33945,TRAILING_TARGET,1,1790395402620,22.37,-1.34,0.9495,1.0,GOOD_DECISION_GOOD_OUTCOME,REINFORCE,82,BALANCED,,0x3797ecca,Sound decision process produced profitable outcome. Reinforce policy weights.,,,,,,,,,,,,,,,,,,,SOUND_DECISION_PROCESS
trd_1790395415915_549,DQTfuVTgCsv6oL414GoGTfotBXuRRsQW4vxpM2R1pump,CCNPC,0.0001838701921470344,0.0001951,25.0,27.0,2.0,8.0,47241,TRAILING_TARGET,1,1790395415915,22.37,-1.34,0.3576,0.3142,GOOD_DECISION_GOOD_OUTCOME,REINFORCE,82,BALANCED,,0x5e2834c6,Sound decision process produced profitable outcome. Reinforce policy weights.,,,,,,,,,,,,,,,,,,,SOUND_DECISION_PROCESS
trd_1790395454140_944,AzMaYSmHBqoLPmRRg5AqBr2zsw1MiXmTNaYtkj3wtqNg,MAX,0.0002448777207658348,0.0002798,46.80500000000013,52.7212173,5.916217299999871,12.640139515008771,84933,TRAILING_TARGET,1,1790395454140,14.26,-2.28,0.8864,1.0,GOOD_DECISION_GOOD_OUTCOME,REINFORCE,82,BALANCED,,0x30cf8cce,Sound decision process produced profitable outcome. Reinforce policy weights.,,,,,,,,,,,,,,,,,,,SOUND_DECISION_PROCESS
trd_1790395454491_835,DQTfuVTgCsv6oL414GoGTfotBXuRRsQW4vxpM2R1pump,CCNPC,0.00019775675020885605,0.0001946,50.0,51.75,1.75,3.5,36018,TRAILING_TARGET,1,1790395454491,7.66,-1.6,0.4569,0.0,GOOD_DECISION_GOOD_OUTCOME,REINFORCE,82,BALANCED,,0x6e8459fd,Sound decision process produced profitable outcome. Reinforce policy weights.,,,,,,,,,,,,,,,,,,,SOUND_DECISION_PROCESS
trd_1790395475992_674,AzMaYSmHBqoLPmRRg5AqBr2zsw1MiXmTNaYtkj3wtqNg,MAX,0.0002448777207658348,0.0002822,46.80499999999988,53.168093549999995,6.363093550000116,13.594901292597228,106785,TRAILING_TARGET,1,1790395475992,15.24,-2.28,0.8921,1.0,GOOD_DECISION_GOOD_OUTCOME,REINFORCE,82,BALANCED,,0x7aa0d694,Sound decision process produced profitable outcome. Reinforce policy weights.,,,,,,,,,,,,,,,,,,,SOUND_DECISION_PROCESS
trd_1790395476164_454,DQTfuVTgCsv6oL414GoGTfotBXuRRsQW4vxpM2R1pump,CCNPC,0.00019724994152046788,0.0002543,25.0,31.9220385,6.922038499999998,27.688153999999997,19671,TRAILING_TARGET,1,1790395476164,28.92,-1.34,0.9574,1.0,GOOD_DECISION_GOOD_OUTCOME,REINFORCE,82,BALANCED,,0x0d393bea,Sound decision process produced profitable outcome. Reinforce policy weights.,,,,,,,,,,,,,,,,,,,SOUND_DECISION_PROCESS
trd_1790395476998_161,DQTfuVTgCsv6oL414GoGTfotBXuRRsQW4vxpM2R1pump,CCNPC,0.00019724994152046788,0.0002543,25.0,31.9220385,6.922038499999998,27.688153999999997,20505,TRAILING_TARGET,1,1790395476998,28.92,-1.34,0.9574,1.0,GOOD_DECISION_GOOD_OUTCOME,REINFORCE,82,BALANCED,,0x0d395a53,Sound decision process produced profitable outcome. Reinforce policy weights.,,,,,,,,,,,,,,,,,,,SOUND_DECISION_PROCESS
trd_1790395510611_174,4LBPTZUaJdBNHEEBbzFeMXaaZzD5cggtsorwYaPtzbiZ,x/acc,0.00011717416875522151,0.0001238,50.0,52.08535185,2.085351850000002,4.170703700000004,108288,TRAILING_TARGET,1,1790395510611,8.9,-1.34,0.4686,0.6833,GOOD_DECISION_GOOD_OUTCOME,REINFORCE,82,BALANCED,,0x51ccd861,Sound decision process produced profitable outcome. Reinforce policy weights.,,,,,,,,,,,,,,,,,,,SOUND_DECISION_PROCESS
trd_1790395536191_829,AzMaYSmHBqoLPmRRg5AqBr2zsw1MiXmTNaYtkj3wtqNg,MAX,0.00026252690058479626,0.000234,50.0,44.02056554999999,-5.9794344500000065,-11.958868900000013,23806,EMERGENCY_UNWIND,0,1790395536191,0.0,-10.87,0.0,0.0,BAD_DECISION_BAD_OUTCOME,PENALIZE_POLICY,85,DEFENSIVE,,0x6de4e42c,Flawed process caused loss. Penalize strategy parameters and raise adaptive HSI hurdle to 85.,,,,,,,,,,,,,,,,,,,CATASTROPHIC_STOP_LOSS_VIOLATION
trd_1790395540295_531,DQTfuVTgCsv6oL414GoGTfotBXuRRsQW4vxpM2R1pump,CCNPC,0.00027509575605681003,0.0003257,25.0,29.3323362,4.3323362,17.3293448,1786,TRAILING_TARGET,1,1790395540295,18.4,0.0,0.9418,1.0,GOOD_DECISION_GOOD_OUTCOME,REINFORCE,82,BALANCED,,0x0665c139,Sound decision process produced profitable outcome. Reinforce policy weights.,,,,,,,,,,,,,,,,,,,SOUND_DECISION_PROCESS
trd_1790395556017_195,DQTfuVTgCsv6oL414GoGTfotBXuRRsQW4vxpM2R1pump,CCNPC,0.00027509575605681003,0.0003257,25.0,29.3323362,4.3323362,17.3293448,17508,TRAILING_TARGET,1,1790395556017,18.4,0.0,0.9418,1.0,GOOD_DECISION_GOOD_OUTCOME,REINFORCE,82,BALANCED,,0x06768a7c,Sound decision process produced profitable outcome. Reinforce policy weights.,,,,,,,,,,,,,,,,,,,SOUND_DECISION_PROCESS
trd_1790395596527_844,AzMaYSmHBqoLPmRRg5AqBr2zsw1MiXmTNaYtkj3wtqNg,MAX,0.00023799736006683406,0.0002212,50.0,45.882287999999996,-4.1177120000000045,-8.235424000000009,38198,EMERGENCY_UNWIND,0,1790395596527,0.59,-7.06,0.0,0.0,BAD_DECISION_BAD_OUTCOME,PENALIZE_POLICY,85,DEFENSIVE,,0x5b7c1899,Flawed process caused loss. Penalize strategy parameters and raise adaptive HSI hurdle to 85.,,,,,,,,,,,,,,,,,,,EMERGENCY_UNWIND_SEVERE_CRASH
trd_1790395600053_80,CbcyNo7m1amFWqEQm2m4PLv1UNvpcL3C1Ujm6AkzpKoU,e/acc,0.021529545498823847,0.02139,100.0,100.25,0.25,0.25,121635,TRAILING_TARGET,1,1790395600053,2.42,-2.41,0.1033,0.3654,GOOD_DECISION_GOOD_OUTCOME,REINFORCE,82,BALANCED,,0x6d820d90,Sound decision process produced profitable outcome. Reinforce policy weights.,,,,,,,,,,,,,,,,,,,SOUND_DECISION_PROCESS
trd_1790395601899_443,GNq9jVow6MayA3xM2AfGygh58gMu1vY6wajiXDXZCZu,PMARCA,0.0006975714786967485,0.0007059,50.0,50.125,0.125,0.25,121414,TRAILING_TARGET,1,1790395601899,2.23,-2.23,0.1121,0.7685,GOOD_DECISION_GOOD_OUTCOME,REINFORCE,82,BALANCED,,0x33782684,Sound decision process produced profitable outcome. Reinforce policy weights.,,,,,,,,,,,,,,,,,,,SOUND_DECISION_PROCESS
trd_1790395606780_531,AzMaYSmHBqoLPmRRg5AqBr2zsw1MiXmTNaYtkj3wtqNg,MAX,0.0002242121637426901,0.0002178,50.0,47.932582950000004,-2.067417049999996,-4.134834099999992,4340,EMERGENCY_UNWIND,1,1790395606780,0.0,-2.86,0.0,0.0,GOOD_DECISION_BAD_OUTCOME,NEUTRAL_VARIANCE,82,BALANCED,,0x53694bf7,Sound decision met adverse tail variance. Do NOT penalize valid process.,,,,,,,,,,,,,,,,,,,SOUND_DECISION_PROCESS
trd_1790395607419_113,GNq9jVow6MayA3xM2AfGygh58gMu1vY6wajiXDXZCZu,PMARCA,0.0007233558385348353,0.000698,100.0,94.23774374999999,-5.762256250000007,-5.762256250000007,4948,EMERGENCY_UNWIND,1,1790395607419,0.0,-3.51,0.0,0.0,GOOD_DECISION_BAD_OUTCOME,NEUTRAL_VARIANCE,82,BALANCED,,0x2a7c2426,Sound decision met adverse tail variance. Do NOT penalize valid process.,,,,,,,,,,,,,,,,,,,SOUND_DECISION_PROCESS
trd_1790395636874_181,AzMaYSmHBqoLPmRRg5AqBr2zsw1MiXmTNaYtkj3wtqNg,MAX,0.00022318586433331451,0.0002134,100.0,93.39681465000001,-6.603185349999991,-6.603185349999991,28817,EMERGENCY_UNWIND,1,1790395636874,0.0,-4.38,0.0,0.0,GOOD_DECISION_BAD_OUTCOME,NEUTRAL_VARIANCE,82,BALANCED,,0x6b726249,Sound decision met adverse tail variance. Do NOT penalize valid process.,,,,,,,,,,,,,,,,,,,SOUND_DECISION_PROCESS
trd_1790395637606_275,GNq9jVow6MayA3xM2AfGygh58gMu1vY6wajiXDXZCZu,PMARCA,0.0007075049289891455,0.0006623,50.0,46.2088887,-3.7911112999999967,-7.5822225999999935,29256,EMERGENCY_UNWIND,0,1790395637606,0.0,-6.39,0.0,0.0,BAD_DECISION_BAD_OUTCOME,PENALIZE_POLICY,85,DEFENSIVE,,0x0fbca09c,Flawed process caused loss. Penalize strategy parameters and raise adaptive HSI hurdle to 85.,,,,,,,,,,,,,,,,,,,EMERGENCY_UNWIND_SEVERE_CRASH
trd_1790395658685_171,4LBPTZUaJdBNHEEBbzFeMXaaZzD5cggtsorwYaPtzbiZ,x/acc,9.11291042936716e-05,8.568e-05,100.0,91.87070955,-8.12929045,-8.12929045,20361,EMERGENCY_UNWIND,0,1790395658685,0.0,-5.98,0.0,0.0,BAD_DECISION_BAD_OUTCOME,PENALIZE_POLICY,85,DEFENSIVE,,0x752683f0,Flawed process caused loss. Penalize strategy parameters and raise adaptive HSI hurdle to 85.,,,,,,,,,,,,,,,,,,,EMERGENCY_UNWIND_SEVERE_CRASH
trd_1790395718607_819,DQTfuVTgCsv6oL414GoGTfotBXuRRsQW4vxpM2R1pump,CCNPC,0.000324458922305766,0.0003799,50.0,57.649138650000005,7.649138650000005,15.29827730000001,120251,TRAILING_TARGET,1,1790395718607,17.09,-4.33,0.8952,1.0,GOOD_DECISION_GOOD_OUTCOME,REINFORCE,82,BALANCED,,0x49d7d705,Sound decision process produced profitable outcome. Reinforce policy weights.,,,,,,,,,,,,,,,,,,,SOUND_DECISION_PROCESS
trd_1790395719015_8,4LBPTZUaJdBNHEEBbzFeMXaaZzD5cggtsorwYaPtzbiZ,x/acc,8.684673684210537e-05,7.472e-05,50.0,51.75,1.75,3.5,58447,EMERGENCY_UNWIND,0,1790395719015,8.42,-13.96,0.4157,0.0,BAD_DECISION_GOOD_OUTCOME,DO_NOT_REINFORCE_LUCK,82,BALANCED,,0x3d947922,Flawed process produced lucky profit. Strictly avoid reinforcing bad habits.,,,,,,,,,,,,,,,,,,,LUCKY_EMERGENCY_UNWIND_PROFIT
trd_1790395745204_751,DQTfuVTgCsv6oL414GoGTfotBXuRRsQW4vxpM2R1pump,CCNPC,0.0003892943519753277,0.0004449,50.0,56.2860525,6.286052499999998,12.572104999999995,25517,TRAILING_TARGET,1,1790395745204,14.28,-2.41,0.8804,1.0,GOOD_DECISION_GOOD_OUTCOME,REINFORCE,82,BALANCED,,0x1cef8999,Sound decision process produced profitable outcome. Reinforce policy weights.,,,,,,,,,,,,,,,,,,,SOUND_DECISION_PROCESS
trd_1790395745737_955,8V1JHHQbfBPVTr255VNwADJ4outZZwwAaCkDZoVRpump,a/aut,8.055217293233082e-05,7.706e-05,50.0,47.212189200000005,-2.787810799999995,-5.575621599999991,25346,EMERGENCY_UNWIND,1,1790395745737,0.0,-4.34,0.0,0.0,GOOD_DECISION_BAD_OUTCOME,NEUTRAL_VARIANCE,82,BALANCED,,0x05363650,Sound decision met adverse tail variance. Do NOT penalize valid process.,,,,,,,,,,,,,,,,,,,SOUND_DECISION_PROCESS
trd_1790395779165_338,DQTfuVTgCsv6oL414GoGTfotBXuRRsQW4vxpM2R1pump,CCNPC,0.0003892943519753277,0.0004056,50.0,53.0,3.0,6.0,59478,TRAILING_TARGET,1,1790395779165,14.28,-2.41,0.4202,0.3954,GOOD_DECISION_GOOD_OUTCOME,REINFORCE,82,BALANCED,,0x1704904f,Sound decision process produced profitable outcome. Reinforce policy weights.,,,,,,,,,,,,,,,,,,,SOUND_DECISION_PROCESS
trd_1790395784001_724,GmPuERh5xhjdH3zGKz1nJdZ7WsqXYMpdxTju9hdDpump,TOC,9.606051879699256e-05,9.566e-05,50.0,50.75,0.75,1.5,35656,TRAILING_TARGET,1,1790395784001,5.77,-1.34,0.26,0.1303,GOOD_DECISION_GOOD_OUTCOME,REINFORCE,82,BALANCED,,0x7d4b2e71,Sound decision process produced profitable outcome. Reinforce policy weights.,,,,,,,,,,,,,,,,,,,SOUND_DECISION_PROCESS
trd_1790395818606_631,AzMaYSmHBqoLPmRRg5AqBr2zsw1MiXmTNaYtkj3wtqNg,MAX,0.00021630594820384354,0.0001853,50.0,43.0,-7.0,-14.0,180181,STOP_LOSS,0,1790395818606,0.0,-4.53,0.0,0.0,BAD_DECISION_BAD_OUTCOME,PENALIZE_POLICY,85,DEFENSIVE,,0x35a3eecb,Flawed process caused loss. Penalize strategy parameters and raise adaptive HSI hurdle to 85.,,,,,,,,,,,,,,,,,,,CATASTROPHIC_STOP_LOSS_VIOLATION
trd_1790395819483_584,DQTfuVTgCsv6oL414GoGTfotBXuRRsQW4vxpM2R1pump,CCNPC,0.00045531692564745207,0.0003882,50.0,43.0,-7.0,-14.0,33087,EMERGENCY_UNWIND,0,1790395819483,0.0,-14.74,0.0,0.0,BAD_DECISION_BAD_OUTCOME,PENALIZE_POLICY,85,DEFENSIVE,,0x555b56a3,Flawed process caused loss. Penalize strategy parameters and raise adaptive HSI hurdle to 85.,,,,,,,,,,,,,,,,,,,CATASTROPHIC_STOP_LOSS_VIOLATION
trd_1790395839510_448,DQTfuVTgCsv6oL414GoGTfotBXuRRsQW4vxpM2R1pump,CCNPC,0.00039779959841227254,0.0005416,50.0,66.89485875,16.894858749999997,33.789717499999995,19497,TRAILING_TARGET,1,1790395839510,36.15,-2.41,0.9347,1.0,GOOD_DECISION_GOOD_OUTCOME,REINFORCE,82,BALANCED,,0x1808520b,Sound decision process produced profitable outcome. Reinforce policy weights.,,,,,,,,,,,,,,,,,,,SOUND_DECISION_PROCESS
trd_1790395840385_242,DQTfuVTgCsv6oL414GoGTfotBXuRRsQW4vxpM2R1pump,CCNPC,0.00039779959841227254,0.0005416,50.0,66.89485875,16.894858749999997,33.789717499999995,20372,TRAILING_TARGET,1,1790395840385,36.15,-2.41,0.9347,1.0,GOOD_DECISION_GOOD_OUTCOME,REINFORCE,82,BALANCED,,0x17fe5885,Sound decision process produced profitable outcome. Reinforce policy weights.,,,,,,,,,,,,,,,,,,,SOUND_DECISION_PROCESS
trd_1790395865634_665,AzMaYSmHBqoLPmRRg5AqBr2zsw1MiXmTNaYtkj3wtqNg,MAX,0.0001878232999164581,0.0001603,50.0,43.0,-7.0,-14.0,45137,EMERGENCY_UNWIND,0,1790395865634,0.0,-14.65,0.0,0.0,BAD_DECISION_BAD_OUTCOME,PENALIZE_POLICY,85,DEFENSIVE,,0x2e732c7a,Flawed process caused loss. Penalize strategy parameters and raise adaptive HSI hurdle to 85.,,,,,,,,,,,,,,,,,,,CATASTROPHIC_STOP_LOSS_VIOLATION
trd_1790395956575_67,AzMaYSmHBqoLPmRRg5AqBr2zsw1MiXmTNaYtkj3wtqNg,MAX,0.00016248286549707628,0.000155,50.0,50.75,0.75,1.5,89915,TRAILING_TARGET,1,1790395956575,6.72,-1.34,0.2232,0.0,GOOD_DECISION_GOOD_OUTCOME,REINFORCE,82,BALANCED,,0x313144c1,Sound decision process produced profitable outcome. Reinforce policy weights.,,,,,,,,,,,,,,,,,,,SOUND_DECISION_PROCESS
trd_1790395966232_510,DQTfuVTgCsv6oL414GoGTfotBXuRRsQW4vxpM2R1pump,CCNPC,0.0005489751712614901,0.0006299,25.000000000000277,28.432763249999997,3.43276324999972,13.731052999998727,123903,TRAILING_TARGET,1,1790395966232,14.74,-7.76,0.9316,1.0,GOOD_DECISION_GOOD_OUTCOME,REINFORCE,82,BALANCED,,0x50aa078c,Sound decision process produced profitable outcome. Reinforce policy weights.,,,,,,,,,,,,,,,,,,,SOUND_DECISION_PROCESS
trd_1790395996019_107,GY9mZfyPpxXxBXBxS2hB2XjhP3kfUsywTvgveozxpump,ELON,0.004819750626566829,0.00494,50.0,50.75,0.75,1.5,215518,OPERATOR_CLOSE,1,1790395996019,5.36,-2.3,0.2799,0.626,GOOD_DECISION_GOOD_OUTCOME,REINFORCE,82,BALANCED,,0x760c63fb,Sound decision process produced profitable outcome. Reinforce policy weights.,,,,,,,,,,,,,,,,,,,SOUND_DECISION_PROCESS
trd_1790395997260_531,DQTfuVTgCsv6oL414GoGTfotBXuRRsQW4vxpM2R1pump,CCNPC,0.0005489751712614901,0.0006017,24.999999999999726,27.16754145,2.167541450000275,8.670165800001197,154931,TRAILING_TARGET,1,1790395997260,14.74,-7.76,0.5882,0.7717,GOOD_DECISION_GOOD_OUTCOME,REINFORCE,82,BALANCED,,0x09ca70a1,Sound decision process produced profitable outcome. Reinforce policy weights.,,,,,,,,,,,,,,,,,,,SOUND_DECISION_PROCESS
trd_1790396056712_255,DQTfuVTgCsv6oL414GoGTfotBXuRRsQW4vxpM2R1pump,CCNPC,0.0006098935756056841,0.0006255,50.0,51.75,1.75,3.5,56388,TRAILING_TARGET,1,1790396056712,8.0,-1.34,0.4375,0.4175,GOOD_DECISION_GOOD_OUTCOME,REINFORCE,82,BALANCED,,0x7216f01f,Sound decision process produced profitable outcome. Reinforce policy weights.,,,,,,,,,,,,,,,,,,,SOUND_DECISION_PROCESS
trd_1790396086393_479,DQTfuVTgCsv6oL414GoGTfotBXuRRsQW4vxpM2R1pump,CCNPC,0.0006340176691729339,0.0006171,50.0,48.0260856,-1.9739143999999982,-3.9478287999999964,27872,EMERGENCY_UNWIND,1,1790396086393,0.0,-2.67,0.0,0.0,GOOD_DECISION_BAD_OUTCOME,NEUTRAL_VARIANCE,82,BALANCED,,0x1fdb2dc5,Sound decision met adverse tail variance. Do NOT penalize valid process.,,,,,,,,,,,,,,,,,,,SOUND_DECISION_PROCESS
trd_1790396104700_762,AzMaYSmHBqoLPmRRg5AqBr2zsw1MiXmTNaYtkj3wtqNg,MAX,0.00015711069340016746,0.0001776,25.000000000000078,28.0141875,3.0141874999999203,12.056749999999644,146362,TRAILING_TARGET,1,1790396104700,13.04,-4.14,0.9246,1.0,GOOD_DECISION_GOOD_OUTCOME,REINFORCE,82,BALANCED,,0x09279a4d,Sound decision process produced profitable outcome. Reinforce policy weights.,,,,,,,,,,,,,,,,,,,SOUND_DECISION_PROCESS
trd_1790396105416_242,9U1f18idDeySFnYrurxqT1f5n5nE4g4Uk5LLzP69bh1,SOLCAT,0.0007735927819548975,0.0007519,50.0,47.95977645,-2.0402235500000003,-4.080447100000001,16909,EMERGENCY_UNWIND,1,1790396105416,0.0,-2.8,0.0,0.0,GOOD_DECISION_BAD_OUTCOME,NEUTRAL_VARIANCE,82,BALANCED,,0x66104d0c,Sound decision met adverse tail variance. Do NOT penalize valid process.,,,,,,,,,,,,,,,,,,,SOUND_DECISION_PROCESS
trd_1790396138406_965,AzMaYSmHBqoLPmRRg5AqBr2zsw1MiXmTNaYtkj3wtqNg,MAX,0.00015711069340016746,0.0001877,24.999999999999915,29.59685835,4.596858350000087,18.38743340000041,180068,TRAILING_TARGET,1,1790396138406,19.47,-4.14,0.9444,1.0,GOOD_DECISION_GOOD_OUTCOME,REINFORCE,82,BALANCED,,0x2b10771b,Sound decision process produced profitable outcome. Reinforce policy weights.,,,,,,,,,,,,,,,,,,,SOUND_DECISION_PROCESS
trd_1790396147739_315,DQTfuVTgCsv6oL414GoGTfotBXuRRsQW4vxpM2R1pump,CCNPC,0.0005669161988304122,0.0005059,50.0,50.125,0.125,0.25,41404,TRAILING_TARGET,1,1790396147739,0.0,-1.34,1.0,0.0,GOOD_DECISION_GOOD_OUTCOME,REINFORCE,82,BALANCED,,0x006acd7e,Sound decision process produced profitable outcome. Reinforce policy weights.,,,,,,,,,,,,,,,,,,,SOUND_DECISION_PROCESS
trd_1790396148606_877,9U1f18idDeySFnYrurxqT1f5n5nE4g4Uk5LLzP69bh1,SOLCAT,0.0007498741353383537,0.0007282,50.0,47.91769065,-2.0823093500000027,-4.1646187000000054,8100,EMERGENCY_UNWIND,1,1790396148606,0.0,-2.89,0.0,0.0,GOOD_DECISION_BAD_OUTCOME,NEUTRAL_VARIANCE,82,BALANCED,,0x7d5236b8,Sound decision met adverse tail variance. Do NOT penalize valid process.,,,,,,,,,,,,,,,,,,,SOUND_DECISION_PROCESS
trd_1790396164295_497,DQTfuVTgCsv6oL414GoGTfotBXuRRsQW4vxpM2R1pump,CCNPC,0.0005127890309106148,0.000453,50.0,50.125,0.125,0.25,15534,TRAILING_TARGET,1,1790396164295,0.0,-11.66,1.0,0.0,GOOD_DECISION_GOOD_OUTCOME,REINFORCE,82,BALANCED,,0x75952296,Sound decision process produced profitable outcome. Reinforce policy weights.,,,,,,,,,,,,,,,,,,,SOUND_DECISION_PROCESS
trd_1790396164808_624,9U1f18idDeySFnYrurxqT1f5n5nE4g4Uk5LLzP69bh1,SOLCAT,0.0007428705106566422,0.0007224,79.38,75.70424865000001,-3.6757513499999845,-4.630576152683276,15394,EMERGENCY_UNWIND,1,1790396164808,0.0,-2.76,0.0,0.0,GOOD_DECISION_BAD_OUTCOME,NEUTRAL_VARIANCE,82,BALANCED,,0x4fe74fc2,Sound decision met adverse tail variance. Do NOT penalize valid process.,,,,,,,,,,,,,,,,,,,SOUND_DECISION_PROCESS
trd_1790396168662_101,DMZtsWeDaPRGU4ziXxcEMuPbXh1BmDm5iR9LirT8ZoHG,BEEPLE,0.0003179717710944032,0.0002603,50.0,43.0,-7.0,-14.0,2096,EMERGENCY_UNWIND,0,1790396168662,0.0,-18.14,0.0,0.0,BAD_DECISION_BAD_OUTCOME,PENALIZE_POLICY,85,DEFENSIVE,,0x175e6f4c,Flawed process caused loss. Penalize strategy parameters and raise adaptive HSI hurdle to 85.,,,,,,,,,,,,,,,,,,,CATASTROPHIC_STOP_LOSS_VIOLATION
trd_1790396203054_677,DQTfuVTgCsv6oL414GoGTfotBXuRRsQW4vxpM2R1pump,CCNPC,0.00046420200432962307,0.0006009,100.0,125.5225533,25.522553300000006,25.522553300000002,37795,TRAILING_TARGET,1,1790396203054,0.0,-2.41,1.0,1.0,GOOD_DECISION_GOOD_OUTCOME,REINFORCE,82,BALANCED,,0x39dbe319,Sound decision process produced profitable outcome. Reinforce policy weights.,,,,,,,,,,,,,,,,,,,SOUND_DECISION_PROCESS
trd_1790396225844_713,GY9mZfyPpxXxBXBxS2hB2XjhP3kfUsywTvgveozxpump,ELON,0.005062158722711776,0.00448,100.0,100.25,0.25,0.25,227810,TRAILING_TARGET,1,1790396225844,0.0,-11.5,1.0,0.0,GOOD_DECISION_GOOD_OUTCOME,REINFORCE,82,BALANCED,,0x195245f5,Sound decision process produced profitable outcome. Reinforce policy weights.,,,,,,,,,,,,,,,,,,,SOUND_DECISION_PROCESS
trd_1790396268575_941,DQTfuVTgCsv6oL414GoGTfotBXuRRsQW4vxpM2R1pump,CCNPC,0.0006090826817042634,0.0006159,50.0,51.75,1.75,3.5,64064,TRAILING_TARGET,1,1790396268575,11.54,-1.34,0.3033,0.1911,GOOD_DECISION_GOOD_OUTCOME,REINFORCE,82,BALANCED,,0x1e61067c,Sound decision process produced profitable outcome. Reinforce policy weights.,,,,,,,,,,,,,,,,,,,SOUND_DECISION_PROCESS
trd_1790396291238_332,AzMaYSmHBqoLPmRRg5AqBr2zsw1MiXmTNaYtkj3wtqNg,MAX,0.00016947682539682562,0.0001714,50.0,50.125,0.125,0.25,120900,TRAILING_TARGET,1,1790396291238,1.13,-5.65,0.2212,1.0,GOOD_DECISION_GOOD_OUTCOME,REINFORCE,82,BALANCED,,0x557be02d,Sound decision process produced profitable outcome. Reinforce policy weights.,,,,,,,,,,,,,,,,,,,SOUND_DECISION_PROCESS
trd_1790396294279_931,DMZtsWeDaPRGU4ziXxcEMuPbXh1BmDm5iR9LirT8ZoHG,BEEPLE,0.00024924851294903994,0.0002136,50.0,43.0,-7.0,-14.0,1969,STOP_LOSS,0,1790396294279,0.0,-1.34,0.0,0.0,BAD_DECISION_BAD_OUTCOME,PENALIZE_POLICY,85,DEFENSIVE,,0x33a39949,Flawed process caused loss. Penalize strategy parameters and raise adaptive HSI hurdle to 85.,,,,,,,,,,,,,,,,,,,CATASTROPHIC_STOP_LOSS_VIOLATION
trd_1790396295301_25,DQTfuVTgCsv6oL414GoGTfotBXuRRsQW4vxpM2R1pump,CCNPC,0.0006242869423558927,0.0007132,25.0,28.309954649999998,3.309954649999998,13.239818599999992,24622,TRAILING_TARGET,1,1790396295301,14.24,-1.34,0.9298,1.0,GOOD_DECISION_GOOD_OUTCOME,REINFORCE,82,BALANCED,,0x3d1082d4,Sound decision process produced profitable outcome. Reinforce policy weights.,,,,,,,,,,,,,,,,,,,SOUND_DECISION_PROCESS
trd_1790396329096_384,DQTfuVTgCsv6oL414GoGTfotBXuRRsQW4vxpM2R1pump,CCNPC,0.0006242869423558927,0.0008048,25.0,31.920158549999996,6.9201585499999965,27.680634199999986,58417,TRAILING_TARGET,1,1790396329096,28.92,-1.34,0.9571,1.0,GOOD_DECISION_GOOD_OUTCOME,REINFORCE,82,BALANCED,,0x5fe0d268,Sound decision process produced profitable outcome. Reinforce policy weights.,,,,,,,,,,,,,,,,,,,SOUND_DECISION_PROCESS
trd_1790396329384_165,AzMaYSmHBqoLPmRRg5AqBr2zsw1MiXmTNaYtkj3wtqNg,MAX,0.00016846320802005056,0.0001626,50.0,47.629624050000004,-2.370375949999996,-4.740751899999992,32802,EMERGENCY_UNWIND,1,1790396329384,0.0,-3.48,0.0,0.0,GOOD_DECISION_BAD_OUTCOME,NEUTRAL_VARIANCE,82,BALANCED,,0x1e0a44f8,Sound decision met adverse tail variance. Do NOT penalize valid process.,,,,,,,,,,,,,,,,,,,SOUND_DECISION_PROCESS
trd_1790396347280_399,5PiBn5JdjJDnRGziiSfsu2affgBR3DyTTCR3CHpcode,OP,0.0017089588972431249,0.001702,50.0,50.125,0.125,0.25,120933,OPERATOR_CLOSE,1,1790396347280,0.0,-1.34,1.0,0.6969,GOOD_DECISION_GOOD_OUTCOME,REINFORCE,82,BALANCED,,0x338362dd,Sound decision process produced profitable outcome. Reinforce policy weights.,,,,,,,,,,,,,,,,,,,SOUND_DECISION_PROCESS
trd_1790396351522_559,DQTfuVTgCsv6oL414GoGTfotBXuRRsQW4vxpM2R1pump,CCNPC,0.0008247014858377037,0.00079,100.0,93.56598120000001,-6.43401879999999,-6.43401879999999,21589,EMERGENCY_UNWIND,1,1790396351522,0.0,-4.21,0.0,0.0,GOOD_DECISION_BAD_OUTCOME,NEUTRAL_VARIANCE,82,BALANCED,,0x5ee23a22,Sound decision met adverse tail variance. Do NOT penalize valid process.,,,,,,,,,,,,,,,,,,,SOUND_DECISION_PROCESS
trd_1790396355445_641,8V1JHHQbfBPVTr255VNwADJ4outZZwwAaCkDZoVRpump,a/aut,0.00016988227234753555,0.0002135,25.00000000000008,31.1235099,6.123509899999918,24.49403959999959,25044,TRAILING_TARGET,1,1790396355445,25.68,-1.34,0.9538,1.0,GOOD_DECISION_GOOD_OUTCOME,REINFORCE,82,BALANCED,,0x5dce5d02,Sound decision process produced profitable outcome. Reinforce policy weights.,,,,,,,,,,,,,,,,,,,SOUND_DECISION_PROCESS
trd_1790396355994_963,DQTfuVTgCsv6oL414GoGTfotBXuRRsQW4vxpM2R1pump,CCNPC,0.0008007577276524698,0.0007352,50.0,45.3304725,-4.669527500000001,-9.339055000000002,3313,EMERGENCY_UNWIND,0,1790396355994,0.0,-8.19,0.0,0.0,BAD_DECISION_BAD_OUTCOME,PENALIZE_POLICY,85,DEFENSIVE,,0x7e2ab551,Flawed process caused loss. Penalize strategy parameters and raise adaptive HSI hurdle to 85.,,,,,,,,,,,,,,,,,,,EMERGENCY_UNWIND_SEVERE_CRASH
trd_1790396356576_702,8V1JHHQbfBPVTr255VNwADJ4outZZwwAaCkDZoVRpump,a/aut,0.00016988227234753555,0.0002135,24.99999999999992,31.1235099,6.12350990000008,24.4940396000004,26175,TRAILING_TARGET,1,1790396356576,25.68,-1.34,0.9538,1.0,GOOD_DECISION_GOOD_OUTCOME,REINFORCE,82,BALANCED,,0x637d3ccc,Sound decision process produced profitable outcome. Reinforce policy weights.,,,,,,,,,,,,,,,,,,,SOUND_DECISION_PROCESS
trd_1790396359650_264,8V1JHHQbfBPVTr255VNwADJ4outZZwwAaCkDZoVRpump,a/aut,0.0002187795318418859,0.0001928,100.0,86.22066105,-13.77933895,-13.779338949999998,2209,EMERGENCY_UNWIND,0,1790396359650,0.0,-11.87,0.0,0.0,BAD_DECISION_BAD_OUTCOME,PENALIZE_POLICY,85,DEFENSIVE,,0x56262136,Flawed process caused loss. Penalize strategy parameters and raise adaptive HSI hurdle to 85.,,,,,,,,,,,,,,,,,,,CATASTROPHIC_STOP_LOSS_VIOLATION
trd_1790396389480_653,DMZtsWeDaPRGU4ziXxcEMuPbXh1BmDm5iR9LirT8ZoHG,BEEPLE,0.00017018635756056862,0.0002106,25.00000000000008,30.649152450000003,5.649152449999921,22.59660979999961,29003,TRAILING_TARGET,1,1790396389480,23.75,-1.34,0.9514,1.0,GOOD_DECISION_GOOD_OUTCOME,REINFORCE,82,BALANCED,,0x2913f451,Sound decision process produced profitable outcome. Reinforce policy weights.,,,,,,,,,,,,,,,,,,,SOUND_DECISION_PROCESS
trd_1790396390475_616,DMZtsWeDaPRGU4ziXxcEMuPbXh1BmDm5iR9LirT8ZoHG,BEEPLE,0.00017018635756056862,0.0002106,24.99999999999992,30.649152450000003,5.649152450000084,22.59660980000041,29998,TRAILING_TARGET,1,1790396390475,23.75,-1.34,0.9514,1.0,GOOD_DECISION_GOOD_OUTCOME,REINFORCE,82,BALANCED,,0x7d619887,Sound decision process produced profitable outcome. Reinforce policy weights.,,,,,,,,,,,,,,,,,,,SOUND_DECISION_PROCESS
trd_1790396395681_18,DQTfuVTgCsv6oL414GoGTfotBXuRRsQW4vxpM2R1pump,CCNPC,0.0006767923224728531,0.0006526,50.0,47.5836561,-2.416343900000001,-4.832687800000002,3187,EMERGENCY_UNWIND,1,1790396395681,0.0,-3.57,0.0,0.0,GOOD_DECISION_BAD_OUTCOME,NEUTRAL_VARIANCE,82,BALANCED,,0x31378f17,Sound decision met adverse tail variance. Do NOT penalize valid process.,,,,,,,,,,,,,,,,,,,SOUND_DECISION_PROCESS
trd_1790396430446_75,8V1JHHQbfBPVTr255VNwADJ4outZZwwAaCkDZoVRpump,a/aut,0.00023181429406850476,0.0001434,50.0,50.75,0.75,1.5,33829,STOP_LOSS,0,1790396430446,6.9,-1.34,0.2174,0.0,BAD_DECISION_GOOD_OUTCOME,DO_NOT_REINFORCE_LUCK,82,BALANCED,,0x5a95e01b,Flawed process produced lucky profit. Strictly avoid reinforcing bad habits.,,,,,,,,,,,,,,,,,,,LUCKY_STOP_LOSS_REVERSAL
trd_1790396451756_905,DMZtsWeDaPRGU4ziXxcEMuPbXh1BmDm5iR9LirT8ZoHG,BEEPLE,0.00024053140350877229,0.0002022,50.0,43.0,-7.0,-14.0,19247,EMERGENCY_UNWIND,0,1790396451756,0.0,-15.94,0.0,0.0,BAD_DECISION_BAD_OUTCOME,PENALIZE_POLICY,85,DEFENSIVE,,0x17746a87,Flawed process caused loss. Penalize strategy parameters and raise adaptive HSI hurdle to 85.,,,,,,,,,,,,,,,,,,,CATASTROPHIC_STOP_LOSS_VIOLATION
trd_1790396469293_381,5PiBn5JdjJDnRGziiSfsu2affgBR3DyTTCR3CHpcode,OP,0.0017251767752715168,0.001723,50.0,50.125,0.125,0.25,120800,TRAILING_TARGET,1,1790396469293,0.0,-1.63,1.0,0.9227,GOOD_DECISION_GOOD_OUTCOME,REINFORCE,82,BALANCED,,0x59e68029,Sound decision process produced profitable outcome. Reinforce policy weights.,,,,,,,,,,,,,,,,,,,SOUND_DECISION_PROCESS
trd_1790396474041_571,DQTfuVTgCsv6oL414GoGTfotBXuRRsQW4vxpM2R1pump,CCNPC,0.0006852053467000885,0.0008128,25.000000000000345,29.3880201,4.388020099999654,17.552080399998374,21487,TRAILING_TARGET,1,1790396474041,18.62,-1.34,0.9426,1.0,GOOD_DECISION_GOOD_OUTCOME,REINFORCE,82,BALANCED,,0x7b0bc343,Sound decision process produced profitable outcome. Reinforce policy weights.,,,,,,,,,,,,,,,,,,,SOUND_DECISION_PROCESS
trd_1790396479336_921,AzMaYSmHBqoLPmRRg5AqBr2zsw1MiXmTNaYtkj3wtqNg,MAX,0.00016461146198830438,0.0001629,50.0,50.125,0.125,0.25,120930,TRAILING_TARGET,1,1790396479336,3.46,-1.04,0.0723,0.0,GOOD_DECISION_GOOD_OUTCOME,REINFORCE,82,BALANCED,,0x321ce675,Sound decision process produced profitable outcome. Reinforce policy weights.,,,,,,,,,,,,,,,,,,,SOUND_DECISION_PROCESS
trd_1790396489708_429,DQTfuVTgCsv6oL414GoGTfotBXuRRsQW4vxpM2R1pump,CCNPC,0.0006852053467000885,0.0008128,24.999999999999655,29.3880201,4.388020100000343,17.552080400001614,37154,TRAILING_TARGET,1,1790396489708,18.62,-1.34,0.9426,1.0,GOOD_DECISION_GOOD_OUTCOME,REINFORCE,82,BALANCED,,0x19e758dc,Sound decision process produced profitable outcome. Reinforce policy weights.,,,,,,,,,,,,,,,,,,,SOUND_DECISION_PROCESS
trd_1790396492142_572,DMZtsWeDaPRGU4ziXxcEMuPbXh1BmDm5iR9LirT8ZoHG,BEEPLE,0.00022887480367585712,0.0002191,50.0,47.24367959999999,-2.756320400000007,-5.512640800000014,11484,EMERGENCY_UNWIND,1,1790396492142,0.0,-4.27,0.0,0.0,GOOD_DECISION_BAD_OUTCOME,NEUTRAL_VARIANCE,82,BALANCED,,0x5a68381c,Sound decision met adverse tail variance. Do NOT penalize valid process.,,,,,,,,,,,,,,,,,,,SOUND_DECISION_PROCESS
trd_1790396492445_174,DQTfuVTgCsv6oL414GoGTfotBXuRRsQW4vxpM2R1pump,CCNPC,0.0008238682038429458,0.0006293,50.0,43.0,-7.0,-14.0,1806,STOP_LOSS,0,1790396492445,0.0,-23.62,0.0,0.0,BAD_DECISION_BAD_OUTCOME,PENALIZE_POLICY,85,DEFENSIVE,,0x5c7fe942,Flawed process caused loss. Penalize strategy parameters and raise adaptive HSI hurdle to 85.,,,,,,,,,,,,,,,,,,,CATASTROPHIC_STOP_LOSS_VIOLATION
trd_1790396498025_23,DQTfuVTgCsv6oL414GoGTfotBXuRRsQW4vxpM2R1pump,CCNPC,0.0006448616364782141,0.0007549,50.0,57.63778005,7.6377800500000035,15.275560100000007,3894,TRAILING_TARGET,1,1790396498025,17.06,-2.41,0.8954,1.0,GOOD_DECISION_GOOD_OUTCOME,REINFORCE,82,BALANCED,,0x61144fab,Sound decision process produced profitable outcome. Reinforce policy weights.,,,,,,,,,,,,,,,,,,,SOUND_DECISION_PROCESS
trd_1790396498821_753,8V1JHHQbfBPVTr255VNwADJ4outZZwwAaCkDZoVRpump,a/aut,0.00016451010025062704,0.0001585,50.0,47.54519295,-2.4548070499999994,-4.909614099999999,4407,EMERGENCY_UNWIND,1,1790396498821,0.0,-3.65,0.0,0.0,GOOD_DECISION_BAD_OUTCOME,NEUTRAL_VARIANCE,82,BALANCED,,0x3e985e10,Sound decision met adverse tail variance. Do NOT penalize valid process.,,,,,,,,,,,,,,,,,,,SOUND_DECISION_PROCESS
trd_1790396501804_485,GmPuERh5xhjdH3zGKz1nJdZ7WsqXYMpdxTju9hdDpump,TOC,0.0001279185129490393,0.0001046,50.0,43.0,-7.0,-14.0,1459,STOP_LOSS,0,1790396501804,0.0,-18.23,0.0,0.0,BAD_DECISION_BAD_OUTCOME,PENALIZE_POLICY,85,DEFENSIVE,,0x07436b72,Flawed process caused loss. Penalize strategy parameters and raise adaptive HSI hurdle to 85.,,,,,,,,,,,,,,,,,,,CATASTROPHIC_STOP_LOSS_VIOLATION
trd_1790396501976_555,DQTfuVTgCsv6oL414GoGTfotBXuRRsQW4vxpM2R1pump,CCNPC,0.0006448616364782141,0.0006517,50.0,53.0,3.0,6.0,7845,TRAILING_TARGET,1,1790396501976,17.06,-2.41,0.3517,0.1783,GOOD_DECISION_GOOD_OUTCOME,REINFORCE,82,BALANCED,,0x44604446,Sound decision process produced profitable outcome. Reinforce policy weights.,,,,,,,,,,,,,,,,,,,SOUND_DECISION_PROCESS
trd_1790396543988_486,DMZtsWeDaPRGU4ziXxcEMuPbXh1BmDm5iR9LirT8ZoHG,BEEPLE,0.0002063803171567016,0.0001945,100.0,101.5,1.5,1.5,41334,TRAILING_TARGET,1,1790396543988,4.56,-5.76,0.3289,0.0,GOOD_DECISION_GOOD_OUTCOME,REINFORCE,82,BALANCED,,0x58c6cbb6,Sound decision process produced profitable outcome. Reinforce policy weights.,,,,,,,,,,,,,,,,,,,SOUND_DECISION_PROCESS
trd_1790396548207_545,DQTfuVTgCsv6oL414GoGTfotBXuRRsQW4vxpM2R1pump,CCNPC,0.00061820523809524,0.0005703,50.0,45.5444763,-4.4555237000000005,-8.911047400000001,1750,EMERGENCY_UNWIND,0,1790396548207,0.0,-7.75,0.0,0.0,BAD_DECISION_BAD_OUTCOME,PENALIZE_POLICY,85,DEFENSIVE,,0x24951cd5,Flawed process caused loss. Penalize strategy parameters and raise adaptive HSI hurdle to 85.,,,,,,,,,,,,,,,,,,,EMERGENCY_UNWIND_SEVERE_CRASH
trd_1790396591894_910,5PiBn5JdjJDnRGziiSfsu2affgBR3DyTTCR3CHpcode,OP,0.0017464627401838505,0.001761,50.0,50.125,0.125,0.25,121442,TRAILING_TARGET,1,1790396591894,1.0,-1.34,0.25,0.9268,GOOD_DECISION_GOOD_OUTCOME,REINFORCE,82,BALANCED,,0x01829cf5,Sound decision process produced profitable outcome. Reinforce policy weights.,,,,,,,,,,,,,,,,,,,SOUND_DECISION_PROCESS
trd_1790396623887_362,So11111111111111111111111111111111111111112,SOL,122.45511544280897,120.73,50.0,50.125,0.125,0.25,121331,TRAILING_TARGET,1,1790396623887,0.0,-1.41,1.0,0.0,GOOD_DECISION_GOOD_OUTCOME,REINFORCE,82,BALANCED,,0x0f3479d9,Sound decision process produced profitable outcome. Reinforce policy weights.,,,,,,,,,,,,,,,,,,,SOUND_DECISION_PROCESS
trd_1790396626483_453,DMZtsWeDaPRGU4ziXxcEMuPbXh1BmDm5iR9LirT8ZoHG,BEEPLE,0.00021549505430242305,0.0002767,25.0,31.7940195,6.794019500000001,27.176078000000004,76178,TRAILING_TARGET,1,1790396626483,28.4,-9.74,0.9569,1.0,GOOD_DECISION_GOOD_OUTCOME,REINFORCE,82,BALANCED,,0x4e04a9bd,Sound decision process produced profitable outcome. Reinforce policy weights.,,,,,,,,,,,,,,,,,,,SOUND_DECISION_PROCESS
trd_1790396628534_702,DMZtsWeDaPRGU4ziXxcEMuPbXh1BmDm5iR9LirT8ZoHG,BEEPLE,0.00021549505430242305,0.0002767,12.500000000000108,15.9533676,3.4533675999998916,27.626940799998895,78229,TRAILING_TARGET,1,1790396628534,28.4,-9.74,0.9728,1.0,GOOD_DECISION_GOOD_OUTCOME,REINFORCE,82,BALANCED,,0x6e4d9e87,Sound decision process produced profitable outcome. Reinforce policy weights.,,,,,,,,,,,,,,,,,,,SOUND_DECISION_PROCESS
trd_1790396642242_4,DMZtsWeDaPRGU4ziXxcEMuPbXh1BmDm5iR9LirT8ZoHG,BEEPLE,0.00021549505430242305,0.0002708,12.499999999999892,15.61437855,3.114378550000108,24.91502840000108,91937,TRAILING_TARGET,1,1790396642242,28.4,-9.74,0.8773,0.9282,GOOD_DECISION_GOOD_OUTCOME,REINFORCE,82,BALANCED,,0x29f28fd5,Sound decision process produced profitable outcome. Reinforce policy weights.,,,,,,,,,,,,,,,,,,,SOUND_DECISION_PROCESS
trd_1790396648537_950,CMuvWQ6qQbSt7NUQdPGcVKCoDgETieuqS68qu6BaeVgR,Cream,0.0006819617710944045,0.0006428,50.0,46.52488005,-3.4751199499999994,-6.9502399,22085,EMERGENCY_UNWIND,1,1790396648537,0.0,-5.74,0.0,0.0,GOOD_DECISION_BAD_OUTCOME,NEUTRAL_VARIANCE,82,BALANCED,,0x0a09fa09,Sound decision met adverse tail variance. Do NOT penalize valid process.,,,,,,,,,,,,,,,,,,,SOUND_DECISION_PROCESS
trd_1790396704468_581,DMZtsWeDaPRGU4ziXxcEMuPbXh1BmDm5iR9LirT8ZoHG,BEEPLE,0.00025776289891395177,0.0003272,50.0,62.43214965,12.43214965,24.8642993,59974,TRAILING_TARGET,1,1790396704468,26.94,-2.2,0.923,1.0,GOOD_DECISION_GOOD_OUTCOME,REINFORCE,82,BALANCED,,0x21f16718,Sound decision process produced profitable outcome. Reinforce policy weights.,,,,,,,,,,,,,,,,,,,SOUND_DECISION_PROCESS
trd_1790396716017_979,5PiBn5JdjJDnRGziiSfsu2affgBR3DyTTCR3CHpcode,OP,0.0017849802005012849,0.001756,50.0,50.125,0.125,0.25,121486,TRAILING_TARGET,1,1790396716017,0.0,-1.62,1.0,0.0,GOOD_DECISION_GOOD_OUTCOME,REINFORCE,82,BALANCED,,0x14e118a2,Sound decision process produced profitable outcome. Reinforce policy weights.,,,,,,,,,,,,,,,,,,,SOUND_DECISION_PROCESS
trd_1790396717909_62,8V1JHHQbfBPVTr255VNwADJ4outZZwwAaCkDZoVRpump,a/aut,0.00013410157894736853,0.0001543,50.0,56.66456115,6.664561149999998,13.329122299999996,67436,TRAILING_TARGET,1,1790396717909,8.57,-1.34,1.0,1.0,GOOD_DECISION_GOOD_OUTCOME,REINFORCE,82,BALANCED,,0x7c712009,Sound decision process produced profitable outcome. Reinforce policy weights.,,,,,,,,,,,,,,,,,,,SOUND_DECISION_PROCESS
trd_1790396718638_754,DMZtsWeDaPRGU4ziXxcEMuPbXh1BmDm5iR9LirT8ZoHG,BEEPLE,0.0003316556056808693,0.0002906,50.0,43.28066715,-6.719332850000001,-13.438665700000001,12178,EMERGENCY_UNWIND,0,1790396718638,0.0,-12.38,0.0,0.0,BAD_DECISION_BAD_OUTCOME,PENALIZE_POLICY,85,DEFENSIVE,,0x002bf482,Flawed process caused loss. Penalize strategy parameters and raise adaptive HSI hurdle to 85.,,,,,,,,,,,,,,,,,,,CATASTROPHIC_STOP_LOSS_VIOLATION
trd_1790396723006_380,GmPuERh5xhjdH3zGKz1nJdZ7WsqXYMpdxTju9hdDpump,TOC,0.00014494728487886386,0.0001306,50.0,44.49390555,-5.506094449999999,-11.012188899999998,4484,EMERGENCY_UNWIND,0,1790396723006,0.0,-9.9,0.0,0.0,BAD_DECISION_BAD_OUTCOME,PENALIZE_POLICY,85,DEFENSIVE,,0x2f76026e,Flawed process caused loss. Penalize strategy parameters and raise adaptive HSI hurdle to 85.,,,,,,,,,,,,,,,,,,,CATASTROPHIC_STOP_LOSS_VIOLATION
trd_1790396726439_559,9DRqjy75B5gqz8QvNb2FMZBpfA2nH3YF6Wfg1Au9J2od,CIMC,8.128197744360907e-05,7.564e-05,50.0,51.75,1.75,3.5,5868,TRAILING_TARGET,1,1790396726439,7.44,-6.94,0.4704,0.0,GOOD_DECISION_GOOD_OUTCOME,REINFORCE,82,BALANCED,,0x686b41b0,Sound decision process produced profitable outcome. Reinforce policy weights.,,,,,,,,,,,,,,,,,,,SOUND_DECISION_PROCESS
trd_1790396761089_819,DMZtsWeDaPRGU4ziXxcEMuPbXh1BmDm5iR9LirT8ZoHG,BEEPLE,0.0002977860981416956,0.0002499,100.0,100.25,0.25,0.25,41957,EMERGENCY_UNWIND,0,1790396761089,1.28,-16.08,0.1953,0.0,BAD_DECISION_GOOD_OUTCOME,DO_NOT_REINFORCE_LUCK,82,BALANCED,,0x6faccb0f,Flawed process produced lucky profit. Strictly avoid reinforcing bad habits.,,,,,,,,,,,,,,,,,,,SEVERE_ADVERSE_EXCURSION
trd_1790396761724_363,8V1JHHQbfBPVTr255VNwADJ4outZZwwAaCkDZoVRpump,a/aut,0.00014667043441938206,0.0001856,25.0,31.3367118,6.3367118,25.3468472,37321,TRAILING_TARGET,1,1790396761724,26.54,0.0,0.955,1.0,GOOD_DECISION_GOOD_OUTCOME,REINFORCE,82,BALANCED,,0x70ca7b7a,Sound decision process produced profitable outcome. Reinforce policy weights.,,,,,,,,,,,,,,,,,,,SOUND_DECISION_PROCESS
trd_1790396762157_239,4LBPTZUaJdBNHEEBbzFeMXaaZzD5cggtsorwYaPtzbiZ,x/acc,5.514078529657481e-05,5.352e-05,50.0,47.8937751,-2.106224900000001,-4.212449800000002,33574,EMERGENCY_UNWIND,1,1790396762157,0.0,-2.94,0.0,0.0,GOOD_DECISION_BAD_OUTCOME,NEUTRAL_VARIANCE,82,BALANCED,,0x3f62790b,Sound decision met adverse tail variance. Do NOT penalize valid process.,,,,,,,,,,,,,,,,,,,SOUND_DECISION_PROCESS
trd_1790396762627_703,8V1JHHQbfBPVTr255VNwADJ4outZZwwAaCkDZoVRpump,a/aut,0.00014667043441938206,0.0001856,25.0,31.3367118,6.3367118,25.3468472,38224,TRAILING_TARGET,1,1790396762627,26.54,0.0,0.955,1.0,GOOD_DECISION_GOOD_OUTCOME,REINFORCE,82,BALANCED,,0x70ca0ad9,Sound decision process produced profitable outcome. Reinforce policy weights.,,,,,,,,,,,,,,,,,,,SOUND_DECISION_PROCESS
trd_1790396770982_624,4LBPTZUaJdBNHEEBbzFeMXaaZzD5cggtsorwYaPtzbiZ,x/acc,5.484346859099632e-05,4.938e-05,100.0,88.05552285,-11.944477149999997,-11.944477149999997,7954,EMERGENCY_UNWIND,0,1790396770982,0.0,-9.96,0.0,0.0,BAD_DECISION_BAD_OUTCOME,PENALIZE_POLICY,85,DEFENSIVE,,0x5f2cd0be,Flawed process caused loss. Penalize strategy parameters and raise adaptive HSI hurdle to 85.,,,,,,,,,,,,,,,,,,,CATASTROPHIC_STOP_LOSS_VIOLATION
trd_1790396808496_993,GmPuERh5xhjdH3zGKz1nJdZ7WsqXYMpdxTju9hdDpump,TOC,9.706400000000002e-05,7.875e-05,50.0,50.75,0.75,1.5,46045,STOP_LOSS,0,1790396808496,4.67,-18.87,0.3212,0.0,BAD_DECISION_GOOD_OUTCOME,DO_NOT_REINFORCE_LUCK,82,BALANCED,,0x6b1be6de,Flawed process produced lucky profit. Strictly avoid reinforcing bad habits.,,,,,,,,,,,,,,,,,,,SEVERE_ADVERSE_EXCURSION
trd_1790396843336_741,DMZtsWeDaPRGU4ziXxcEMuPbXh1BmDm5iR9LirT8ZoHG,BEEPLE,0.0002240094402673352,0.0001907,50.0,50.125,0.125,0.25,70953,EMERGENCY_UNWIND,0,1790396843336,3.17,-14.87,0.0789,0.0,BAD_DECISION_GOOD_OUTCOME,DO_NOT_REINFORCE_LUCK,82,BALANCED,,0x391bad7b,Flawed process produced lucky profit. Strictly avoid reinforcing bad habits.,,,,,,,,,,,,,,,,,,,LUCKY_EMERGENCY_UNWIND_PROFIT
trd_1790396847783_294,8V1JHHQbfBPVTr255VNwADJ4outZZwwAaCkDZoVRpump,a/aut,0.00018812738512949062,0.0002402,50.0,62.79155085,12.79155085,25.5831017,83139,TRAILING_TARGET,1,1790396847783,9.23,-1.34,1.0,1.0,GOOD_DECISION_GOOD_OUTCOME,REINFORCE,82,BALANCED,,0x314ec687,Sound decision process produced profitable outcome. Reinforce policy weights.,,,,,,,,,,,,,,,,,,,SOUND_DECISION_PROCESS
trd_1790396882384_628,DMZtsWeDaPRGU4ziXxcEMuPbXh1BmDm5iR9LirT8ZoHG,BEEPLE,0.00019329683375104474,0.0002328,50.0,59.2764744,9.276474399999998,18.552948799999996,37841,TRAILING_TARGET,1,1790396882384,3.99,-1.34,1.0,1.0,GOOD_DECISION_GOOD_OUTCOME,REINFORCE,82,BALANCED,,0x08811948,Sound decision process produced profitable outcome. Reinforce policy weights.,,,,,,,,,,,,,,,,,,,SOUND_DECISION_PROCESS
trd_1790396887156_566,DMZtsWeDaPRGU4ziXxcEMuPbXh1BmDm5iR9LirT8ZoHG,BEEPLE,0.00023597012531328338,0.0002101,50.0,43.97311439999999,-6.026885600000007,-12.053771200000014,2666,EMERGENCY_UNWIND,0,1790396887156,0.0,-10.96,0.0,0.0,BAD_DECISION_BAD_OUTCOME,PENALIZE_POLICY,85,DEFENSIVE,,0x11ae61a3,Flawed process caused loss. Penalize strategy parameters and raise adaptive HSI hurdle to 85.,,,,,,,,,,,,,,,,,,,CATASTROPHIC_STOP_LOSS_VIOLATION
trd_1790396895892_554,8V1JHHQbfBPVTr255VNwADJ4outZZwwAaCkDZoVRpump,a/aut,0.0002434708939014203,0.0003135,50.0,63.3168504,13.3168504,26.6337008,47263,TRAILING_TARGET,1,1790396895892,6.42,-1.34,1.0,1.0,GOOD_DECISION_GOOD_OUTCOME,REINFORCE,82,BALANCED,,0x211c6147,Sound decision process produced profitable outcome. Reinforce policy weights.,,,,,,,,,,,,,,,,,,,SOUND_DECISION_PROCESS
trd_1790396900098_711,GmPuERh5xhjdH3zGKz1nJdZ7WsqXYMpdxTju9hdDpump,TOC,6.1404940685046e-05,6.058e-05,50.0,51.75,1.75,3.5,11423,TRAILING_TARGET,1,1790396900098,11.03,-1.34,0.3173,0.0,GOOD_DECISION_GOOD_OUTCOME,REINFORCE,82,BALANCED,,0x0172539e,Sound decision process produced profitable outcome. Reinforce policy weights.,,,,,,,,,,,,,,,,,,,SOUND_DECISION_PROCESS
trd_1790396901455_630,8V1JHHQbfBPVTr255VNwADJ4outZZwwAaCkDZoVRpump,a/aut,0.0003177690476190493,0.0002591,50.0,43.0,-7.0,-14.0,2806,EMERGENCY_UNWIND,0,1790396901455,0.0,-18.46,0.0,0.0,BAD_DECISION_BAD_OUTCOME,PENALIZE_POLICY,85,DEFENSIVE,,0x08824068,Flawed process caused loss. Penalize strategy parameters and raise adaptive HSI hurdle to 85.,,,,,,,,,,,,,,,,,,,CATASTROPHIC_STOP_LOSS_VIOLATION
trd_1790396905207_432,8V1JHHQbfBPVTr255VNwADJ4outZZwwAaCkDZoVRpump,a/aut,0.00026550715082076175,0.0003208,50.0,59.465325150000005,9.465325150000005,18.93065030000001,3028,TRAILING_TARGET,1,1790396905207,20.83,-2.41,0.9088,1.0,GOOD_DECISION_GOOD_OUTCOME,REINFORCE,82,BALANCED,,0x627b902d,Sound decision process produced profitable outcome. Reinforce policy weights.,,,,,,,,,,,,,,,,,,,SOUND_DECISION_PROCESS
trd_1790396911199_377,8V1JHHQbfBPVTr255VNwADJ4outZZwwAaCkDZoVRpump,a/aut,0.00026550715082076175,0.0003208,50.0,59.465325150000005,9.465325150000005,18.93065030000001,9020,TRAILING_TARGET,1,1790396911199,20.83,-2.41,0.9088,1.0,GOOD_DECISION_GOOD_OUTCOME,REINFORCE,82,BALANCED,,0x6287d38a,Sound decision process produced profitable outcome. Reinforce policy weights.,,,,,,,,,,,,,,,,,,,SOUND_DECISION_PROCESS
trd_1790396917335_115,DMZtsWeDaPRGU4ziXxcEMuPbXh1BmDm5iR9LirT8ZoHG,BEEPLE,0.0002366098075048775,0.0002264,100.0,93.463374,-6.536625999999999,-6.536625999999998,3922,EMERGENCY_UNWIND,1,1790396917335,0.0,-4.32,0.0,0.0,GOOD_DECISION_BAD_OUTCOME,NEUTRAL_VARIANCE,82,BALANCED,,0x3d8a214c,Sound decision met adverse tail variance. Do NOT penalize valid process.,,,,,,,,,,,,,,,,,,,SOUND_DECISION_PROCESS
trd_1790396931304_180,So11111111111111111111111111111111111111112,SOL,122.17130247221401,120.5,50.0,50.125,0.125,0.25,120604,OPERATOR_CLOSE,1,1790396931304,0.0,-1.45,1.0,0.0565,GOOD_DECISION_GOOD_OUTCOME,REINFORCE,82,BALANCED,,0x457fd35d,Sound decision process produced profitable outcome. Reinforce policy weights.,,,,,,,,,,,,,,,,,,,SOUND_DECISION_PROCESS
trd_1790396943594_574,GmPuERh5xhjdH3zGKz1nJdZ7WsqXYMpdxTju9hdDpump,TOC,6.053071169039894e-05,8.159e-05,50.000000000000036,66.23750609999999,16.237506099999955,32.47501219999989,25700,TRAILING_TARGET,1,1790396943594,34.79,-2.41,0.9335,1.0,GOOD_DECISION_GOOD_OUTCOME,REINFORCE,82,BALANCED,,0x70ffed47,Sound decision process produced profitable outcome. Reinforce policy weights.,,,,,,,,,,,,,,,,,,,SOUND_DECISION_PROCESS
trd_1790396944579_797,GmPuERh5xhjdH3zGKz1nJdZ7WsqXYMpdxTju9hdDpump,TOC,6.053071169039894e-05,8.159e-05,49.999999999999964,66.23750609999999,16.237506100000026,32.47501220000007,26685,TRAILING_TARGET,1,1790396944579,34.79,-2.41,0.9335,1.0,GOOD_DECISION_GOOD_OUTCOME,REINFORCE,82,BALANCED,,0x727215c5,Sound decision process produced profitable outcome. Reinforce policy weights.,,,,,,,,,,,,,,,,,,,SOUND_DECISION_PROCESS
trd_1790396956301_585,8V1JHHQbfBPVTr255VNwADJ4outZZwwAaCkDZoVRpump,a/aut,0.00036074642439432004,0.0002791,50.0,50.125,0.125,0.25,23782,STOP_LOSS,0,1790396956301,2.07,-1.34,0.1208,0.0,BAD_DECISION_GOOD_OUTCOME,DO_NOT_REINFORCE_LUCK,82,BALANCED,,0x0efd830f,Flawed process produced lucky profit. Strictly avoid reinforcing bad habits.,,,,,,,,,,,,,,,,,,,LUCKY_STOP_LOSS_REVERSAL
trd_1790396957442_509,GmPuERh5xhjdH3zGKz1nJdZ7WsqXYMpdxTju9hdDpump,TOC,8.270104177109443e-05,7.59e-05,50.0,45.31254225000001,-4.687457749999993,-9.374915499999986,10911,EMERGENCY_UNWIND,0,1790396957442,0.0,-8.22,0.0,0.0,BAD_DECISION_BAD_OUTCOME,PENALIZE_POLICY,85,DEFENSIVE,,0x659f1d14,Flawed process caused loss. Penalize strategy parameters and raise adaptive HSI hurdle to 85.,,,,,,,,,,,,,,,,,,,EMERGENCY_UNWIND_SEVERE_CRASH
trd_1790396961376_881,8V1JHHQbfBPVTr255VNwADJ4outZZwwAaCkDZoVRpump,a/aut,0.00028600172054833847,0.00023,100.0,86.0,-14.0,-14.0,3347,EMERGENCY_UNWIND,0,1790396961376,0.0,-19.58,0.0,0.0,BAD_DECISION_BAD_OUTCOME,PENALIZE_POLICY,85,DEFENSIVE,,0x6aaea184,Flawed process caused loss. Penalize strategy parameters and raise adaptive HSI hurdle to 85.,,,,,,,,,,,,,,,,,,,CATASTROPHIC_STOP_LOSS_VIOLATION
trd_1790397000053_247,DMZtsWeDaPRGU4ziXxcEMuPbXh1BmDm5iR9LirT8ZoHG,BEEPLE,0.00022948297410192158,0.0002475,50.0,53.15536245,3.155362449999998,6.310724899999996,81721,TRAILING_TARGET,1,1790397000053,11.08,-7.44,0.5696,0.8259,GOOD_DECISION_GOOD_OUTCOME,REINFORCE,82,BALANCED,,0x2aa4d7a7,Sound decision process produced profitable outcome. Reinforce policy weights.,,,,,,,,,,,,,,,,,,,SOUND_DECISION_PROCESS
trd_1790397001517_598,8V1JHHQbfBPVTr255VNwADJ4outZZwwAaCkDZoVRpump,a/aut,0.00023313199665831352,0.0002198,50.0,46.5365403,-3.463459700000002,-6.926919400000004,36997,EMERGENCY_UNWIND,1,1790397001517,0.0,-5.72,0.0,0.0,GOOD_DECISION_BAD_OUTCOME,NEUTRAL_VARIANCE,82,BALANCED,,0x3bc969b5,Sound decision met adverse tail variance. Do NOT penalize valid process.,,,,,,,,,,,,,,,,,,,SOUND_DECISION_PROCESS
trd_1790397022709_295,8V1JHHQbfBPVTr255VNwADJ4outZZwwAaCkDZoVRpump,a/aut,0.00022279309941520482,0.0001967,50.0,50.125,0.125,0.25,20052,TRAILING_TARGET,1,1790397022709,0.0,-1.34,1.0,0.0,GOOD_DECISION_GOOD_OUTCOME,REINFORCE,82,BALANCED,,0x799d83d6,Sound decision process produced profitable outcome. Reinforce policy weights.,,,,,,,,,,,,,,,,,,,SOUND_DECISION_PROCESS
trd_1790397056606_843,DMZtsWeDaPRGU4ziXxcEMuPbXh1BmDm5iR9LirT8ZoHG,BEEPLE,0.0002536203003787668,0.000207,100.0,86.0,-14.0,-14.0,54424,STOP_LOSS,0,1790397056606,0.31,-2.41,0.0,0.0,BAD_DECISION_BAD_OUTCOME,PENALIZE_POLICY,85,DEFENSIVE,,0x7a25cb8d,Flawed process caused loss. Penalize strategy parameters and raise adaptive HSI hurdle to 85.,,,,,,,,,,,,,,,,,,,CATASTROPHIC_STOP_LOSS_VIOLATION
trd_1790397057912_192,GmPuERh5xhjdH3zGKz1nJdZ7WsqXYMpdxTju9hdDpump,TOC,5.6823390142021745e-05,5.193e-05,50.0,45.12293085,-4.877069149999997,-9.754138299999994,33231,EMERGENCY_UNWIND,0,1790397057912,0.0,-8.61,0.0,0.0,BAD_DECISION_BAD_OUTCOME,PENALIZE_POLICY,85,DEFENSIVE,,0x2721edb3,Flawed process caused loss. Penalize strategy parameters and raise adaptive HSI hurdle to 85.,,,,,,,,,,,,,,,,,,,EMERGENCY_UNWIND_SEVERE_CRASH
trd_1790397079132_395,So11111111111111111111111111111111111111112,SOL,122.14089419211841,120.37,50.0,50.125,0.125,0.25,120794,TRAILING_TARGET,1,1790397079132,0.0,-1.45,1.0,0.0,GOOD_DECISION_GOOD_OUTCOME,REINFORCE,82,BALANCED,,0x741c08e2,Sound decision process produced profitable outcome. Reinforce policy weights.,,,,,,,,,,,,,,,,,,,SOUND_DECISION_PROCESS
trd_1790397082328_849,FeGtVFWzZWusudMhiCgc43KGNr9vcfDWvg8brbn66doK,ADIN,6.76285513784462e-05,5.197e-05,50.0,43.0,-7.0,-14.0,1670,STOP_LOSS,0,1790397082328,0.0,-1.34,0.0,0.0,BAD_DECISION_BAD_OUTCOME,PENALIZE_POLICY,85,DEFENSIVE,,0x154c98cc,Flawed process caused loss. Penalize strategy parameters and raise adaptive HSI hurdle to 85.,,,,,,,,,,,,,,,,,,,CATASTROPHIC_STOP_LOSS_VIOLATION
trd_1790397083865_74,8V1JHHQbfBPVTr255VNwADJ4outZZwwAaCkDZoVRpump,a/aut,0.0001417037092731832,0.000138,50.0,48.052752749999996,-1.947247250000004,-3.894494500000008,25319,EMERGENCY_UNWIND,1,1790397083865,0.0,-2.61,0.0,0.0,GOOD_DECISION_BAD_OUTCOME,NEUTRAL_VARIANCE,82,BALANCED,,0x23629cc7,Sound decision met adverse tail variance. Do NOT penalize valid process.,,,,,,,,,,,,,,,,,,,SOUND_DECISION_PROCESS
trd_1790397117787_569,8V1JHHQbfBPVTr255VNwADJ4outZZwwAaCkDZoVRpump,a/aut,0.00014141253112028197,0.0001074,100.0,86.0,-14.0,-14.0,33185,EMERGENCY_UNWIND,0,1790397117787,0.0,-24.05,0.0,0.0,BAD_DECISION_BAD_OUTCOME,PENALIZE_POLICY,85,DEFENSIVE,,0x1e795f13,Flawed process caused loss. Penalize strategy parameters and raise adaptive HSI hurdle to 85.,,,,,,,,,,,,,,,,,,,CATASTROPHIC_STOP_LOSS_VIOLATION
trd_1790397147566_377,DMZtsWeDaPRGU4ziXxcEMuPbXh1BmDm5iR9LirT8ZoHG,BEEPLE,0.00021211879668042312,0.0002255,100.0,103.6012179,3.601217899999995,3.601217899999995,88837,TRAILING_TARGET,1,1790397147566,8.38,-9.58,0.4297,0.8845,GOOD_DECISION_GOOD_OUTCOME,REINFORCE,82,BALANCED,,0x19b8ac27,Sound decision process produced profitable outcome. Reinforce policy weights.,,,,,,,,,,,,,,,,,,,SOUND_DECISION_PROCESS
trd_1790397147802_515,GmPuERh5xhjdH3zGKz1nJdZ7WsqXYMpdxTju9hdDpump,TOC,5.286014619883046e-05,7.081e-05,25.0,33.15943215,8.15943215,32.6377286,63248,TRAILING_TARGET,1,1790397147802,33.96,-1.34,0.9611,1.0,GOOD_DECISION_GOOD_OUTCOME,REINFORCE,82,BALANCED,,0x58b5bbc8,Sound decision process produced profitable outcome. Reinforce policy weights.,,,,,,,,,,,,,,,,,,,SOUND_DECISION_PROCESS
trd_1790397148400_634,GmPuERh5xhjdH3zGKz1nJdZ7WsqXYMpdxTju9hdDpump,TOC,5.286014619883046e-05,7.081e-05,25.0,33.15943215,8.15943215,32.6377286,63846,TRAILING_TARGET,1,1790397148400,33.96,-1.34,0.9611,1.0,GOOD_DECISION_GOOD_OUTCOME,REINFORCE,82,BALANCED,,0x58b5566f,Sound decision process produced profitable outcome. Reinforce policy weights.,,,,,,,,,,,,,,,,,,,SOUND_DECISION_PROCESS
trd_1790397152350_972,DMZtsWeDaPRGU4ziXxcEMuPbXh1BmDm5iR9LirT8ZoHG,BEEPLE,0.00022857071846282378,0.0001929,50.0,43.0,-7.0,-14.0,3917,STOP_LOSS,0,1790397152350,0.0,-1.34,0.0,0.0,BAD_DECISION_BAD_OUTCOME,PENALIZE_POLICY,85,DEFENSIVE,,0x12d3fa3a,Flawed process caused loss. Penalize strategy parameters and raise adaptive HSI hurdle to 85.,,,,,,,,,,,,,,,,,,,CATASTROPHIC_STOP_LOSS_VIOLATION
trd_1790397154025_463,8V1JHHQbfBPVTr255VNwADJ4outZZwwAaCkDZoVRpump,a/aut,0.00010886250626566421,0.0001018,50.0,46.16091045,-3.8390895499999975,-7.678179099999995,35636,EMERGENCY_UNWIND,0,1790397154025,0.0,-6.49,0.0,0.0,BAD_DECISION_BAD_OUTCOME,PENALIZE_POLICY,85,DEFENSIVE,,0x3329be3f,Flawed process caused loss. Penalize strategy parameters and raise adaptive HSI hurdle to 85.,,,,,,,,,,,,,,,,,,,EMERGENCY_UNWIND_SEVERE_CRASH
trd_1790397187620_516,FeGtVFWzZWusudMhiCgc43KGNr9vcfDWvg8brbn66doK,ADIN,8.343084628237261e-05,7.117e-05,50.0,50.75,0.75,1.5,37067,STOP_LOSS,0,1790397187620,6.36,-14.7,0.2358,0.0,BAD_DECISION_GOOD_OUTCOME,DO_NOT_REINFORCE_LUCK,82,BALANCED,,0x5e3f54d6,Flawed process produced lucky profit. Strictly avoid reinforcing bad habits.,,,,,,,,,,,,,,,,,,,LUCKY_STOP_LOSS_REVERSAL
trd_1790397188208_47,GmPuERh5xhjdH3zGKz1nJdZ7WsqXYMpdxTju9hdDpump,TOC,7.539286048454471e-05,8.497e-05,25.0,27.9308598,2.930859800000001,11.723439200000001,33735,TRAILING_TARGET,1,1790397188208,12.7,-1.34,0.9231,1.0,GOOD_DECISION_GOOD_OUTCOME,REINFORCE,82,BALANCED,,0x2a726cb0,Sound decision process produced profitable outcome. Reinforce policy weights.,,,,,,,,,,,,,,,,,,,SOUND_DECISION_PROCESS
trd_1790397192143_793,8V1JHHQbfBPVTr255VNwADJ4outZZwwAaCkDZoVRpump,a/aut,9.978049456975792e-05,9.247e-05,50.0,45.75094785,-4.249052149999997,-8.498104299999994,3519,EMERGENCY_UNWIND,0,1790397192143,0.0,-7.33,0.0,0.0,BAD_DECISION_BAD_OUTCOME,PENALIZE_POLICY,85,DEFENSIVE,,0x1210cb8e,Flawed process caused loss. Penalize strategy parameters and raise adaptive HSI hurdle to 85.,,,,,,,,,,,,,,,,,,,EMERGENCY_UNWIND_SEVERE_CRASH
trd_1790397226329_950,GmPuERh5xhjdH3zGKz1nJdZ7WsqXYMpdxTju9hdDpump,TOC,7.539286048454471e-05,1.028e-05,25.0,26.5,1.5,6.0,71856,STOP_LOSS,0,1790397226329,12.7,-1.34,0.4724,0.0,BAD_DECISION_GOOD_OUTCOME,DO_NOT_REINFORCE_LUCK,82,BALANCED,,0x61bb02ab,Flawed process produced lucky profit. Strictly avoid reinforcing bad habits.,,,,,,,,,,,,,,,,,,,LUCKY_STOP_LOSS_REVERSAL
trd_1790397227427_869,DMZtsWeDaPRGU4ziXxcEMuPbXh1BmDm5iR9LirT8ZoHG,BEEPLE,0.00019767012502248116,0.0002399,100.0,117.88891844999999,17.88891844999999,17.88891844999999,72854,TRAILING_TARGET,1,1790397227427,8.46,-2.41,1.0,1.0,GOOD_DECISION_GOOD_OUTCOME,REINFORCE,82,BALANCED,,0x67769532,Sound decision process produced profitable outcome. Reinforce policy weights.,,,,,,,,,,,,,,,,,,,SOUND_DECISION_PROCESS
trd_1790397266132_357,F1Zx9ye3wRxUmCVcbxgrW6raDh4F64zH25jQyW7Y1L1N,ANTI,9.999335421888062e-05,0.0001058,50.0,52.159584300000006,2.159584300000006,4.319168600000012,35485,TRAILING_TARGET,1,1790397266132,10.01,-1.34,0.4315,0.63,GOOD_DECISION_GOOD_OUTCOME,REINFORCE,82,BALANCED,,0x668a62a4,Sound decision process produced profitable outcome. Reinforce policy weights.,,,,,,,,,,,,,,,,,,,SOUND_DECISION_PROCESS
trd_1790397296382_513,F1Zx9ye3wRxUmCVcbxgrW6raDh4F64zH25jQyW7Y1L1N,ANTI,0.00010724071846282383,8.809e-05,50.0,43.0,-7.0,-14.0,27762,EMERGENCY_UNWIND,0,1790397296382,0.0,-17.86,0.0,0.0,BAD_DECISION_BAD_OUTCOME,PENALIZE_POLICY,85,DEFENSIVE,,0x37e9ee87,Flawed process caused loss. Penalize strategy parameters and raise adaptive HSI hurdle to 85.,,,,,,,,,,,,,,,,,,,CATASTROPHIC_STOP_LOSS_VIOLATION
trd_1790397315252_803,So11111111111111111111111111111111111111112,SOL,122.09021326437646,120.51,50.0,50.125,0.125,0.25,120770,TRAILING_TARGET,1,1790397315252,0.0,-1.34,1.0,0.0307,GOOD_DECISION_GOOD_OUTCOME,REINFORCE,82,BALANCED,,0x5e1ed67c,Sound decision process produced profitable outcome. Reinforce policy weights.,,,,,,,,,,,,,,,,,,,SOUND_DECISION_PROCESS
trd_1790397318157_248,FeGtVFWzZWusudMhiCgc43KGNr9vcfDWvg8brbn66doK,ADIN,4.9099625730994165e-05,4.224e-05,50.0,43.0,-7.0,-14.0,1453,STOP_LOSS,0,1790397318157,0.0,-13.97,0.0,0.0,BAD_DECISION_BAD_OUTCOME,PENALIZE_POLICY,85,DEFENSIVE,,0x79b68174,Flawed process caused loss. Penalize strategy parameters and raise adaptive HSI hurdle to 85.,,,,,,,,,,,,,,,,,,,CATASTROPHIC_STOP_LOSS_VIOLATION
trd_1790397318239_771,F1Zx9ye3wRxUmCVcbxgrW6raDh4F64zH25jQyW7Y1L1N,ANTI,8.928955472013379e-05,0.0001006,25.0,27.92203635,2.922036349999999,11.688145399999996,17670,TRAILING_TARGET,1,1790397318239,12.67,-1.34,0.9225,1.0,GOOD_DECISION_GOOD_OUTCOME,REINFORCE,82,BALANCED,,0x3189821e,Sound decision process produced profitable outcome. Reinforce policy weights.,,,,,,,,,,,,,,,,,,,SOUND_DECISION_PROCESS
trd_1790397323427_887,F1Zx9ye3wRxUmCVcbxgrW6raDh4F64zH25jQyW7Y1L1N,ANTI,8.928955472013379e-05,0.0001225,25.0,33.9546267,8.954626699999999,35.818506799999994,22858,TRAILING_TARGET,1,1790397323427,12.67,-1.34,1.0,1.0,GOOD_DECISION_GOOD_OUTCOME,REINFORCE,82,BALANCED,,0x264d070e,Sound decision process produced profitable outcome. Reinforce policy weights.,,,,,,,,,,,,,,,,,,,SOUND_DECISION_PROCESS
trd_1790397327381_917,GmPuERh5xhjdH3zGKz1nJdZ7WsqXYMpdxTju9hdDpump,TOC,5.321491228070179e-05,6.511e-05,50.0,60.207064800000005,10.207064800000005,20.41412960000001,6808,TRAILING_TARGET,1,1790397327381,11.85,-1.34,1.0,1.0,GOOD_DECISION_GOOD_OUTCOME,REINFORCE,82,BALANCED,,0x4b666bb9,Sound decision process produced profitable outcome. Reinforce policy weights.,,,,,,,,,,,,,,,,,,,SOUND_DECISION_PROCESS
trd_1790397348935_253,DMZtsWeDaPRGU4ziXxcEMuPbXh1BmDm5iR9LirT8ZoHG,BEEPLE,0.0002458323638822874,0.0002486,100.0,100.25,0.25,0.25,120839,TRAILING_TARGET,1,1790397348935,1.65,-3.47,0.1515,0.8968,GOOD_DECISION_GOOD_OUTCOME,REINFORCE,82,BALANCED,,0x3fe5b097,Sound decision process produced profitable outcome. Reinforce policy weights.,,,,,,,,,,,,,,,,,,,SOUND_DECISION_PROCESS
trd_1790397387824_753,8V1JHHQbfBPVTr255VNwADJ4outZZwwAaCkDZoVRpump,a/aut,9.521921637426909e-05,0.0001184,50.0,61.1738244,11.1738244,22.3476488,59459,TRAILING_TARGET,1,1790397387824,7.33,-1.34,1.0,1.0,GOOD_DECISION_GOOD_OUTCOME,REINFORCE,82,BALANCED,,0x241672b2,Sound decision process produced profitable outcome. Reinforce policy weights.,,,,,,,,,,,,,,,,,,,SOUND_DECISION_PROCESS
trd_1790397392606_356,F1Zx9ye3wRxUmCVcbxgrW6raDh4F64zH25jQyW7Y1L1N,ANTI,0.0001686659314954054,0.0001448,50.0,43.0,-7.0,-14.0,4031,EMERGENCY_UNWIND,0,1790397392606,0.0,-14.15,0.0,0.0,BAD_DECISION_BAD_OUTCOME,PENALIZE_POLICY,85,DEFENSIVE,,0x718deb75,Flawed process caused loss. Penalize strategy parameters and raise adaptive HSI hurdle to 85.,,,,,,,,,,,,,,,,,,,CATASTROPHIC_STOP_LOSS_VIOLATION
trd_1790398312458_274,GmPuERh5xhjdH3zGKz1nJdZ7WsqXYMpdxTju9hdDpump,TOC,0.00015761750208855487,0.0001823,24.999999999999922,28.65895965,3.6589596500000785,14.635838600000358,19229,TRAILING_TARGET,1,1790398312458,18.01,0.0,0.8127,0.8696,GOOD_DECISION_GOOD_OUTCOME,REINFORCE,82,BALANCED,,0x6b8a0618,Sound decision process produced profitable outcome. Reinforce policy weights.,,,,,,,,,,,,,,,,,,,SOUND_DECISION_PROCESS
trd_1790398347732_272,HSnCtWsw5YmfAkJo9S3eetWtGHPMrc2pAxvCu24AnQEa,DDOS,0.0005916484628237323,0.0006342,50.0,52.83432945,2.8343294499999985,5.668658899999997,50409,TRAILING_TARGET,1,1790398347732,10.08,-1.34,0.5624,0.747,GOOD_DECISION_GOOD_OUTCOME,REINFORCE,82,BALANCED,,0x3c68df46,Sound decision process produced profitable outcome. Reinforce policy weights.,,,,,,,,,,,,,,,,,,,SOUND_DECISION_PROCESS
trd_1790398383329_127,4LBPTZUaJdBNHEEBbzFeMXaaZzD5cggtsorwYaPtzbiZ,x/acc,0.0003256587129712003,0.0004438,100.0,131.95094145,31.950941449999988,31.950941449999988,85762,TRAILING_TARGET,1,1790398383329,7.23,-2.57,1.0,1.0,GOOD_DECISION_GOOD_OUTCOME,REINFORCE,82,BALANCED,,0x51abb774,Sound decision process produced profitable outcome. Reinforce policy weights.,,,,,,,,,,,,,,,,,,,SOUND_DECISION_PROCESS
trd_1790398417971_372,DMZtsWeDaPRGU4ziXxcEMuPbXh1BmDm5iR9LirT8ZoHG,BEEPLE,0.000103794419381788,0.0001215,50.0,57.635079899999994,7.635079899999994,15.270159799999988,104252,TRAILING_TARGET,1,1790398417971,17.06,-1.34,0.8951,1.0,GOOD_DECISION_GOOD_OUTCOME,REINFORCE,82,BALANCED,,0x71541cee,Sound decision process produced profitable outcome. Reinforce policy weights.,,,,,,,,,,,,,,,,,,,SOUND_DECISION_PROCESS
trd_1790398421839_756,4LBPTZUaJdBNHEEBbzFeMXaaZzD5cggtsorwYaPtzbiZ,x/acc,0.0004498433918128677,0.0004506,50.0,51.75,1.75,3.5,37543,TRAILING_TARGET,1,1790398421839,8.46,-1.34,0.4137,0.1542,GOOD_DECISION_GOOD_OUTCOME,REINFORCE,82,BALANCED,,0x6f282de3,Sound decision process produced profitable outcome. Reinforce policy weights.,,,,,,,,,,,,,,,,,,,SOUND_DECISION_PROCESS
trd_1790398456316_124,HSnCtWsw5YmfAkJo9S3eetWtGHPMrc2pAxvCu24AnQEa,DDOS,0.0006428361403508836,0.0007591,25.000000000000323,29.25626505,4.256265049999676,17.025060199998485,107334,TRAILING_TARGET,1,1790398456316,18.09,-1.34,0.9411,1.0,GOOD_DECISION_GOOD_OUTCOME,REINFORCE,82,BALANCED,,0x0a8e0187,Sound decision process produced profitable outcome. Reinforce policy weights.,,,,,,,,,,,,,,,,,,,SOUND_DECISION_PROCESS
trd_1790398456883_349,HSnCtWsw5YmfAkJo9S3eetWtGHPMrc2pAxvCu24AnQEa,DDOS,0.0006428361403508836,0.0007591,24.999999999999677,29.25626505,4.256265050000323,17.025060200001512,107901,TRAILING_TARGET,1,1790398456883,18.09,-1.34,0.9411,1.0,GOOD_DECISION_GOOD_OUTCOME,REINFORCE,82,BALANCED,,0x23295691,Sound decision process produced profitable outcome. Reinforce policy weights.,,,,,,,,,,,,,,,,,,,SOUND_DECISION_PROCESS
trd_1790398456965_761,4LBPTZUaJdBNHEEBbzFeMXaaZzD5cggtsorwYaPtzbiZ,x/acc,0.0004567359899749413,0.0004025,50.0,43.52735625,-6.472643750000002,-12.945287500000004,34024,EMERGENCY_UNWIND,0,1790398456965,0.0,-11.87,0.0,0.0,BAD_DECISION_BAD_OUTCOME,PENALIZE_POLICY,85,DEFENSIVE,,0x7fd728af,Flawed process caused loss. Penalize strategy parameters and raise adaptive HSI hurdle to 85.,,,,,,,,,,,,,,,,,,,CATASTROPHIC_STOP_LOSS_VIOLATION
trd_1790398460490_220,DMZtsWeDaPRGU4ziXxcEMuPbXh1BmDm5iR9LirT8ZoHG,BEEPLE,0.00012315451127819575,0.0001246,50.0,50.75,0.75,1.5,41516,TRAILING_TARGET,1,1790398460490,5.72,-1.34,0.2622,0.3563,GOOD_DECISION_GOOD_OUTCOME,REINFORCE,82,BALANCED,,0x66c0f6d1,Sound decision process produced profitable outcome. Reinforce policy weights.,,,,,,,,,,,,,,,,,,,SOUND_DECISION_PROCESS
trd_1790398466183_175,HSnCtWsw5YmfAkJo9S3eetWtGHPMrc2pAxvCu24AnQEa,DDOS,0.0007694369507101101,0.0007131,50.0,45.753262050000004,-4.246737949999996,-8.493475899999993,8654,EMERGENCY_UNWIND,0,1790398466183,0.0,-7.32,0.0,0.0,BAD_DECISION_BAD_OUTCOME,PENALIZE_POLICY,85,DEFENSIVE,,0x0162a01c,Flawed process caused loss. Penalize strategy parameters and raise adaptive HSI hurdle to 85.,,,,,,,,,,,,,,,,,,,EMERGENCY_UNWIND_SEVERE_CRASH
trd_1790398466806_148,4LBPTZUaJdBNHEEBbzFeMXaaZzD5cggtsorwYaPtzbiZ,x/acc,0.0004079809941520501,0.0003894,50.0,47.10519915,-2.8948008500000024,-5.789601700000006,8349,EMERGENCY_UNWIND,1,1790398466806,0.0,-4.55,0.0,0.0,GOOD_DECISION_BAD_OUTCOME,NEUTRAL_VARIANCE,82,BALANCED,,0x4240713c,Sound decision met adverse tail variance. Do NOT penalize valid process.,,,,,,,,,,,,,,,,,,,SOUND_DECISION_PROCESS
trd_1790398492511_278,DMZtsWeDaPRGU4ziXxcEMuPbXh1BmDm5iR9LirT8ZoHG,BEEPLE,0.00012629672514619886,0.000122,50.0,47.66786385,-2.3321361499999966,-4.664272299999993,30670,EMERGENCY_UNWIND,1,1790398492511,0.0,-3.4,0.0,0.0,GOOD_DECISION_BAD_OUTCOME,NEUTRAL_VARIANCE,82,BALANCED,,0x41a99f0d,Sound decision met adverse tail variance. Do NOT penalize valid process.,,,,,,,,,,,,,,,,,,,SOUND_DECISION_PROCESS
trd_1790398504574_200,4LBPTZUaJdBNHEEBbzFeMXaaZzD5cggtsorwYaPtzbiZ,x/acc,0.00039902927259592675,0.0003793,100.0,92.86139130000001,-7.138608699999992,-7.138608699999992,37081,EMERGENCY_UNWIND,0,1790398504574,0.72,-4.94,0.0,0.0,BAD_DECISION_BAD_OUTCOME,PENALIZE_POLICY,85,DEFENSIVE,,0x407ff74f,Flawed process caused loss. Penalize strategy parameters and raise adaptive HSI hurdle to 85.,,,,,,,,,,,,,,,,,,,EMERGENCY_UNWIND_SEVERE_CRASH
trd_1790398559963_712,4LBPTZUaJdBNHEEBbzFeMXaaZzD5cggtsorwYaPtzbiZ,x/acc,0.00038446507101086127,0.0004442,50.0,56.89558635,6.895586350000002,13.791172700000004,54722,TRAILING_TARGET,1,1790398559963,10.15,-1.34,1.0,1.0,GOOD_DECISION_GOOD_OUTCOME,REINFORCE,82,BALANCED,,0x26e11e13,Sound decision process produced profitable outcome. Reinforce policy weights.,,,,,,,,,,,,,,,,,,,SOUND_DECISION_PROCESS
trd_1790398588812_896,GmPuERh5xhjdH3zGKz1nJdZ7WsqXYMpdxTju9hdDpump,TOC,8.519454051796162e-05,8.504e-05,50.0,50.125,0.125,0.25,121211,TRAILING_TARGET,1,1790398588812,1.02,-1.34,0.2451,0.4925,GOOD_DECISION_GOOD_OUTCOME,REINFORCE,82,BALANCED,,0x132d2e49,Sound decision process produced profitable outcome. Reinforce policy weights.,,,,,,,,,,,,,,,,,,,SOUND_DECISION_PROCESS
trd_1790398590581_328,4LBPTZUaJdBNHEEBbzFeMXaaZzD5cggtsorwYaPtzbiZ,x/acc,0.0004502488387635774,0.0005068,25.0,27.89564025,2.8956402499999996,11.582560999999998,29391,TRAILING_TARGET,1,1790398590581,12.56,-1.34,0.9222,1.0,GOOD_DECISION_GOOD_OUTCOME,REINFORCE,82,BALANCED,,0x6e3ba10f,Sound decision process produced profitable outcome. Reinforce policy weights.,,,,,,,,,,,,,,,,,,,SOUND_DECISION_PROCESS
trd_1790398624908_769,HSnCtWsw5YmfAkJo9S3eetWtGHPMrc2pAxvCu24AnQEa,DDOS,0.0008083598579782817,0.0008231,50.0,51.75,1.75,3.5,130693,OPERATOR_CLOSE,1,1790398624908,9.16,0.0,0.3821,0.1991,GOOD_DECISION_GOOD_OUTCOME,REINFORCE,82,BALANCED,,0x115a22cb,Sound decision process produced profitable outcome. Reinforce policy weights.,,,,,,,,,,,,,,,,,,,SOUND_DECISION_PROCESS
trd_1790398625483_839,4LBPTZUaJdBNHEEBbzFeMXaaZzD5cggtsorwYaPtzbiZ,x/acc,0.0004502488387635774,0.0004193,25.0,26.5,1.5,6.0,64293,TRAILING_TARGET,1,1790398625483,12.56,-6.87,0.4777,0.0,GOOD_DECISION_GOOD_OUTCOME,REINFORCE,82,BALANCED,,0x0ae802cd,Sound decision process produced profitable outcome. Reinforce policy weights.,,,,,,,,,,,,,,,,,,,SOUND_DECISION_PROCESS
trd_1790398629199_69,DMZtsWeDaPRGU4ziXxcEMuPbXh1BmDm5iR9LirT8ZoHG,BEEPLE,8.868138429406855e-05,7.784e-05,50.0,43.3559499,-6.644050100000002,-13.288100200000002,2892,STOP_LOSS,0,1790398629199,0.0,-1.34,0.0,0.0,BAD_DECISION_BAD_OUTCOME,PENALIZE_POLICY,85,DEFENSIVE,,0x407a3079,Flawed process caused loss. Penalize strategy parameters and raise adaptive HSI hurdle to 85.,,,,,,,,,,,,,,,,,,,CATASTROPHIC_STOP_LOSS_VIOLATION
trd_1790398663930_322,afiwLjKsoyRziEKPgsAqsqRBV6cqeHt1MmFJmAUpump,e/pump,0.00040828507936508036,0.0003544,50.0,50.75,0.75,1.5,74352,STOP_LOSS,0,1790398663930,3.82,-6.02,0.3927,0.0,BAD_DECISION_GOOD_OUTCOME,DO_NOT_REINFORCE_LUCK,82,BALANCED,,0x09ce2fdb,Flawed process produced lucky profit. Strictly avoid reinforcing bad habits.,,,,,,,,,,,,,,,,,,,LUCKY_STOP_LOSS_REVERSAL
trd_1790398664950_500,4LBPTZUaJdBNHEEBbzFeMXaaZzD5cggtsorwYaPtzbiZ,x/acc,0.00040402788638262463,0.0003514,50.0,43.0,-7.0,-14.0,34415,EMERGENCY_UNWIND,0,1790398664950,0.0,-13.03,0.0,0.0,BAD_DECISION_BAD_OUTCOME,PENALIZE_POLICY,85,DEFENSIVE,,0x4e62284a,Flawed process caused loss. Penalize strategy parameters and raise adaptive HSI hurdle to 85.,,,,,,,,,,,,,,,,,,,CATASTROPHIC_STOP_LOSS_VIOLATION
trd_1790398698219_852,HSnCtWsw5YmfAkJo9S3eetWtGHPMrc2pAxvCu24AnQEa,DDOS,0.0008434540171384362,0.0009767,100.0,112.6174452,12.617445200000004,12.617445200000004,72133,TRAILING_TARGET,1,1790398698219,11.04,-2.41,1.0,1.0,GOOD_DECISION_GOOD_OUTCOME,REINFORCE,82,BALANCED,,0x2a517be7,Sound decision process produced profitable outcome. Reinforce policy weights.,,,,,,,,,,,,,,,,,,,SOUND_DECISION_PROCESS
trd_1790398699032_12,afiwLjKsoyRziEKPgsAqsqRBV6cqeHt1MmFJmAUpump,e/pump,0.0003592259983291571,0.0003057,50.0,43.0,-7.0,-14.0,33941,EMERGENCY_UNWIND,0,1790398699032,0.0,-14.9,0.0,0.0,BAD_DECISION_BAD_OUTCOME,PENALIZE_POLICY,85,DEFENSIVE,,0x1be39bc7,Flawed process caused loss. Penalize strategy parameters and raise adaptive HSI hurdle to 85.,,,,,,,,,,,,,,,,,,,CATASTROPHIC_STOP_LOSS_VIOLATION
trd_1790398699654_133,4LBPTZUaJdBNHEEBbzFeMXaaZzD5cggtsorwYaPtzbiZ,x/acc,0.0003600895901135307,0.0003325,100.0,90.2598225,-9.740177500000001,-9.740177500000001,34020,EMERGENCY_UNWIND,0,1790398699654,0.0,-7.66,0.0,0.0,BAD_DECISION_BAD_OUTCOME,PENALIZE_POLICY,85,DEFENSIVE,,0x3673de88,Flawed process caused loss. Penalize strategy parameters and raise adaptive HSI hurdle to 85.,,,,,,,,,,,,,,,,,,,EMERGENCY_UNWIND_SEVERE_CRASH
trd_1790398728936_657,afiwLjKsoyRziEKPgsAqsqRBV6cqeHt1MmFJmAUpump,e/pump,0.0003132594982860164,0.0002783,100.0,100.25,0.25,0.25,28503,TRAILING_TARGET,1,1790398728936,0.0,-11.16,1.0,0.0,GOOD_DECISION_GOOD_OUTCOME,REINFORCE,82,BALANCED,,0x55af9c01,Sound decision process produced profitable outcome. Reinforce policy weights.,,,,,,,,,,,,,,,,,,,SOUND_DECISION_PROCESS
trd_1790398729140_619,4LBPTZUaJdBNHEEBbzFeMXaaZzD5cggtsorwYaPtzbiZ,x/acc,0.0003370277777777784,0.0003242,50.0,47.4705765,-2.5294235,-5.058847,28489,EMERGENCY_UNWIND,1,1790398729140,0.0,-3.81,0.0,0.0,GOOD_DECISION_BAD_OUTCOME,NEUTRAL_VARIANCE,82,BALANCED,,0x687e11ca,Sound decision met adverse tail variance. Do NOT penalize valid process.,,,,,,,,,,,,,,,,,,,SOUND_DECISION_PROCESS
trd_1790398763140_379,4LBPTZUaJdBNHEEBbzFeMXaaZzD5cggtsorwYaPtzbiZ,x/acc,0.0003322169752840252,0.0002967,100.0,87.3564474,-12.643552600000007,-12.643552600000007,33161,EMERGENCY_UNWIND,0,1790398763140,0.0,-10.69,0.0,0.0,BAD_DECISION_BAD_OUTCOME,PENALIZE_POLICY,85,DEFENSIVE,,0x057a56fe,Flawed process caused loss. Penalize strategy parameters and raise adaptive HSI hurdle to 85.,,,,,,,,,,,,,,,,,,,CATASTROPHIC_STOP_LOSS_VIOLATION
trd_1790398763827_416,afiwLjKsoyRziEKPgsAqsqRBV6cqeHt1MmFJmAUpump,e/pump,0.0002820897159565583,0.0002734,50.0,47.8248801,-2.1751198999999986,-4.350239799999997,33660,EMERGENCY_UNWIND,1,1790398763827,0.0,-3.08,0.0,0.0,GOOD_DECISION_BAD_OUTCOME,NEUTRAL_VARIANCE,82,BALANCED,,0x0ef110db,Sound decision met adverse tail variance. Do NOT penalize valid process.,,,,,,,,,,,,,,,,,,,SOUND_DECISION_PROCESS
trd_1790398798260_663,HSnCtWsw5YmfAkJo9S3eetWtGHPMrc2pAxvCu24AnQEa,DDOS,0.0009900000918964093,0.001018,50.0,51.75,1.75,3.5,98652,TRAILING_TARGET,1,1790398798260,11.82,-1.48,0.2961,0.3242,GOOD_DECISION_GOOD_OUTCOME,REINFORCE,82,BALANCED,,0x0460fef7,Sound decision process produced profitable outcome. Reinforce policy weights.,,,,,,,,,,,,,,,,,,,SOUND_DECISION_PROCESS
trd_1790398799211_659,afiwLjKsoyRziEKPgsAqsqRBV6cqeHt1MmFJmAUpump,e/pump,0.00028016076817597883,0.000185,100.0,86.0,-14.0,-14.0,34707,STOP_LOSS,0,1790398799211,0.0,-33.97,0.0,0.0,BAD_DECISION_BAD_OUTCOME,PENALIZE_POLICY,85,DEFENSIVE,,0x72b8e35d,Flawed process caused loss. Penalize strategy parameters and raise adaptive HSI hurdle to 85.,,,,,,,,,,,,,,,,,,,CATASTROPHIC_STOP_LOSS_VIOLATION
trd_1790398799622_30,4LBPTZUaJdBNHEEBbzFeMXaaZzD5cggtsorwYaPtzbiZ,x/acc,0.00030074027568922343,0.0003501,25.0,28.844346599999998,3.844346599999998,15.377386399999992,34823,TRAILING_TARGET,1,1790398799622,16.41,-1.34,0.9371,1.0,GOOD_DECISION_GOOD_OUTCOME,REINFORCE,82,BALANCED,,0x43e13026,Sound decision process produced profitable outcome. Reinforce policy weights.,,,,,,,,,,,,,,,,,,,SOUND_DECISION_PROCESS
trd_1790398800225_555,4LBPTZUaJdBNHEEBbzFeMXaaZzD5cggtsorwYaPtzbiZ,x/acc,0.00030074027568922343,0.0003501,25.0,28.844346599999998,3.844346599999998,15.377386399999992,35426,TRAILING_TARGET,1,1790398800225,16.41,-1.34,0.9371,1.0,GOOD_DECISION_GOOD_OUTCOME,REINFORCE,82,BALANCED,,0x45130ee4,Sound decision process produced profitable outcome. Reinforce policy weights.,,,,,,,,,,,,,,,,,,,SOUND_DECISION_PROCESS
trd_1790398829249_135,HSnCtWsw5YmfAkJo9S3eetWtGHPMrc2pAxvCu24AnQEa,DDOS,0.0010318624895572384,0.001206,50.0,57.54648075,7.546480750000001,15.092961500000001,29798,TRAILING_TARGET,1,1790398829249,16.88,-1.34,0.8941,1.0,GOOD_DECISION_GOOD_OUTCOME,REINFORCE,82,BALANCED,,0x17961a2c,Sound decision process produced profitable outcome. Reinforce policy weights.,,,,,,,,,,,,,,,,,,,SOUND_DECISION_PROCESS
trd_1790398829544_363,afiwLjKsoyRziEKPgsAqsqRBV6cqeHt1MmFJmAUpump,e/pump,0.0001875192147034259,0.0001527,50.0,43.0,-7.0,-14.0,29258,EMERGENCY_UNWIND,0,1790398829544,0.0,-18.57,0.0,0.0,BAD_DECISION_BAD_OUTCOME,PENALIZE_POLICY,85,DEFENSIVE,,0x6c35844a,Flawed process caused loss. Penalize strategy parameters and raise adaptive HSI hurdle to 85.,,,,,,,,,,,,,,,,,,,CATASTROPHIC_STOP_LOSS_VIOLATION
trd_1790398835446_100,HSnCtWsw5YmfAkJo9S3eetWtGHPMrc2pAxvCu24AnQEa,DDOS,0.0012358225545728995,0.001202,100.0,94.97239185,-5.027608150000006,-5.027608150000006,5399,EMERGENCY_UNWIND,1,1790398835446,0.0,-2.74,0.0,0.0,GOOD_DECISION_BAD_OUTCOME,NEUTRAL_VARIANCE,82,BALANCED,,0x3475b67d,Sound decision met adverse tail variance. Do NOT penalize valid process.,,,,,,,,,,,,,,,,,,,SOUND_DECISION_PROCESS
trd_1790398867525_195,4LBPTZUaJdBNHEEBbzFeMXaaZzD5cggtsorwYaPtzbiZ,x/acc,0.0003548674436090243,0.0003756,50.0,52.17678765,2.1767876500000014,4.353575300000003,66181,TRAILING_TARGET,1,1790398867525,8.46,-1.34,0.5146,0.7328,GOOD_DECISION_GOOD_OUTCOME,REINFORCE,82,BALANCED,,0x28a27801,Sound decision process produced profitable outcome. Reinforce policy weights.,,,,,,,,,,,,,,,,,,,SOUND_DECISION_PROCESS
trd_1790398902970_723,afiwLjKsoyRziEKPgsAqsqRBV6cqeHt1MmFJmAUpump,e/pump,0.000154779373433584,1.817e-05,50.0,50.125,0.125,0.25,71934,STOP_LOSS,0,1790398902970,2.79,-2.51,0.0896,0.0,BAD_DECISION_GOOD_OUTCOME,DO_NOT_REINFORCE_LUCK,82,BALANCED,,0x5b9208f8,Flawed process produced lucky profit. Strictly avoid reinforcing bad habits.,,,,,,,,,,,,,,,,,,,LUCKY_STOP_LOSS_REVERSAL
trd_1790398904059_562,4LBPTZUaJdBNHEEBbzFeMXaaZzD5cggtsorwYaPtzbiZ,x/acc,0.00038071468671679285,0.0003073,50.0,43.0,-7.0,-14.0,35604,EMERGENCY_UNWIND,0,1790398904059,0.78,-19.28,0.0,0.0,BAD_DECISION_BAD_OUTCOME,PENALIZE_POLICY,85,DEFENSIVE,,0x1a992228,Flawed process caused loss. Penalize strategy parameters and raise adaptive HSI hurdle to 85.,,,,,,,,,,,,,,,,,,,CATASTROPHIC_STOP_LOSS_VIOLATION
trd_1790398938151_299,HSnCtWsw5YmfAkJo9S3eetWtGHPMrc2pAxvCu24AnQEa,DDOS,0.0012183680868838858,0.001558,25.0,31.6646793,6.6646792999999995,26.658717199999998,101109,TRAILING_TARGET,1,1790398938151,27.88,-2.57,0.9562,1.0,GOOD_DECISION_GOOD_OUTCOME,REINFORCE,82,BALANCED,,0x09b5ab7d,Sound decision process produced profitable outcome. Reinforce policy weights.,,,,,,,,,,,,,,,,,,,SOUND_DECISION_PROCESS
trd_1790398938623_354,HSnCtWsw5YmfAkJo9S3eetWtGHPMrc2pAxvCu24AnQEa,DDOS,0.0012183680868838858,0.001558,25.0,31.6646793,6.6646792999999995,26.658717199999998,101581,TRAILING_TARGET,1,1790398938623,27.88,-2.57,0.9562,1.0,GOOD_DECISION_GOOD_OUTCOME,REINFORCE,82,BALANCED,,0x09b59913,Sound decision process produced profitable outcome. Reinforce policy weights.,,,,,,,,,,,,,,,,,,,SOUND_DECISION_PROCESS
trd_1790398938918_874,GmPuERh5xhjdH3zGKz1nJdZ7WsqXYMpdxTju9hdDpump,TOC,4.390990476190479e-05,7.8e-05,25.0,43.8662715,18.866271500000003,75.46508600000001,33534,TRAILING_TARGET,1,1790398938918,77.64,-1.34,0.972,1.0,GOOD_DECISION_GOOD_OUTCOME,REINFORCE,82,BALANCED,,0x454a6816,Sound decision process produced profitable outcome. Reinforce policy weights.,,,,,,,,,,,,,,,,,,,SOUND_DECISION_PROCESS
trd_1790398939575_124,GmPuERh5xhjdH3zGKz1nJdZ7WsqXYMpdxTju9hdDpump,TOC,4.390990476190479e-05,7.8e-05,25.0,43.8662715,18.866271500000003,75.46508600000001,34191,TRAILING_TARGET,1,1790398939575,77.64,-1.34,0.972,1.0,GOOD_DECISION_GOOD_OUTCOME,REINFORCE,82,BALANCED,,0x454ace28,Sound decision process produced profitable outcome. Reinforce policy weights.,,,,,,,,,,,,,,,,,,,SOUND_DECISION_PROCESS
trd_1790398944008_720,GmPuERh5xhjdH3zGKz1nJdZ7WsqXYMpdxTju9hdDpump,TOC,7.906215538847129e-05,9.307e-05,25.00000000000004,29.16554205,4.165542049999959,16.66216819999981,2397,TRAILING_TARGET,1,1790398944008,17.72,0.0,0.9403,1.0,GOOD_DECISION_GOOD_OUTCOME,REINFORCE,82,BALANCED,,0x36ee8730,Sound decision process produced profitable outcome. Reinforce policy weights.,,,,,,,,,,,,,,,,,,,SOUND_DECISION_PROCESS
trd_1790398948030_691,GmPuERh5xhjdH3zGKz1nJdZ7WsqXYMpdxTju9hdDpump,TOC,7.906215538847129e-05,6.838e-05,24.999999999999957,26.499999999999954,1.4999999999999973,6.0,6419,EMERGENCY_UNWIND,0,1790398948030,17.72,-13.51,0.3386,0.0,BAD_DECISION_GOOD_OUTCOME,DO_NOT_REINFORCE_LUCK,82,BALANCED,,0x257c9207,Flawed process produced lucky profit. Strictly avoid reinforcing bad habits.,,,,,,,,,,,,,,,,,,,LUCKY_EMERGENCY_UNWIND_PROFIT
trd_1790399010237_183,4LBPTZUaJdBNHEEBbzFeMXaaZzD5cggtsorwYaPtzbiZ,x/acc,0.0003148990638642229,0.000273,100.0,101.5,1.5,1.5,105351,EMERGENCY_UNWIND,0,1790399010237,3.84,-13.31,0.3906,0.0,BAD_DECISION_GOOD_OUTCOME,DO_NOT_REINFORCE_LUCK,82,BALANCED,,0x34428a04,Flawed process produced lucky profit. Strictly avoid reinforcing bad habits.,,,,,,,,,,,,,,,,,,,LUCKY_EMERGENCY_UNWIND_PROFIT
trd_1790399034206_425,HSnCtWsw5YmfAkJo9S3eetWtGHPMrc2pAxvCu24AnQEa,DDOS,0.0015711069340017092,0.00181,50.0,56.73427515,6.734275150000002,13.468550300000004,63832,TRAILING_TARGET,1,1790399034206,15.21,-1.98,0.8855,1.0,GOOD_DECISION_GOOD_OUTCOME,REINFORCE,82,BALANCED,,0x04f95c27,Sound decision process produced profitable outcome. Reinforce policy weights.,,,,,,,,,,,,,,,,,,,SOUND_DECISION_PROCESS
trd_1790399034393_106,4LBPTZUaJdBNHEEBbzFeMXaaZzD5cggtsorwYaPtzbiZ,x/acc,0.0002767175438596493,0.0002556,50.0,45.601966499999996,-4.398033500000004,-8.796067000000008,22764,EMERGENCY_UNWIND,0,1790399034393,0.0,-7.63,0.0,0.0,BAD_DECISION_BAD_OUTCOME,PENALIZE_POLICY,85,DEFENSIVE,,0x3cf77ff1,Flawed process caused loss. Penalize strategy parameters and raise adaptive HSI hurdle to 85.,,,,,,,,,,,,,,,,,,,EMERGENCY_UNWIND_SEVERE_CRASH
trd_1790399061804_847,So11111111111111111111111111111111111111112,SOL,122.26252823821201,120.68,50.0,50.125,0.125,0.25,121186,TRAILING_TARGET,1,1790399061804,0.0,-1.37,1.0,0.0538,GOOD_DECISION_GOOD_OUTCOME,REINFORCE,82,BALANCED,,0x53e77d52,Sound decision process produced profitable outcome. Reinforce policy weights.,,,,,,,,,,,,,,,,,,,SOUND_DECISION_PROCESS
trd_1790399064389_742,HSnCtWsw5YmfAkJo9S3eetWtGHPMrc2pAxvCu24AnQEa,DDOS,0.0018547585603457546,0.001754,100.0,92.39433165000001,-7.605668349999987,-7.605668349999988,29532,EMERGENCY_UNWIND,0,1790399064389,0.0,-5.43,0.0,0.0,BAD_DECISION_BAD_OUTCOME,PENALIZE_POLICY,85,DEFENSIVE,,0x62b056d1,Flawed process caused loss. Penalize strategy parameters and raise adaptive HSI hurdle to 85.,,,,,,,,,,,,,,,,,,,EMERGENCY_UNWIND_SEVERE_CRASH
trd_1790399064668_663,4LBPTZUaJdBNHEEBbzFeMXaaZzD5cggtsorwYaPtzbiZ,x/acc,0.00025908060150375974,0.0002286,50.0,50.125,0.125,0.25,2158,TRAILING_TARGET,1,1790399064668,0.0,-11.76,1.0,0.0,GOOD_DECISION_GOOD_OUTCOME,REINFORCE,82,BALANCED,,0x28e16e06,Sound decision process produced profitable outcome. Reinforce policy weights.,,,,,,,,,,,,,,,,,,,SOUND_DECISION_PROCESS
trd_1790399065042_274,GmPuERh5xhjdH3zGKz1nJdZ7WsqXYMpdxTju9hdDpump,TOC,0.00011920140350877209,0.0001366,25.0,28.397032799999998,3.3970327999999985,13.588131199999992,28698,TRAILING_TARGET,1,1790399065042,14.6,-1.34,0.9307,1.0,GOOD_DECISION_GOOD_OUTCOME,REINFORCE,82,BALANCED,,0x286cf9f7,Sound decision process produced profitable outcome. Reinforce policy weights.,,,,,,,,,,,,,,,,,,,SOUND_DECISION_PROCESS
trd_1790399099298_76,GmPuERh5xhjdH3zGKz1nJdZ7WsqXYMpdxTju9hdDpump,TOC,0.00011920140350877209,0.000152,25.0,31.575991350000002,6.575991350000004,26.303965400000013,62954,TRAILING_TARGET,1,1790399099298,14.6,-1.34,1.0,1.0,GOOD_DECISION_GOOD_OUTCOME,REINFORCE,82,BALANCED,,0x39a2e7d5,Sound decision process produced profitable outcome. Reinforce policy weights.,,,,,,,,,,,,,,,,,,,SOUND_DECISION_PROCESS
trd_1790399100396_586,HSnCtWsw5YmfAkJo9S3eetWtGHPMrc2pAxvCu24AnQEa,DDOS,0.0017778848788638814,0.001662,50.0,46.145967600000006,-3.8540323999999937,-7.708064799999987,34509,EMERGENCY_UNWIND,0,1790399100396,0.0,-6.52,0.0,0.0,BAD_DECISION_BAD_OUTCOME,PENALIZE_POLICY,85,DEFENSIVE,,0x3d4a673a,Flawed process caused loss. Penalize strategy parameters and raise adaptive HSI hurdle to 85.,,,,,,,,,,,,,,,,,,,EMERGENCY_UNWIND_SEVERE_CRASH
trd_1790399104450_918,HSnCtWsw5YmfAkJo9S3eetWtGHPMrc2pAxvCu24AnQEa,DDOS,0.0017030987443616714,0.001624,100.0,93.14831865000001,-6.851681349999992,-6.851681349999993,3527,EMERGENCY_UNWIND,1,1790399104450,0.0,-4.64,0.0,0.0,GOOD_DECISION_BAD_OUTCOME,NEUTRAL_VARIANCE,82,BALANCED,,0x42cbbc7c,Sound decision met adverse tail variance. Do NOT penalize valid process.,,,,,,,,,,,,,,,,,,,SOUND_DECISION_PROCESS
trd_1790399107680_922,4LBPTZUaJdBNHEEBbzFeMXaaZzD5cggtsorwYaPtzbiZ,x/acc,0.0002342529319862064,0.0002407,100.0,101.5,1.5,1.5,42077,TRAILING_TARGET,1,1790399107680,4.93,-2.41,0.3043,0.7035,GOOD_DECISION_GOOD_OUTCOME,REINFORCE,82,BALANCED,,0x2d9f1783,Sound decision process produced profitable outcome. Reinforce policy weights.,,,,,,,,,,,,,,,,,,,SOUND_DECISION_PROCESS
trd_1790399143137_995,GmPuERh5xhjdH3zGKz1nJdZ7WsqXYMpdxTju9hdDpump,TOC,0.0001540698412698416,0.0001124,50.0,50.125,0.125,0.25,42600,STOP_LOSS,0,1790399143137,2.36,-4.72,0.1059,0.0,BAD_DECISION_GOOD_OUTCOME,DO_NOT_REINFORCE_LUCK,82,BALANCED,,0x544e06d9,Flawed process produced lucky profit. Strictly avoid reinforcing bad habits.,,,,,,,,,,,,,,,,,,,LUCKY_STOP_LOSS_REVERSAL
trd_1790399144802_695,4LBPTZUaJdBNHEEBbzFeMXaaZzD5cggtsorwYaPtzbiZ,x/acc,0.00024397770258980818,0.0002334,50.0,47.21207835,-2.7879216500000013,-5.5758433000000025,36293,EMERGENCY_UNWIND,1,1790399144802,0.0,-4.34,0.0,0.0,GOOD_DECISION_BAD_OUTCOME,NEUTRAL_VARIANCE,82,BALANCED,,0x59b91084,Sound decision met adverse tail variance. Do NOT penalize valid process.,,,,,,,,,,,,,,,,,,,SOUND_DECISION_PROCESS
trd_1790399166638_599,4LBPTZUaJdBNHEEBbzFeMXaaZzD5cggtsorwYaPtzbiZ,x/acc,0.00023657829573934844,0.0002292,50.0,47.806194000000005,-2.193805999999995,-4.38761199999999,20262,EMERGENCY_UNWIND,1,1790399166638,0.0,-3.12,0.0,0.0,GOOD_DECISION_BAD_OUTCOME,NEUTRAL_VARIANCE,82,BALANCED,,0x29100540,Sound decision met adverse tail variance. Do NOT penalize valid process.,,,,,,,,,,,,,,,,,,,SOUND_DECISION_PROCESS
trd_1790399200127_552,HSnCtWsw5YmfAkJo9S3eetWtGHPMrc2pAxvCu24AnQEa,DDOS,0.0016805776106934307,0.001435,50.0,43.0,-7.0,-14.0,56038,STOP_LOSS,0,1790399200127,0.0,-1.34,0.0,0.0,BAD_DECISION_BAD_OUTCOME,PENALIZE_POLICY,85,DEFENSIVE,,0x4fc18e73,Flawed process caused loss. Penalize strategy parameters and raise adaptive HSI hurdle to 85.,,,,,,,,,,,,,,,,,,,CATASTROPHIC_STOP_LOSS_VIOLATION
trd_1790399200906_428,GmPuERh5xhjdH3zGKz1nJdZ7WsqXYMpdxTju9hdDpump,TOC,0.00012062046783625733,6.349e-05,50.0,43.0,-7.0,-14.0,33286,EMERGENCY_UNWIND,0,1790399200906,0.0,-47.36,0.0,0.0,BAD_DECISION_BAD_OUTCOME,PENALIZE_POLICY,85,DEFENSIVE,,0x41bda840,Flawed process caused loss. Penalize strategy parameters and raise adaptive HSI hurdle to 85.,,,,,,,,,,,,,,,,,,,CATASTROPHIC_STOP_LOSS_VIOLATION
trd_1790399226704_467,So11111111111111111111111111111111111111112,SOL,122.3233450287499,120.58,50.0,50.125,0.125,0.25,121336,TRAILING_TARGET,1,1790399226704,0.0,-1.43,1.0,0.0,GOOD_DECISION_GOOD_OUTCOME,REINFORCE,82,BALANCED,,0x5a677ef4,Sound decision process produced profitable outcome. Reinforce policy weights.,,,,,,,,,,,,,,,,,,,SOUND_DECISION_PROCESS
trd_1790399231141_657,GmPuERh5xhjdH3zGKz1nJdZ7WsqXYMpdxTju9hdDpump,TOC,5.757346700083546e-05,5.198e-05,50.0,44.58334095,-5.41665905,-10.8333181,3623,EMERGENCY_UNWIND,0,1790399231141,0.0,-9.72,0.0,0.0,BAD_DECISION_BAD_OUTCOME,PENALIZE_POLICY,85,DEFENSIVE,,0x26dd3934,Flawed process caused loss. Penalize strategy parameters and raise adaptive HSI hurdle to 85.,,,,,,,,,,,,,,,,,,,CATASTROPHIC_STOP_LOSS_VIOLATION
trd_1790399268301_411,HSnCtWsw5YmfAkJo9S3eetWtGHPMrc2pAxvCu24AnQEa,DDOS,0.0014545409356725432,0.001359,50.0,50.75,0.75,1.5,67022,TRAILING_TARGET,1,1790399268301,5.19,-1.82,0.289,0.0,GOOD_DECISION_GOOD_OUTCOME,REINFORCE,82,BALANCED,,0x7f5ca51e,Sound decision process produced profitable outcome. Reinforce policy weights.,,,,,,,,,,,,,,,,,,,SOUND_DECISION_PROCESS
trd_1790399273255_646,HSnCtWsw5YmfAkJo9S3eetWtGHPMrc2pAxvCu24AnQEa,DDOS,0.0013775060150376078,0.001285,50.0,46.0495509,-3.9504491,-7.9008982,3780,EMERGENCY_UNWIND,0,1790399273255,0.0,-6.72,0.0,0.0,BAD_DECISION_BAD_OUTCOME,PENALIZE_POLICY,85,DEFENSIVE,,0x511da30c,Flawed process caused loss. Penalize strategy parameters and raise adaptive HSI hurdle to 85.,,,,,,,,,,,,,,,,,,,EMERGENCY_UNWIND_SEVERE_CRASH
trd_1790399353485_248,So11111111111111111111111111111111111111112,SOL,122.2219835362686,120.68,50.0,50.125,0.125,0.25,120573,TRAILING_TARGET,1,1790399353485,0.0,-1.35,1.0,0.0666,GOOD_DECISION_GOOD_OUTCOME,REINFORCE,82,BALANCED,,0x25027fac,Sound decision process produced profitable outcome. Reinforce policy weights.,,,,,,,,,,,,,,,,,,,SOUND_DECISION_PROCESS
trd_1790399407541_270,HSnCtWsw5YmfAkJo9S3eetWtGHPMrc2pAxvCu24AnQEa,DDOS,0.0010460531328320825,0.0009349,50.0,51.75,1.75,3.5,52930,TRAILING_TARGET,1,1790399407541,10.61,-10.63,0.3299,0.0,GOOD_DECISION_GOOD_OUTCOME,REINFORCE,82,BALANCED,,0x3b350c70,Sound decision process produced profitable outcome. Reinforce policy weights.,,,,,,,,,,,,,,,,,,,SOUND_DECISION_PROCESS
trd_1790399439425_914,4LBPTZUaJdBNHEEBbzFeMXaaZzD5cggtsorwYaPtzbiZ,x/acc,0.00023232110275689283,0.000203,50,50.125,0.125,0.25,237076,STOP_LOSS,0,1790399439425,1.37,-12.62,0.1825,0,BAD_DECISION_GOOD_OUTCOME,DO_NOT_REINFORCE_LUCK,82,BALANCED,,0x294da097,Flawed process produced lucky profit. Strictly avoid reinforcing bad habits.,,,,,,,,,,,,,,,,,,,LUCKY_STOP_LOSS_REVERSAL
trd_1790399443707_356,GmPuERh5xhjdH3zGKz1nJdZ7WsqXYMpdxTju9hdDpump,TOC,0.000033935909774436104,0.00003827,25.000000000000018,27.9477105,2.9477104999999817,11.790841999999918,169422,TRAILING_TARGET,1,1790399443707,12.77,-1.55,0.9233,1,GOOD_DECISION_GOOD_OUTCOME,REINFORCE,82,BALANCED,,0x78edf50a,Sound decision process produced profitable outcome. Reinforce policy weights.,,,,,,,,,,,,,,,,,,,SOUND_DECISION_PROCESS
trd_1790399476514_817,HSnCtWsw5YmfAkJo9S3eetWtGHPMrc2pAxvCu24AnQEa,DDOS,0.0009476308855472072,0.0008347,50,50.75,0.75,1.5,68150,TRAILING_TARGET,1,1790399476514,6.69,-1.34,0.2242,0,GOOD_DECISION_GOOD_OUTCOME,REINFORCE,82,BALANCED,,0x3b7ea921,Sound decision process produced profitable outcome. Reinforce policy weights.,,,,,,,,,,,,,,,,,,,SOUND_DECISION_PROCESS
trd_1790399524405_809,GmPuERh5xhjdH3zGKz1nJdZ7WsqXYMpdxTju9hdDpump,TOC,0.000033935909774436104,0.00003912,24.99999999999998,28.564505999999998,3.564506000000019,14.258024000000088,250120,TRAILING_TARGET,1,1790399524405,15.28,-1.55,0.9331,1,GOOD_DECISION_GOOD_OUTCOME,REINFORCE,82,BALANCED,,0x1c0872a1,Sound decision process produced profitable outcome. Reinforce policy weights.,,,,,,,,,,,,,,,,,,,SOUND_DECISION_PROCESS
trd_1790399558769_206,4LBPTZUaJdBNHEEBbzFeMXaaZzD5cggtsorwYaPtzbiZ,x/acc,0.0002057643274853803,0.000187,50,50.75,0.75,1.5,117736,TRAILING_TARGET,1,1790399558769,4.39,-1.93,0.3417,0,GOOD_DECISION_GOOD_OUTCOME,REINFORCE,82,BALANCED,,0x28af61cb,Sound decision process produced profitable outcome. Reinforce policy weights.,,,,,,,,,,,,,,,,,,,SOUND_DECISION_PROCESS
trd_1790399560084_979,HSnCtWsw5YmfAkJo9S3eetWtGHPMrc2pAxvCu24AnQEa,DDOS,0.0008460664243943208,0.001041,50,60.5406042,10.540604199999997,21.081208399999994,82431,TRAILING_TARGET,1,1790399560084,23.04,-2.24,0.915,1,GOOD_DECISION_GOOD_OUTCOME,REINFORCE,82,BALANCED,,0x71d96f67,Sound decision process produced profitable outcome. Reinforce policy weights.,,,,,,,,,,,,,,,,,,,SOUND_DECISION_PROCESS
trd_1790399560255_336,2Zij3mVUnyN7dxAbxmZLUSH765WcVF24qEvvsDrjhzU7,DDOS,0.0001589352046783628,0.00009346,50,43,-7,-14,34665,EMERGENCY_UNWIND,0,1790399560255,0,-41.2,0,0,BAD_DECISION_BAD_OUTCOME,PENALIZE_POLICY,85,DEFENSIVE,,0x165bf2f4,Flawed process caused loss. Penalize strategy parameters and raise adaptive HSI hurdle to 85.,,,,,,,,,,,,,,,,,,,CATASTROPHIC_STOP_LOSS_VIOLATION
trd_1790399568507_800,HSnCtWsw5YmfAkJo9S3eetWtGHPMrc2pAxvCu24AnQEa,DDOS,0.0010667423543203878,0.001033,100,94.56490275,-5.435097249999999,-5.435097249999998,7703,EMERGENCY_UNWIND,1,1790399568507,0,-3.16,0,0,GOOD_DECISION_BAD_OUTCOME,NEUTRAL_VARIANCE,82,BALANCED,,0x02a1cce7,Sound decision met adverse tail variance. Do NOT penalize valid process.,,,,,,,,,,,,,,,,,,,SOUND_DECISION_PROCESS
trd_1790399569259_435,2Zij3mVUnyN7dxAbxmZLUSH765WcVF24qEvvsDrjhzU7,DDOS,0.00009473268003341687,0.00008922,50,46.4874231,-3.5125768999999996,-7.025153799999999,7096,EMERGENCY_UNWIND,0,1790399569259,0,-5.82,0,0,BAD_DECISION_BAD_OUTCOME,PENALIZE_POLICY,85,DEFENSIVE,,0x244b88c5,Flawed process caused loss. Penalize strategy parameters and raise adaptive HSI hurdle to 85.,,,,,,,,,,,,,,,,,,,EMERGENCY_UNWIND_SEVERE_CRASH
trd_1790399602628_466,4hP6EiDZGEkqzRguzAWKJ2QYht5VRxn4t78evNELpump,e/pepe,0.00008933009941520467,0.00007963,50,44.02426455,-5.975735450000002,-11.951470900000004,33622,EMERGENCY_UNWIND,0,1790399602628,0,-10.86,0,0,BAD_DECISION_BAD_OUTCOME,PENALIZE_POLICY,85,DEFENSIVE,,0x2901c7d9,Flawed process caused loss. Penalize strategy parameters and raise adaptive HSI hurdle to 85.,,,,,,,,,,,,,,,,,,,CATASTROPHIC_STOP_LOSS_VIOLATION
trd_1790399607516_209,4LBPTZUaJdBNHEEBbzFeMXaaZzD5cggtsorwYaPtzbiZ,x/acc,0.00018954644945697613,0.0001903,50,51.75,1.75,3.5,47620,TRAILING_TARGET,1,1790399607516,7.15,-1.34,0.4895,0.205,GOOD_DECISION_GOOD_OUTCOME,REINFORCE,82,BALANCED,,0x21631ef5,Sound decision process produced profitable outcome. Reinforce policy weights.,,,,,,,,,,,,,,,,,,,SOUND_DECISION_PROCESS
trd_1790399642151_31,HSnCtWsw5YmfAkJo9S3eetWtGHPMrc2pAxvCu24AnQEa,DDOS,0.0008586352798663349,0.0007348,50,43,-7,-14,38417,STOP_LOSS,0,1790399642151,0.66,-14.42,0,0,BAD_DECISION_BAD_OUTCOME,PENALIZE_POLICY,85,DEFENSIVE,,0x1a1cde4c,Flawed process caused loss. Penalize strategy parameters and raise adaptive HSI hurdle to 85.,,,,,,,,,,,,,,,,,,,CATASTROPHIC_STOP_LOSS_VIOLATION
trd_1790399642769_860,4LBPTZUaJdBNHEEBbzFeMXaaZzD5cggtsorwYaPtzbiZ,x/acc,0.00019289138680033424,0.0001719,50,44.012636549999996,-5.987363450000004,-11.974726900000007,33978,EMERGENCY_UNWIND,0,1790399642769,0,-10.88,0,0,BAD_DECISION_BAD_OUTCOME,PENALIZE_POLICY,85,DEFENSIVE,,0x15486f4a,Flawed process caused loss. Penalize strategy parameters and raise adaptive HSI hurdle to 85.,,,,,,,,,,,,,,,,,,,CATASTROPHIC_STOP_LOSS_VIOLATION
trd_1790399675908_720,2Zij3mVUnyN7dxAbxmZLUSH765WcVF24qEvvsDrjhzU7,DDOS,0.00010120969507101097,0.00009709,50,51.75,1.75,3.5,32783,TRAILING_TARGET,1,1790399675908,10.66,-1.34,0.3283,0,GOOD_DECISION_GOOD_OUTCOME,REINFORCE,82,BALANCED,,0x6688aac5,Sound decision process produced profitable outcome. Reinforce policy weights.,,,,,,,,,,,,,,,,,,,SOUND_DECISION_PROCESS
trd_1790399698267_883,2Zij3mVUnyN7dxAbxmZLUSH765WcVF24qEvvsDrjhzU7,DDOS,0.00009841211111111119,0.0000788,50,50.125,0.125,0.25,21455,STOP_LOSS,0,1790399698267,2.12,-19.93,0.1179,0,BAD_DECISION_GOOD_OUTCOME,DO_NOT_REINFORCE_LUCK,82,BALANCED,,0x31d84112,Flawed process produced lucky profit. Strictly avoid reinforcing bad habits.,,,,,,,,,,,,,,,,,,,SEVERE_ADVERSE_EXCURSION
trd_1790399732398_594,4hP6EiDZGEkqzRguzAWKJ2QYht5VRxn4t78evNELpump,e/pepe,0.00005289055472013371,0.00006236,50,58.04601825,8.046018250000003,16.092036500000006,32999,TRAILING_TARGET,1,1790399732398,17.9,-1.34,0.899,1,GOOD_DECISION_GOOD_OUTCOME,REINFORCE,82,BALANCED,,0x47968e94,Sound decision process produced profitable outcome. Reinforce policy weights.,,,,,,,,,,,,,,,,,,,SOUND_DECISION_PROCESS
trd_1790399767071_102,HSnCtWsw5YmfAkJo9S3eetWtGHPMrc2pAxvCu24AnQEa,DDOS,0.0007529704917911832,0.0008822,50.00000000000038,57.685779450000005,7.685779449999628,15.37155889999914,123620,TRAILING_TARGET,1,1790399767071,17.16,-2.41,0.8958,1,GOOD_DECISION_GOOD_OUTCOME,REINFORCE,82,BALANCED,,0x1b7b245d,Sound decision process produced profitable outcome. Reinforce policy weights.,,,,,,,,,,,,,,,,,,,SOUND_DECISION_PROCESS
trd_1790399782418_521,HSnCtWsw5YmfAkJo9S3eetWtGHPMrc2pAxvCu24AnQEa,DDOS,0.0007529704917911832,0.0008822,49.999999999999616,57.685779450000005,7.685779450000389,15.371558900000895,138967,TRAILING_TARGET,1,1790399782418,17.16,-2.41,0.8958,1,GOOD_DECISION_GOOD_OUTCOME,REINFORCE,82,BALANCED,,0x54f21c46,Sound decision process produced profitable outcome. Reinforce policy weights.,,,,,,,,,,,,,,,,,,,SOUND_DECISION_PROCESS
trd_1790399819283_614,DMZtsWeDaPRGU4ziXxcEMuPbXh1BmDm5iR9LirT8ZoHG,BEEPLE,0.00008907669507101092,0.00008268,50,50.75,0.75,1.5,85381,TRAILING_TARGET,1,1790399819283,6.63,-7.18,0.2262,0,GOOD_DECISION_GOOD_OUTCOME,REINFORCE,82,BALANCED,,0x5a3bdd2c,Sound decision process produced profitable outcome. Reinforce policy weights.,,,,,,,,,,,,,,,,,,,SOUND_DECISION_PROCESS
trd_1790399855625_507,DMZtsWeDaPRGU4ziXxcEMuPbXh1BmDm5iR9LirT8ZoHG,BEEPLE,0.00008380588471177949,0.00009443,25,27.924474,2.924474,11.697896,35155,TRAILING_TARGET,1,1790399855625,12.68,-1.34,0.9225,1,GOOD_DECISION_GOOD_OUTCOME,REINFORCE,82,BALANCED,,0x06404662,Sound decision process produced profitable outcome. Reinforce policy weights.,,,,,,,,,,,,,,,,,,,SOUND_DECISION_PROCESS
trd_1790399885487_686,GmPuERh5xhjdH3zGKz1nJdZ7WsqXYMpdxTju9hdDpump,TOC,0.00004040278863826234,0.00004553,25,27.92772255,2.9277225499999986,11.710890199999994,315393,TRAILING_TARGET,1,1790399885487,12.69,-1.34,0.9228,1,GOOD_DECISION_GOOD_OUTCOME,REINFORCE,82,BALANCED,,0x5ac02372,Sound decision process produced profitable outcome. Reinforce policy weights.,,,,,,,,,,,,,,,,,,,SOUND_DECISION_PROCESS
trd_1790399885550_792,DMZtsWeDaPRGU4ziXxcEMuPbXh1BmDm5iR9LirT8ZoHG,BEEPLE,0.00008380588471177949,0.00009161,25,27.095575800000002,2.0955758000000024,8.38230320000001,65080,TRAILING_TARGET,1,1790399885550,12.68,-1.34,0.6611,0.76,GOOD_DECISION_GOOD_OUTCOME,REINFORCE,82,BALANCED,,0x6a6f4c3e,Sound decision process produced profitable outcome. Reinforce policy weights.,,,,,,,,,,,,,,,,,,,SOUND_DECISION_PROCESS
trd_1790399920098_906,HSnCtWsw5YmfAkJo9S3eetWtGHPMrc2pAxvCu24AnQEa,DDOS,0.0008942132497911587,0.001058,50,58.2464445,8.246444500000003,16.492889000000005,136531,TRAILING_TARGET,1,1790399920098,11.82,-1.29,1,1,GOOD_DECISION_GOOD_OUTCOME,REINFORCE,82,BALANCED,,0x29964979,Sound decision process produced profitable outcome. Reinforce policy weights.,,,,,,,,,,,,,,,,,,,SOUND_DECISION_PROCESS
trd_1790399921037_213,4hP6EiDZGEkqzRguzAWKJ2QYht5VRxn4t78evNELpump,e/pepe,0.00013359477025898085,0.00009559,50,51.75,1.75,3.5,34237,STOP_LOSS,0,1790399921037,9.81,-1.34,0.3568,0,BAD_DECISION_GOOD_OUTCOME,DO_NOT_REINFORCE_LUCK,82,BALANCED,,0x7df9aefd,Flawed process produced lucky profit. Strictly avoid reinforcing bad habits.,,,,,,,,,,,,,,,,,,,LUCKY_STOP_LOSS_REVERSAL
trd_1790399954089_201,4hP6EiDZGEkqzRguzAWKJ2QYht5VRxn4t78evNELpump,e/pepe,0.00009689168504594838,0.00005621,50,43,-7,-14,32024,STOP_LOSS,0,1790399954089,0,-1.34,0,0,BAD_DECISION_BAD_OUTCOME,PENALIZE_POLICY,85,DEFENSIVE,,0x184605d9,Flawed process caused loss. Penalize strategy parameters and raise adaptive HSI hurdle to 85.,,,,,,,,,,,,,,,,,,,CATASTROPHIC_STOP_LOSS_VIOLATION
trd_1790399958997_770,GmPuERh5xhjdH3zGKz1nJdZ7WsqXYMpdxTju9hdDpump,TOC,0.00004040278863826234,0.00004678,25,28.68957375,3.6895737500000005,14.758295000000004,388903,TRAILING_TARGET,1,1790399958997,14.82,-1.34,0.9958,1,GOOD_DECISION_GOOD_OUTCOME,REINFORCE,82,BALANCED,,0x0f1f2385,Sound decision process produced profitable outcome. Reinforce policy weights.,,,,,,,,,,,,,,,,,,,SOUND_DECISION_PROCESS
trd_1790399959774_100,HSnCtWsw5YmfAkJo9S3eetWtGHPMrc2pAxvCu24AnQEa,DDOS,0.0010724071846282452,0.001249,25,28.8576933,3.8576933000000007,15.430773200000003,38582,TRAILING_TARGET,1,1790399959774,16.47,-1.34,0.9369,1,GOOD_DECISION_GOOD_OUTCOME,REINFORCE,82,BALANCED,,0x12eef80e,Sound decision process produced profitable outcome. Reinforce policy weights.,,,,,,,,,,,,,,,,,,,SOUND_DECISION_PROCESS
trd_1790399963893_606,4hP6EiDZGEkqzRguzAWKJ2QYht5VRxn4t78evNELpump,e/pepe,0.00006955442439431921,0.00005621,50,43,-7,-14,3918,STOP_LOSS,0,1790399963893,0,-19.19,0,0,BAD_DECISION_BAD_OUTCOME,PENALIZE_POLICY,85,DEFENSIVE,,0x78a8b83c,Flawed process caused loss. Penalize strategy parameters and raise adaptive HSI hurdle to 85.,,,,,,,,,,,,,,,,,,,CATASTROPHIC_STOP_LOSS_VIOLATION
trd_1790399963925_146,HSnCtWsw5YmfAkJo9S3eetWtGHPMrc2pAxvCu24AnQEa,DDOS,0.0010724071846282452,0.001128,25,26.5,1.5,6,42733,TRAILING_TARGET,1,1790399963925,16.47,-1.34,0.3643,0.3665,GOOD_DECISION_GOOD_OUTCOME,REINFORCE,82,BALANCED,,0x5540517a,Sound decision process produced profitable outcome. Reinforce policy weights.,,,,,,,,,,,,,,,,,,,SOUND_DECISION_PROCESS
trd_1790399997820_114,Fj886GvHFyxQhunb4pw7WLRPRASNh25LT8Zpv8qqr3Ab,MUTANT,0.00014069522117981677,0.0001353,100,93.92278125,-6.077218749999999,-6.07721875,33393,EMERGENCY_UNWIND,1,1790399997820,0,-3.83,0,0,GOOD_DECISION_BAD_OUTCOME,NEUTRAL_VARIANCE,82,BALANCED,,0x56d81318,Sound decision met adverse tail variance. Do NOT penalize valid process.,,,,,,,,,,,,,,,,,,,SOUND_DECISION_PROCESS
trd_1790399998061_935,HSnCtWsw5YmfAkJo9S3eetWtGHPMrc2pAxvCu24AnQEa,DDOS,0.0011433604010025293,0.001204,50,51.91428555,1.9142855500000024,3.828571100000005,33035,TRAILING_TARGET,1,1790399998061,9.24,-1.34,0.4143,0.6281,GOOD_DECISION_GOOD_OUTCOME,REINFORCE,82,BALANCED,,0x3d331bf9,Sound decision process produced profitable outcome. Reinforce policy weights.,,,,,,,,,,,,,,,,,,,SOUND_DECISION_PROCESS
trd_1790400004085_529,HSnCtWsw5YmfAkJo9S3eetWtGHPMrc2pAxvCu24AnQEa,DDOS,0.0012337730976001414,0.001174,100,92.95666034999999,-7.043339650000008,-7.043339650000008,3956,EMERGENCY_UNWIND,0,1790400004085,0,-4.84,0,0,BAD_DECISION_BAD_OUTCOME,PENALIZE_POLICY,85,DEFENSIVE,,0x5ee7e6a2,Flawed process caused loss. Penalize strategy parameters and raise adaptive HSI hurdle to 85.,,,,,,,,,,,,,,,,,,,EMERGENCY_UNWIND_SEVERE_CRASH
trd_1790400039996_907,DMZtsWeDaPRGU4ziXxcEMuPbXh1BmDm5iR9LirT8ZoHG,BEEPLE,0.00007185533583959906,0.00008841,25,30.47502945,5.475029450000001,21.900117800000004,85301,TRAILING_TARGET,1,1790400039996,23.04,-1.65,0.9505,1,GOOD_DECISION_GOOD_OUTCOME,REINFORCE,82,BALANCED,,0x233da546,Sound decision process produced profitable outcome. Reinforce policy weights.,,,,,,,,,,,,,,,,,,,SOUND_DECISION_PROCESS
trd_1790400040672_564,4hP6EiDZGEkqzRguzAWKJ2QYht5VRxn4t78evNELpump,e/pepe,0.00007969059816207192,0.00006205,50,43,-7,-14,41178,EMERGENCY_UNWIND,0,1790400040672,0,-22.14,0,0,BAD_DECISION_BAD_OUTCOME,PENALIZE_POLICY,85,DEFENSIVE,,0x33914946,Flawed process caused loss. Penalize strategy parameters and raise adaptive HSI hurdle to 85.,,,,,,,,,,,,,,,,,,,CATASTROPHIC_STOP_LOSS_VIOLATION
trd_1790400055684_642,DMZtsWeDaPRGU4ziXxcEMuPbXh1BmDm5iR9LirT8ZoHG,BEEPLE,0.00007185533583959906,0.00008698,25,29.98539135,4.98539135,19.9415654,100989,TRAILING_TARGET,1,1790400055684,23.04,-1.65,0.8655,0.9194,GOOD_DECISION_GOOD_OUTCOME,REINFORCE,82,BALANCED,,0x278f7597,Sound decision process produced profitable outcome. Reinforce policy weights.,,,,,,,,,,,,,,,,,,,SOUND_DECISION_PROCESS
trd_1790400057992_458,DMZtsWeDaPRGU4ziXxcEMuPbXh1BmDm5iR9LirT8ZoHG,BEEPLE,0.00008816443943191316,0.0001009,25.00000000000004,28.359916950000002,3.359916949999963,13.439667799999832,1159,TRAILING_TARGET,1,1790400057992,14.45,0,0.9301,1,GOOD_DECISION_GOOD_OUTCOME,REINFORCE,82,BALANCED,,0x75e92003,Sound decision process produced profitable outcome. Reinforce policy weights.,,,,,,,,,,,,,,,,,,,SOUND_DECISION_PROCESS
trd_1790400070915_197,DMZtsWeDaPRGU4ziXxcEMuPbXh1BmDm5iR9LirT8ZoHG,BEEPLE,0.00008816443943191316,0.00009865,24.99999999999995,27.73140765,2.731407650000051,10.925630600000225,14082,TRAILING_TARGET,1,1790400070915,14.45,0,0.7561,0.8233,GOOD_DECISION_GOOD_OUTCOME,REINFORCE,82,BALANCED,,0x05c22f3c,Sound decision process produced profitable outcome. Reinforce policy weights.,,,,,,,,,,,,,,,,,,,SOUND_DECISION_PROCESS
trd_1790400088364_712,DMZtsWeDaPRGU4ziXxcEMuPbXh1BmDm5iR9LirT8ZoHG,BEEPLE,0.00010136173767752727,0.00009865,50,48.0226785,-1.9773215000000022,-3.9546430000000043,1271,EMERGENCY_UNWIND,1,1790400088364,0,-2.68,0,0,GOOD_DECISION_BAD_OUTCOME,NEUTRAL_VARIANCE,82,BALANCED,,0x6252dbda,Sound decision met adverse tail variance. Do NOT penalize valid process.,,,,,,,,,,,,,,,,,,,SOUND_DECISION_PROCESS
trd_1790400119896_865,HSnCtWsw5YmfAkJo9S3eetWtGHPMrc2pAxvCu24AnQEa,DDOS,0.0011980957393483776,0.001239,50,50.99331375,0.9933137499999988,1.9866274999999975,77596,TRAILING_TARGET,1,1790400119896,5.5,-2.35,0.3612,0.734,GOOD_DECISION_GOOD_OUTCOME,REINFORCE,82,BALANCED,,0x7ea0ef89,Sound decision process produced profitable outcome. Reinforce policy weights.,,,,,,,,,,,,,,,,,,,SOUND_DECISION_PROCESS
trd_1790400125898_526,So11111111111111111111111111111111111111112,SOL,121.97871529967804,120.52,50,50.125,0.125,0.25,120550,TRAILING_TARGET,1,1790400125898,0,-1.34,1,0.1098,GOOD_DECISION_GOOD_OUTCOME,REINFORCE,82,BALANCED,,0x4db4a815,Sound decision process produced profitable outcome. Reinforce policy weights.,,,,,,,,,,,,,,,,,,,SOUND_DECISION_PROCESS
trd_1790400130367_385,HSnCtWsw5YmfAkJo9S3eetWtGHPMrc2pAxvCu24AnQEa,DDOS,0.0012558719298245862,0.00122,50,47.934305099999996,-2.065694900000004,-4.131389800000008,9347,EMERGENCY_UNWIND,1,1790400130367,0,-2.86,0,0,GOOD_DECISION_BAD_OUTCOME,NEUTRAL_VARIANCE,82,BALANCED,,0x19c5bcb2,Sound decision met adverse tail variance. Do NOT penalize valid process.,,,,,,,,,,,,,,,,,,,SOUND_DECISION_PROCESS
trd_1790400155255_603,HSnCtWsw5YmfAkJo9S3eetWtGHPMrc2pAxvCu24AnQEa,DDOS,0.0012366131996658497,0.001036,50,43,-7,-14,3930,STOP_LOSS,0,1790400155255,0,-1.34,0,0,BAD_DECISION_BAD_OUTCOME,PENALIZE_POLICY,85,DEFENSIVE,,0x58aba5ab,Flawed process caused loss. Penalize strategy parameters and raise adaptive HSI hurdle to 85.,,,,,,,,,,,,,,,,,,,CATASTROPHIC_STOP_LOSS_VIOLATION
trd_1790400185448_844,HSnCtWsw5YmfAkJo9S3eetWtGHPMrc2pAxvCu24AnQEa,DDOS,0.001039971428571443,0.0009147,50,43.4437254,-6.556274600000002,-13.112549200000004,3750,STOP_LOSS,0,1790400185448,0,-1.34,0,0,BAD_DECISION_BAD_OUTCOME,PENALIZE_POLICY,85,DEFENSIVE,,0x2166e388,Flawed process caused loss. Penalize strategy parameters and raise adaptive HSI hurdle to 85.,,,,,,,,,,,,,,,,,,,CATASTROPHIC_STOP_LOSS_VIOLATION
trd_1790400238444_241,DMZtsWeDaPRGU4ziXxcEMuPbXh1BmDm5iR9LirT8ZoHG,BEEPLE,0.00011007884711779465,0.0001077,50,50.125,0.125,0.25,120495,TRAILING_TARGET,1,1790400238444,2.11,-3.25,0.1185,0.2034,GOOD_DECISION_GOOD_OUTCOME,REINFORCE,82,BALANCED,,0x5a842dad,Sound decision process produced profitable outcome. Reinforce policy weights.,,,,,,,,,,,,,,,,,,,SOUND_DECISION_PROCESS
trd_1790400247647_336,So11111111111111111111111111111111111111112,SOL,122.16116628848664,120.54,50,50.125,0.125,0.25,120701,TRAILING_TARGET,1,1790400247647,0,-1.43,1,0.0689,GOOD_DECISION_GOOD_OUTCOME,REINFORCE,82,BALANCED,,0x0a9f5682,Sound decision process produced profitable outcome. Reinforce policy weights.,,,,,,,,,,,,,,,,,,,SOUND_DECISION_PROCESS
trd_1790400360403_237,HSnCtWsw5YmfAkJo9S3eetWtGHPMrc2pAxvCu24AnQEa,DDOS,0.000933237518797005,0.0009411,50,51.75,1.75,3.5,148219,TRAILING_TARGET,1,1790400360403,8.65,-1.34,0.4046,0.2186,GOOD_DECISION_GOOD_OUTCOME,REINFORCE,82,BALANCED,,0x45595aca,Sound decision process produced profitable outcome. Reinforce policy weights.,,,,,,,,,,,,,,,,,,,SOUND_DECISION_PROCESS
trd_1790400365198_687,HSnCtWsw5YmfAkJo9S3eetWtGHPMrc2pAxvCu24AnQEa,DDOS,0.0009539153132832156,0.000916,50,47.3882721,-2.6117278999999987,-5.223455799999996,3392,EMERGENCY_UNWIND,1,1790400365198,0,-3.97,0,0,GOOD_DECISION_BAD_OUTCOME,NEUTRAL_VARIANCE,82,BALANCED,,0x0fba2918,Sound decision met adverse tail variance. Do NOT penalize valid process.,,,,,,,,,,,,,,,,,,,SOUND_DECISION_PROCESS
trd_1790400369347_737,So11111111111111111111111111111111111111112,SOL,122.18143884532714,120.48,50,50.125,0.125,0.25,120632,OPERATOR_CLOSE,1,1790400369347,0,-1.39,1,0,GOOD_DECISION_GOOD_OUTCOME,REINFORCE,82,BALANCED,,0x1b9f487c,Sound decision process produced profitable outcome. Reinforce policy weights.,,,,,,,,,,,,,,,,,,,SOUND_DECISION_PROCESS
trd_1790400467868_474,DMZtsWeDaPRGU4ziXxcEMuPbXh1BmDm5iR9LirT8ZoHG,BEEPLE,0.0001091665914786968,0.00009804,50,50.125,0.125,0.25,228043,TRAILING_TARGET,1,1790400467868,2.05,-6.66,0.122,0,GOOD_DECISION_GOOD_OUTCOME,REINFORCE,82,BALANCED,,0x0e0e3e77,Sound decision process produced profitable outcome. Reinforce policy weights.,,,,,,,,,,,,,,,,,,,SOUND_DECISION_PROCESS
trd_1790400491499_369,pumpCmXqMfrsAkQ5r49WcJnRayYRqmXz6ae8H7H9Dfn,PUMP,0.004631772758432602,0.004533,100,100.25,0.25,0.25,121367,TRAILING_TARGET,1,1790400491499,0,-2.41,1,0.1163,GOOD_DECISION_GOOD_OUTCOME,REINFORCE,82,BALANCED,,0x2e212a5b,Sound decision process produced profitable outcome. Reinforce policy weights.,,,,,,,,,,,,,,,,,,,SOUND_DECISION_PROCESS
trd_1790400491638_556,So11111111111111111111111111111111111111112,SOL,122.12062166430574,120.42,50,50.125,0.125,0.25,120722,OPERATOR_CLOSE,1,1790400491638,0,-1.39,1,0,GOOD_DECISION_GOOD_OUTCOME,REINFORCE,82,BALANCED,,0x7340cd77,Sound decision process produced profitable outcome. Reinforce policy weights.,,,,,,,,,,,,,,,,,,,SOUND_DECISION_PROCESS
trd_1790400493885_862,HSnCtWsw5YmfAkJo9S3eetWtGHPMrc2pAxvCu24AnQEa,DDOS,0.00082396956558062,0.0007677,50,45.99403995,-4.005960049999999,-8.011920099999998,24491,EMERGENCY_UNWIND,0,1790400493885,0,-6.83,0,0,BAD_DECISION_BAD_OUTCOME,PENALIZE_POLICY,85,DEFENSIVE,,0x022d65e6,Flawed process caused loss. Penalize strategy parameters and raise adaptive HSI hurdle to 85.,,,,,,,,,,,,,,,,,,,EMERGENCY_UNWIND_SEVERE_CRASH
trd_1790400494532_239,pumpCmXqMfrsAkQ5r49WcJnRayYRqmXz6ae8H7H9Dfn,PUMP,0.004645094228755537,0.004509,100,94.78790400000001,-5.212095999999987,-5.212095999999988,2255,EMERGENCY_UNWIND,1,1790400494532,0,-2.93,0,0,GOOD_DECISION_BAD_OUTCOME,NEUTRAL_VARIANCE,82,BALANCED,,0x50a8e130,Sound decision met adverse tail variance. Do NOT penalize valid process.,,,,,,,,,,,,,,,,,,,SOUND_DECISION_PROCESS
trd_1790400494640_465,EmPuqUrJanqcLS3baahpbCkV3cQge4yCgrCu12u9PXgx,42,0.00016856456975772812,0.0001943,50,56.764424399999996,6.764424399999997,13.528848799999993,1230,TRAILING_TARGET,1,1790400494640,0,0,1,1,GOOD_DECISION_GOOD_OUTCOME,REINFORCE,82,BALANCED,,0x2f9ad440,Sound decision process produced profitable outcome. Reinforce policy weights.,,,,,,,,,,,,,,,,,,,SOUND_DECISION_PROCESS
trd_1790400503931_442,DMZtsWeDaPRGU4ziXxcEMuPbXh1BmDm5iR9LirT8ZoHG,BEEPLE,0.00011139654970760241,0.0001084,50,48.015513600000006,-1.9844863999999944,-3.968972799999989,8512,EMERGENCY_UNWIND,1,1790400503931,0,-2.69,0,0,GOOD_DECISION_BAD_OUTCOME,NEUTRAL_VARIANCE,82,BALANCED,,0x6cfaf510,Sound decision met adverse tail variance. Do NOT penalize valid process.,,,,,,,,,,,,,,,,,,,SOUND_DECISION_PROCESS
trd_1790400537556_641,EmPuqUrJanqcLS3baahpbCkV3cQge4yCgrCu12u9PXgx,42,0.00019910474490341166,0.0003303,100,159.60858585,59.60858585,59.60858585,41557,TRAILING_TARGET,1,1790400537556,65.89,-2.41,0.9047,1,GOOD_DECISION_GOOD_OUTCOME,REINFORCE,82,BALANCED,,0x5754d089,Sound decision process produced profitable outcome. Reinforce policy weights.,,,,,,,,,,,,,,,,,,,SOUND_DECISION_PROCESS
trd_1790400563927_761,EmPuqUrJanqcLS3baahpbCkV3cQge4yCgrCu12u9PXgx,42,0.0003347978195488731,0.0003173,50,51.75,1.75,3.5,24206,TRAILING_TARGET,1,1790400563927,7.17,-5.23,0.4881,0,GOOD_DECISION_GOOD_OUTCOME,REINFORCE,82,BALANCED,,0x0fc39b30,Sound decision process produced profitable outcome. Reinforce policy weights.,,,,,,,,,,,,,,,,,,,SOUND_DECISION_PROCESS
trd_1790400594222_350,HSnCtWsw5YmfAkJo9S3eetWtGHPMrc2pAxvCu24AnQEa,DDOS,0.0007866840589930493,0.0009216,50,57.67961955,7.679619549999997,15.359239099999996,99102,TRAILING_TARGET,1,1790400594222,17.15,-2.49,0.8956,1,GOOD_DECISION_GOOD_OUTCOME,REINFORCE,82,BALANCED,,0x0c70edc7,Sound decision process produced profitable outcome. Reinforce policy weights.,,,,,,,,,,,,,,,,,,,SOUND_DECISION_PROCESS
trd_1790400594987_53,HSnCtWsw5YmfAkJo9S3eetWtGHPMrc2pAxvCu24AnQEa,DDOS,0.0007866840589930493,0.0009216,50,57.67961955,7.679619549999997,15.359239099999996,99867,TRAILING_TARGET,1,1790400594987,17.15,-2.49,0.8956,1,GOOD_DECISION_GOOD_OUTCOME,REINFORCE,82,BALANCED,,0x0c7108cd,Sound decision process produced profitable outcome. Reinforce policy weights.,,,,,,,,,,,,,,,,,,,SOUND_DECISION_PROCESS
trd_1790400624985_569,EmPuqUrJanqcLS3baahpbCkV3cQge4yCgrCu12u9PXgx,42,0.0003216207936507952,0.0002852,50,50.125,0.125,0.25,55275,TRAILING_TARGET,1,1790400624985,0,-1.34,1,0,GOOD_DECISION_GOOD_OUTCOME,REINFORCE,82,BALANCED,,0x7c96d430,Sound decision process produced profitable outcome. Reinforce policy weights.,,,,,,,,,,,,,,,,,,,SOUND_DECISION_PROCESS
trd_1790400626490_731,So11111111111111111111111111111111111111112,SOL,122.05980480767256,120.48,50,50.125,0.125,0.25,120997,OPERATOR_CLOSE,1,1790400626490,0,-1.37,1,0.0539,GOOD_DECISION_GOOD_OUTCOME,REINFORCE,82,BALANCED,,0x0c150e0b,Sound decision process produced profitable outcome. Reinforce policy weights.,,,,,,,,,,,,,,,,,,,SOUND_DECISION_PROCESS
trd_1790400634173_345,HSnCtWsw5YmfAkJo9S3eetWtGHPMrc2pAxvCu24AnQEa,DDOS,0.0009341497744360919,0.0009087,50,47.99872365,-2.0012763499999977,-4.002552699999995,36787,EMERGENCY_UNWIND,1,1790400634173,0,-2.72,0,0,GOOD_DECISION_BAD_OUTCOME,NEUTRAL_VARIANCE,82,BALANCED,,0x4b9192ce,Sound decision met adverse tail variance. Do NOT penalize valid process.,,,,,,,,,,,,,,,,,,,SOUND_DECISION_PROCESS
trd_1790400642364_451,EmPuqUrJanqcLS3baahpbCkV3cQge4yCgrCu12u9PXgx,42,0.00029225256431525,0.0002823,100,101.5,1.5,1.5,15373,TRAILING_TARGET,1,1790400642364,6.62,-3.41,0.2266,0,GOOD_DECISION_GOOD_OUTCOME,REINFORCE,82,BALANCED,,0x4b423720,Sound decision process produced profitable outcome. Reinforce policy weights.,,,,,,,,,,,,,,,,,,,SOUND_DECISION_PROCESS
trd_1790400678634_495,HSnCtWsw5YmfAkJo9S3eetWtGHPMrc2pAxvCu24AnQEa,DDOS,0.0009292237914483477,0.0008922,100,93.77962725,-6.220372749999996,-6.220372749999996,40789,EMERGENCY_UNWIND,1,1790400678634,0,-3.98,0,0,GOOD_DECISION_BAD_OUTCOME,NEUTRAL_VARIANCE,82,BALANCED,,0x75d058f7,Sound decision met adverse tail variance. Do NOT penalize valid process.,,,,,,,,,,,,,,,,,,,SOUND_DECISION_PROCESS
trd_1790400742921_109,EmPuqUrJanqcLS3baahpbCkV3cQge4yCgrCu12u9PXgx,42,0.00028928085170475094,0.0003404,50,57.93291375,7.932913749999998,15.865827499999996,99230,TRAILING_TARGET,1,1790400742921,17.67,-7.53,0.8979,1,GOOD_DECISION_GOOD_OUTCOME,REINFORCE,82,BALANCED,,0x50dbb70d,Sound decision process produced profitable outcome. Reinforce policy weights.,,,,,,,,,,,,,,,,,,,SOUND_DECISION_PROCESS
trd_1790400750477_914,So11111111111111111111111111111111111111112,SOL,122.0293960077678,120.41,50,50.125,0.125,0.25,120924,TRAILING_TARGET,1,1790400750477,0,-1.34,1,0.0122,GOOD_DECISION_GOOD_OUTCOME,REINFORCE,82,BALANCED,,0x7603e37b,Sound decision process produced profitable outcome. Reinforce policy weights.,,,,,,,,,,,,,,,,,,,SOUND_DECISION_PROCESS
trd_1790400755618_5,HSnCtWsw5YmfAkJo9S3eetWtGHPMrc2pAxvCu24AnQEa,DDOS,0.0007611683196822179,0.0006804,100,100.25,0.25,0.25,2924,TRAILING_TARGET,1,1790400755618,0,-2.41,1,0,GOOD_DECISION_GOOD_OUTCOME,REINFORCE,82,BALANCED,,0x761048e6,Sound decision process produced profitable outcome. Reinforce policy weights.,,,,,,,,,,,,,,,,,,,SOUND_DECISION_PROCESS
trd_1790400758436_251,EmPuqUrJanqcLS3baahpbCkV3cQge4yCgrCu12u9PXgx,42,0.00028928085170475094,0.0003141,50,53.51012325,3.510123249999999,7.020246499999999,114745,TRAILING_TARGET,1,1790400758436,17.67,-7.53,0.3973,0.6392,GOOD_DECISION_GOOD_OUTCOME,REINFORCE,82,BALANCED,,0x21df4c11,Sound decision process produced profitable outcome. Reinforce policy weights.,,,,,,,,,,,,,,,,,,,SOUND_DECISION_PROCESS
trd_1790400764868_912,A7iQ8N5jKDrg1YUxJ7v8aN5AtkwJaUTNhq1jZ8YLFrAJ,ALX,0.00014223231390938503,0.0001372,100,94.20639270000001,-5.793607299999991,-5.793607299999991,3912,EMERGENCY_UNWIND,1,1790400764868,0,-3.54,0,0,GOOD_DECISION_BAD_OUTCOME,NEUTRAL_VARIANCE,82,BALANCED,,0x427484d0,Sound decision met adverse tail variance. Do NOT penalize valid process.,,,,,,,,,,,,,,,,,,,SOUND_DECISION_PROCESS
trd_1790400768922_351,DMZtsWeDaPRGU4ziXxcEMuPbXh1BmDm5iR9LirT8ZoHG,BEEPLE,0.00011394980768532866,0.0001063,100,91.1682429,-8.831757100000004,-8.831757100000004,3554,EMERGENCY_UNWIND,0,1790400768922,0,-6.71,0,0,BAD_DECISION_BAD_OUTCOME,PENALIZE_POLICY,85,DEFENSIVE,,0x064005a2,Flawed process caused loss. Penalize strategy parameters and raise adaptive HSI hurdle to 85.,,,,,,,,,,,,,,,,,,,EMERGENCY_UNWIND_SEVERE_CRASH
trd_1790400773224_610,6XhrFtGYKweKsEMmvnwZpj7V95EefFAZgbEopqTfpump,URMOM,0.00012255752697091108,0.000105,100,86,-14,-14,3726,STOP_LOSS,0,1790400773224,0,-2.41,0,0,BAD_DECISION_BAD_OUTCOME,PENALIZE_POLICY,85,DEFENSIVE,,0x6fe040f9,Flawed process caused loss. Penalize strategy parameters and raise adaptive HSI hurdle to 85.,,,,,,,,,,,,,,,,,,,CATASTROPHIC_STOP_LOSS_VIOLATION
trd_1790400805102_680,HSnCtWsw5YmfAkJo9S3eetWtGHPMrc2pAxvCu24AnQEa,DDOS,0.0006777554208909757,0.0006264,100,90.3408477,-9.659152300000002,-9.659152300000002,5982,EMERGENCY_UNWIND,0,1790400805102,0,-7.58,0,0,BAD_DECISION_BAD_OUTCOME,PENALIZE_POLICY,85,DEFENSIVE,,0x2e410ab0,Flawed process caused loss. Penalize strategy parameters and raise adaptive HSI hurdle to 85.,,,,,,,,,,,,,,,,,,,EMERGENCY_UNWIND_SEVERE_CRASH
trd_1790400877842_856,Fj886GvHFyxQhunb4pw7WLRPRASNh25LT8Zpv8qqr3Ab,MUTANT,0.00014899552191948565,0.0001507,100,100.25,0.25,0.25,120915,TRAILING_TARGET,1,1790400877842,1.14,-2.41,0.2193,1,GOOD_DECISION_GOOD_OUTCOME,REINFORCE,82,BALANCED,,0x5090b612,Sound decision process produced profitable outcome. Reinforce policy weights.,,,,,,,,,,,,,,,,,,,SOUND_DECISION_PROCESS
trd_1790400886063_505,HSnCtWsw5YmfAkJo9S3eetWtGHPMrc2pAxvCu24AnQEa,DDOS,0.000677652948042338,0.0007082,100,103.5,3.5,3.5,6675,TRAILING_TARGET,1,1790400886063,7.09,0,0.4937,0.6358,GOOD_DECISION_GOOD_OUTCOME,REINFORCE,82,BALANCED,,0x145b5786,Sound decision process produced profitable outcome. Reinforce policy weights.,,,,,,,,,,,,,,,,,,,SOUND_DECISION_PROCESS
trd_1790400891514_755,6XhrFtGYKweKsEMmvnwZpj7V95EefFAZgbEopqTfpump,URMOM,0.0002510584791628196,0.0002295,100,89.3734401,-10.626559900000004,-10.626559900000004,4214,EMERGENCY_UNWIND,0,1790400891514,0,-8.59,0,0,BAD_DECISION_BAD_OUTCOME,PENALIZE_POLICY,85,DEFENSIVE,,0x2994378b,Flawed process caused loss. Penalize strategy parameters and raise adaptive HSI hurdle to 85.,,,,,,,,,,,,,,,,,,,CATASTROPHIC_STOP_LOSS_VIOLATION
trd_1790400895249_68,Fj886GvHFyxQhunb4pw7WLRPRASNh25LT8Zpv8qqr3Ab,MUTANT,0.00016016506242101517,0.0001506,100,91.87792694999999,-8.122073050000012,-8.122073050000012,3139,EMERGENCY_UNWIND,0,1790400895249,0,-5.97,0,0,BAD_DECISION_BAD_OUTCOME,PENALIZE_POLICY,85,DEFENSIVE,,0x10a8c553,Flawed process caused loss. Penalize strategy parameters and raise adaptive HSI hurdle to 85.,,,,,,,,,,,,,,,,,,,EMERGENCY_UNWIND_SEVERE_CRASH
trd_1790400928020_751,A7iQ8N5jKDrg1YUxJ7v8aN5AtkwJaUTNhq1jZ8YLFrAJ,ALX,0.00014294962384985035,0.000145,100,100.25,0.25,0.25,120911,TRAILING_TARGET,1,1790400928020,2.55,-2.41,0.098,0.7746,GOOD_DECISION_GOOD_OUTCOME,REINFORCE,82,BALANCED,,0x00b81a9b,Sound decision process produced profitable outcome. Reinforce policy weights.,,,,,,,,,,,,,,,,,,,SOUND_DECISION_PROCESS
trd_1790401050826_83,A7iQ8N5jKDrg1YUxJ7v8aN5AtkwJaUTNhq1jZ8YLFrAJ,ALX,0.00014786832058446875,0.000145,100,100.25,0.25,0.25,121146,TRAILING_TARGET,1,1790401050826,0,-2.41,1,0.1962,GOOD_DECISION_GOOD_OUTCOME,REINFORCE,82,BALANCED,,0x547c1c2a,Sound decision process produced profitable outcome. Reinforce policy weights.,,,,,,,,,,,,,,,,,,,SOUND_DECISION_PROCESS
trd_1790401055127_737,HSnCtWsw5YmfAkJo9S3eetWtGHPMrc2pAxvCu24AnQEa,DDOS,0.0007142357550060664,0.0006424,100,100.25,0.25,0.25,129698,TRAILING_TARGET,1,1790401055127,2.07,-4.79,0.1208,0,GOOD_DECISION_GOOD_OUTCOME,REINFORCE,82,BALANCED,,0x153934b9,Sound decision process produced profitable outcome. Reinforce policy weights.,,,,,,,,,,,,,,,,,,,SOUND_DECISION_PROCESS
trd_1790401055878_880,Fj886GvHFyxQhunb4pw7WLRPRASNh25LT8Zpv8qqr3Ab,MUTANT,0.00014243725960666085,0.000136,100,93.2679294,-6.732070600000001,-6.732070600000001,3877,EMERGENCY_UNWIND,1,1790401055878,0,-4.52,0,0,GOOD_DECISION_BAD_OUTCOME,NEUTRAL_VARIANCE,82,BALANCED,,0x1ee92c07,Sound decision met adverse tail variance. Do NOT penalize valid process.,,,,,,,,,,,,,,,,,,,SOUND_DECISION_PROCESS
trd_1790401124222_849,HSnCtWsw5YmfAkJo9S3eetWtGHPMrc2pAxvCu24AnQEa,DDOS,0.0006582855796497788,0.0007535,50,56.373738149999994,6.373738149999995,12.747476299999988,67685,TRAILING_TARGET,1,1790401124222,14.46,-2.41,0.8816,1,GOOD_DECISION_GOOD_OUTCOME,REINFORCE,82,BALANCED,,0x2d1ce98e,Sound decision process produced profitable outcome. Reinforce policy weights.,,,,,,,,,,,,,,,,,,,SOUND_DECISION_PROCESS
trd_1790401136935_979,HSnCtWsw5YmfAkJo9S3eetWtGHPMrc2pAxvCu24AnQEa,DDOS,0.0006582855796497788,0.0007898,50,59.0539134,9.053913399999999,18.107826799999998,80398,TRAILING_TARGET,1,1790401136935,19.98,-2.41,0.9063,1,GOOD_DECISION_GOOD_OUTCOME,REINFORCE,82,BALANCED,,0x0a053ad5,Sound decision process produced profitable outcome. Reinforce policy weights.,,,,,,,,,,,,,,,,,,,SOUND_DECISION_PROCESS
trd_1790401235196_841,A7iQ8N5jKDrg1YUxJ7v8aN5AtkwJaUTNhq1jZ8YLFrAJ,ALX,0.0001477658477358309,0.0001725,100,113.5096026,13.509602599999992,13.509602599999992,177068,TRAILING_TARGET,1,1790401235196,11.05,-4.92,1,1,GOOD_DECISION_GOOD_OUTCOME,REINFORCE,82,BALANCED,,0x6d9c23ed,Sound decision process produced profitable outcome. Reinforce policy weights.,,,,,,,,,,,,,,,,,,,SOUND_DECISION_PROCESS
trd_1790401261964_661,HSnCtWsw5YmfAkJo9S3eetWtGHPMrc2pAxvCu24AnQEa,DDOS,0.0008093305585420215,0.001023,100,122.64829830000001,22.648298300000008,22.648298300000008,123675,TRAILING_TARGET,1,1790401261964,7.19,-2.41,1,1,GOOD_DECISION_GOOD_OUTCOME,REINFORCE,82,BALANCED,,0x7fb99767,Sound decision process produced profitable outcome. Reinforce policy weights.,,,,,,,,,,,,,,,,,,,SOUND_DECISION_PROCESS
trd_1790401358111_649,A7iQ8N5jKDrg1YUxJ7v8aN5AtkwJaUTNhq1jZ8YLFrAJ,ALX,0.00017676566390035272,0.0001735,100,100.25,0.25,0.25,121290,TRAILING_TARGET,1,1790401358111,2.9,-6.09,0.0862,0.4717,GOOD_DECISION_GOOD_OUTCOME,REINFORCE,82,BALANCED,,0x3b78e911,Sound decision process produced profitable outcome. Reinforce policy weights.,,,,,,,,,,,,,,,,,,,SOUND_DECISION_PROCESS
trd_1790401417410_709,HSnCtWsw5YmfAkJo9S3eetWtGHPMrc2pAxvCu24AnQEa,DDOS,0.0010482972415655724,0.001027,100,100.25,0.25,0.25,154612,OPERATOR_CLOSE,1,1790401417410,1.12,-5.52,0.2232,0.5259,GOOD_DECISION_GOOD_OUTCOME,REINFORCE,82,BALANCED,,0x657ff36c,Sound decision process produced profitable outcome. Reinforce policy weights.,,,,,,,,,,,,,,,,,,,SOUND_DECISION_PROCESS
trd_1790401418423_277,A7iQ8N5jKDrg1YUxJ7v8aN5AtkwJaUTNhq1jZ8YLFrAJ,ALX,0.0001777903923867313,0.0001873,100,103.5,3.5,3.5,59279,TRAILING_TARGET,1,1790401418423,11.48,-2.41,0.3049,0.5587,GOOD_DECISION_GOOD_OUTCOME,REINFORCE,82,BALANCED,,0x1f33af4f,Sound decision process produced profitable outcome. Reinforce policy weights.,,,,,,,,,,,,,,,,,,,SOUND_DECISION_PROCESS
trd_1790401507753_779,A7iQ8N5jKDrg1YUxJ7v8aN5AtkwJaUTNhq1jZ8YLFrAJ,ALX,0.00019193164549875964,0.0001701,100,100.25,0.25,0.25,88411,TRAILING_TARGET,1,1790401507753,0.71,-11.37,0.3521,0,GOOD_DECISION_GOOD_OUTCOME,REINFORCE,82,BALANCED,,0x6126eb20,Sound decision process produced profitable outcome. Reinforce policy weights.,,,,,,,,,,,,,,,,,,,SOUND_DECISION_PROCESS
trd_1790401507861_985,HSnCtWsw5YmfAkJo9S3eetWtGHPMrc2pAxvCu24AnQEa,DDOS,0.00105239615551109,0.00118,50.00000000000052,55.2359541,5.235954099999482,10.471908199998856,89890,TRAILING_TARGET,1,1790401507861,12.13,-2.41,0.8633,1,GOOD_DECISION_GOOD_OUTCOME,REINFORCE,82,BALANCED,,0x2afef575,Sound decision process produced profitable outcome. Reinforce policy weights.,,,,,,,,,,,,,,,,,,,SOUND_DECISION_PROCESS
trd_1790401513043_561,HSnCtWsw5YmfAkJo9S3eetWtGHPMrc2pAxvCu24AnQEa,DDOS,0.00105239615551109,0.001239,49.999999999999474,57.96217845,7.962178450000529,15.924356900001225,95072,TRAILING_TARGET,1,1790401513043,12.13,-2.41,1,1,GOOD_DECISION_GOOD_OUTCOME,REINFORCE,82,BALANCED,,0x5114e60d,Sound decision process produced profitable outcome. Reinforce policy weights.,,,,,,,,,,,,,,,,,,,SOUND_DECISION_PROCESS
trd_1790401513568_691,Fj886GvHFyxQhunb4pw7WLRPRASNh25LT8Zpv8qqr3Ab,MUTANT,0.0001831189805159015,0.0001607,100,86,-14,-14,4954,EMERGENCY_UNWIND,0,1790401513568,0,-12.24,0,0,BAD_DECISION_BAD_OUTCOME,PENALIZE_POLICY,85,DEFENSIVE,,0x180e4fda,Flawed process caused loss. Penalize strategy parameters and raise adaptive HSI hurdle to 85.,,,,,,,,,,,,,,,,,,,CATASTROPHIC_STOP_LOSS_VIOLATION
trd_1790401551959_578,A7iQ8N5jKDrg1YUxJ7v8aN5AtkwJaUTNhq1jZ8YLFrAJ,ALX,0.0001707197658307173,0.000162,100,92.70511725,-7.294882749999999,-7.294882749999999,36261,EMERGENCY_UNWIND,0,1790401551959,0,-5.11,0,0,BAD_DECISION_BAD_OUTCOME,PENALIZE_POLICY,85,DEFENSIVE,,0x1c9a88cf,Flawed process caused loss. Penalize strategy parameters and raise adaptive HSI hurdle to 85.,,,,,,,,,,,,,,,,,,,EMERGENCY_UNWIND_SEVERE_CRASH
trd_1790401555683_646,H6bdwt34zKNGmhUNa8xkEQWMVR4nj5Ncw13RCbH7moNr,ANTIFUND,0.00007427232069273937,0.00008678,100,113.60585010000001,13.605850100000008,13.60585010000001,2947,TRAILING_TARGET,1,1790401555683,16.84,-2.41,0.8079,1,GOOD_DECISION_GOOD_OUTCOME,REINFORCE,82,BALANCED,,0x71d1f2a5,Sound decision process produced profitable outcome. Reinforce policy weights.,,,,,,,,,,,,,,,,,,,SOUND_DECISION_PROCESS
trd_1790401590583_877,HSnCtWsw5YmfAkJo9S3eetWtGHPMrc2pAxvCu24AnQEa,DDOS,0.0012696385946234052,0.00114,100,100.25,0.25,0.25,76301,TRAILING_TARGET,1,1790401590583,1.68,-9.5,0.1488,0,GOOD_DECISION_GOOD_OUTCOME,REINFORCE,82,BALANCED,,0x5c1bb457,Sound decision process produced profitable outcome. Reinforce policy weights.,,,,,,,,,,,,,,,,,,,SOUND_DECISION_PROCESS
trd_1790401595923_358,HSnCtWsw5YmfAkJo9S3eetWtGHPMrc2pAxvCu24AnQEa,DDOS,0.0011681904744719075,0.001129,100,94.38164535,-5.6183546500000014,-5.618354650000001,3854,EMERGENCY_UNWIND,1,1790401595923,0,-3.35,0,0,GOOD_DECISION_BAD_OUTCOME,NEUTRAL_VARIANCE,82,BALANCED,,0x04204af9,Sound decision met adverse tail variance. Do NOT penalize valid process.,,,,,,,,,,,,,,,,,,,SOUND_DECISION_PROCESS
trd_1790401599966_737,A7iQ8N5jKDrg1YUxJ7v8aN5AtkwJaUTNhq1jZ8YLFrAJ,ALX,0.00019869485350886026,0.0001852,100,91.0931412,-8.906858799999995,-8.906858799999995,3481,EMERGENCY_UNWIND,0,1790401599966,0,-6.79,0,0,BAD_DECISION_BAD_OUTCOME,PENALIZE_POLICY,85,DEFENSIVE,,0x31cc5afb,Flawed process caused loss. Penalize strategy parameters and raise adaptive HSI hurdle to 85.,,,,,,,,,,,,,,,,,,,EMERGENCY_UNWIND_SEVERE_CRASH
trd_1790401604026_658,H6bdwt34zKNGmhUNa8xkEQWMVR4nj5Ncw13RCbH7moNr,ANTIFUND,0.00008915137831496037,0.0000847,100,92.81475945,-7.185240550000003,-7.185240550000003,3277,EMERGENCY_UNWIND,0,1790401604026,0,-4.99,0,0,BAD_DECISION_BAD_OUTCOME,PENALIZE_POLICY,85,DEFENSIVE,,0x24506cdf,Flawed process caused loss. Penalize strategy parameters and raise adaptive HSI hurdle to 85.,,,,,,,,,,,,,,,,,,,EMERGENCY_UNWIND_SEVERE_CRASH
trd_1790401652325_59,HSnCtWsw5YmfAkJo9S3eetWtGHPMrc2pAxvCu24AnQEa,DDOS,0.0010749401822114182,0.001028,100,93.4138923,-6.5861077,-6.5861076999999995,14294,EMERGENCY_UNWIND,1,1790401652325,0,-4.37,0,0,GOOD_DECISION_BAD_OUTCOME,NEUTRAL_VARIANCE,82,BALANCED,,0x704c26c2,Sound decision met adverse tail variance. Do NOT penalize valid process.,,,,,,,,,,,,,,,,,,,SOUND_DECISION_PROCESS
trd_1790401690147_651,Fj886GvHFyxQhunb4pw7WLRPRASNh25LT8Zpv8qqr3Ab,MUTANT,0.00019818248926567063,0.0001762,100,100.25,0.25,0.25,132347,TRAILING_TARGET,1,1790401690147,0,-11.09,1,0,GOOD_DECISION_GOOD_OUTCOME,REINFORCE,82,BALANCED,,0x074a1a6f,Sound decision process produced profitable outcome. Reinforce policy weights.,,,,,,,,,,,,,,,,,,,SOUND_DECISION_PROCESS
trd_1790401716587_55,HSnCtWsw5YmfAkJo9S3eetWtGHPMrc2pAxvCu24AnQEa,DDOS,0.001069816539779535,0.001019,100,93.04727474999999,-6.952725250000015,-6.952725250000015,24079,EMERGENCY_UNWIND,1,1790401716587,0,-4.75,0,0,GOOD_DECISION_BAD_OUTCOME,NEUTRAL_VARIANCE,82,BALANCED,,0x09a10b55,Sound decision met adverse tail variance. Do NOT penalize valid process.,,,,,,,,,,,,,,,,,,,SOUND_DECISION_PROCESS
trd_1790401774020_889,A7iQ8N5jKDrg1YUxJ7v8aN5AtkwJaUTNhq1jZ8YLFrAJ,ALX,0.00017697060959762824,0.0001731,100,100.25,0.25,0.25,120933,TRAILING_TARGET,1,1790401774020,3.41,-2.75,0.0733,0.0917,GOOD_DECISION_GOOD_OUTCOME,REINFORCE,82,BALANCED,,0x5e49fd15,Sound decision process produced profitable outcome. Reinforce policy weights.,,,,,,,,,,,,,,,,,,,SOUND_DECISION_PROCESS
trd_1790401776681_833,HSnCtWsw5YmfAkJo9S3eetWtGHPMrc2pAxvCu24AnQEa,DDOS,0.001167165745985521,0.001064,100,89.1319788,-10.868021200000001,-10.868021200000001,2006,EMERGENCY_UNWIND,0,1790401776681,0,-8.84,0,0,BAD_DECISION_BAD_OUTCOME,PENALIZE_POLICY,85,DEFENSIVE,,0x5692ba03,Flawed process caused loss. Penalize strategy parameters and raise adaptive HSI hurdle to 85.,,,,,,,,,,,,,,,,,,,CATASTROPHIC_STOP_LOSS_VIOLATION
trd_1790401810951_164,A7iQ8N5jKDrg1YUxJ7v8aN5AtkwJaUTNhq1jZ8YLFrAJ,ALX,0.00017297416850075068,0.0001641,100,92.6834025,-7.316597500000001,-7.316597500000001,33702,EMERGENCY_UNWIND,0,1790401810951,0,-5.13,0,0,BAD_DECISION_BAD_OUTCOME,PENALIZE_POLICY,85,DEFENSIVE,,0x5564fa94,Flawed process caused loss. Penalize strategy parameters and raise adaptive HSI hurdle to 85.,,,,,,,,,,,,,,,,,,,EMERGENCY_UNWIND_SEVERE_CRASH
trd_1790401825089_532,HSnCtWsw5YmfAkJo9S3eetWtGHPMrc2pAxvCu24AnQEa,DDOS,0.0011835614017675876,0.001107,100,91.40241615,-8.597583850000007,-8.597583850000007,4091,EMERGENCY_UNWIND,0,1790401825089,0,-6.47,0,0,BAD_DECISION_BAD_OUTCOME,PENALIZE_POLICY,85,DEFENSIVE,,0x303cf321,Flawed process caused loss. Penalize strategy parameters and raise adaptive HSI hurdle to 85.,,,,,,,,,,,,,,,,,,,EMERGENCY_UNWIND_SEVERE_CRASH
trd_1790401828920_195,A7iQ8N5jKDrg1YUxJ7v8aN5AtkwJaUTNhq1jZ8YLFrAJ,ALX,0.00016867030885795963,0.0001641,100,94.99842375,-5.001576249999999,-5.001576249999999,3274,EMERGENCY_UNWIND,1,1790401828920,0,-2.71,0,0,GOOD_DECISION_BAD_OUTCOME,NEUTRAL_VARIANCE,82,BALANCED,,0x0f8859cf,Sound decision met adverse tail variance. Do NOT penalize valid process.,,,,,,,,,,,,,,,,,,,SOUND_DECISION_PROCESS
trd_1790401931867_613,Fj886GvHFyxQhunb4pw7WLRPRASNh25LT8Zpv8qqr3Ab,MUTANT,0.00019572314089836144,0.0001671,100,86,-14,-14,214735,STOP_LOSS,0,1790401931867,0,-9.21,0,0,BAD_DECISION_BAD_OUTCOME,PENALIZE_POLICY,85,DEFENSIVE,,0x5851fb38,Flawed process caused loss. Penalize strategy parameters and raise adaptive HSI hurdle to 85.,,,,,,,,,,,,,,,,,,,CATASTROPHIC_STOP_LOSS_VIOLATION
trd_1790401932989_292,HSnCtWsw5YmfAkJo9S3eetWtGHPMrc2pAxvCu24AnQEa,DDOS,0.0010626434403748829,0.0011,100,101.5,1.5,1.5,65799,TRAILING_TARGET,1,1790401932989,6.81,-2.41,0.2203,0.6429,GOOD_DECISION_GOOD_OUTCOME,REINFORCE,82,BALANCED,,0x3a222da2,Sound decision process produced profitable outcome. Reinforce policy weights.,,,,,,,,,,,,,,,,,,,SOUND_DECISION_PROCESS
trd_1790401967588_599,Fj886GvHFyxQhunb4pw7WLRPRASNh25LT8Zpv8qqr3Ab,MUTANT,0.0001712321300739068,0.0001667,100,95.0584827,-4.941517300000001,-4.941517300000001,34041,EMERGENCY_UNWIND,1,1790401967588,0,-2.65,0,0,GOOD_DECISION_BAD_OUTCOME,NEUTRAL_VARIANCE,82,BALANCED,,0x382370df,Sound decision met adverse tail variance. Do NOT penalize valid process.,,,,,,,,,,,,,,,,,,,SOUND_DECISION_PROCESS
trd_1790401968049_204,HSnCtWsw5YmfAkJo9S3eetWtGHPMrc2pAxvCu24AnQEa,DDOS,0.0011272013350167494,0.00103,100,89.33874045,-10.661259549999997,-10.661259549999997,32686,EMERGENCY_UNWIND,0,1790401968049,0,-8.62,0,0,BAD_DECISION_BAD_OUTCOME,PENALIZE_POLICY,85,DEFENSIVE,,0x6165d3db,Flawed process caused loss. Penalize strategy parameters and raise adaptive HSI hurdle to 85.,,,,,,,,,,,,,,,,,,,CATASTROPHIC_STOP_LOSS_VIOLATION
trd_1790401971590_846,A7iQ8N5jKDrg1YUxJ7v8aN5AtkwJaUTNhq1jZ8YLFrAJ,ALX,0.00017287169565211304,0.0001676,100,94.67353874999999,-5.326461250000009,-5.326461250000008,2978,EMERGENCY_UNWIND,1,1790401971590,0,-3.05,0,0,GOOD_DECISION_BAD_OUTCOME,NEUTRAL_VARIANCE,82,BALANCED,,0x404ec5e7,Sound decision met adverse tail variance. Do NOT penalize valid process.,,,,,,,,,,,,,,,,,,,SOUND_DECISION_PROCESS
trd_1790401985667_13,HSnCtWsw5YmfAkJo9S3eetWtGHPMrc2pAxvCu24AnQEa,DDOS,0.0010954347519390017,0.00103,100,91.87658520000001,-8.123414799999992,-8.123414799999992,4195,EMERGENCY_UNWIND,0,1790401985667,0,-5.97,0,0,BAD_DECISION_BAD_OUTCOME,PENALIZE_POLICY,85,DEFENSIVE,,0x204c439b,Flawed process caused loss. Penalize strategy parameters and raise adaptive HSI hurdle to 85.,,,,,,,,,,,,,,,,,,,EMERGENCY_UNWIND_SEVERE_CRASH
trd_1790402100911_673,Fj886GvHFyxQhunb4pw7WLRPRASNh25LT8Zpv8qqr3Ab,MUTANT,0.00016867030885795963,0.0001679,100,100.25,0.25,0.25,121264,TRAILING_TARGET,1,1790402100911,0,-2.41,1,0.8107,GOOD_DECISION_GOOD_OUTCOME,REINFORCE,82,BALANCED,,0x7ffd26de,Sound decision process produced profitable outcome. Reinforce policy weights.,,,,,,,,,,,,,,,,,,,SOUND_DECISION_PROCESS
trd_1790402136828_242,A7iQ8N5jKDrg1YUxJ7v8aN5AtkwJaUTNhq1jZ8YLFrAJ,ALX,0.0001712321300739068,0.0001741,100,101.5,1.5,1.5,121272,TRAILING_TARGET,1,1790402136828,3.54,-2.41,0.4237,0.6863,GOOD_DECISION_GOOD_OUTCOME,REINFORCE,82,BALANCED,,0x74b07c9b,Sound decision process produced profitable outcome. Reinforce policy weights.,,,,,,,,,,,,,,,,,,,SOUND_DECISION_PROCESS
trd_1790402139977_621,GavQxkBXLg9Qwvxgni8SLJAnxLL592j55jVS2fnFpump,SRUN,0.0005384948195920903,0.00048,100,100.25,0.25,0.25,2013,TRAILING_TARGET,1,1790402139977,0,-10.86,1,0,GOOD_DECISION_GOOD_OUTCOME,REINFORCE,82,BALANCED,,0x197852d4,Sound decision process produced profitable outcome. Reinforce policy weights.,,,,,,,,,,,,,,,,,,,SOUND_DECISION_PROCESS
trd_1790402170390_275,Fj886GvHFyxQhunb4pw7WLRPRASNh25LT8Zpv8qqr3Ab,MUTANT,0.0001811878289275419,0.0001689,51.37,47.26476,-4.105239999999996,-7.991512555966509,28204,EMERGENCY_UNWIND,0,1790402170390,0,-6.78,0,0,BAD_DECISION_BAD_OUTCOME,PENALIZE_POLICY,85,DEFENSIVE,,0x6e15364c,Flawed process caused loss. Penalize strategy parameters and raise adaptive HSI hurdle to 85.,,,,,,,,,,,,,,,,,,,EMERGENCY_UNWIND_SEVERE_CRASH
trd_1790402204661_266,EC9CztYxdZ8jTsa8fmwuDFddCz1yunUddcN8Exk3pump,ddoscat,0.00015031722457142888,0.0001258,53.01,53.142525,0.132525,0.25,33293,EMERGENCY_UNWIND,0,1790402204661,1.12,-16.31,0.2232,0,BAD_DECISION_GOOD_OUTCOME,DO_NOT_REINFORCE_LUCK,82,BALANCED,,0x62643d1b,Flawed process produced lucky profit. Strictly avoid reinforcing bad habits.,,,,,,,,,,,,,,,,,,,SEVERE_ADVERSE_EXCURSION
trd_1790402295754_397,HSnCtWsw5YmfAkJo9S3eetWtGHPMrc2pAxvCu24AnQEa,DDOS,0.0009386512935230331,0.0009292,100,100.25,0.25,0.25,193705,TRAILING_TARGET,1,1790402295754,0.19,-5.04,1,0.7719,GOOD_DECISION_GOOD_OUTCOME,REINFORCE,82,BALANCED,,0x770497b6,Sound decision process produced profitable outcome. Reinforce policy weights.,,,,,,,,,,,,,,,,,,,SOUND_DECISION_PROCESS
trd_1790402300937_19,HSnCtWsw5YmfAkJo9S3eetWtGHPMrc2pAxvCu24AnQEa,DDOS,0.0009420205224995942,0.0009175,50.81,48.828081600000004,-1.981918399999998,-3.9006463294627003,4030,EMERGENCY_UNWIND,1,1790402300937,0,-2.6,0,0,GOOD_DECISION_BAD_OUTCOME,NEUTRAL_VARIANCE,82,BALANCED,,0x68916630,Sound decision met adverse tail variance. Do NOT penalize valid process.,,,,,,,,,,,,,,,,,,,SOUND_DECISION_PROCESS
trd_1790402327165_594,A7iQ8N5jKDrg1YUxJ7v8aN5AtkwJaUTNhq1jZ8YLFrAJ,ALX,0.00017492115262487064,0.000197,50.00000000000008,55.47781755,5.47781754999992,10.955635099999823,156094,TRAILING_TARGET,1,1790402327165,12.62,-2.41,0.8681,1,GOOD_DECISION_GOOD_OUTCOME,REINFORCE,82,BALANCED,,0x54f8620f,Sound decision process produced profitable outcome. Reinforce policy weights.,,,,,,,,,,,,,,,,,,,SOUND_DECISION_PROCESS
trd_1790402327769_13,CbcyNo7m1amFWqEQm2m4PLv1UNvpcL3C1Ujm6AkzpKoU,e/acc,0.0191907094726028,0.01856,72.49,68.86216784999999,-3.6278321500000033,-5.004596702993521,26001,EMERGENCY_UNWIND,1,1790402327769,0,-3.29,0,0,GOOD_DECISION_BAD_OUTCOME,NEUTRAL_VARIANCE,82,BALANCED,,0x0abb9be5,Sound decision met adverse tail variance. Do NOT penalize valid process.,,,,,,,,,,,,,,,,,,,SOUND_DECISION_PROCESS
trd_1790402331491_786,A7iQ8N5jKDrg1YUxJ7v8aN5AtkwJaUTNhq1jZ8YLFrAJ,ALX,0.00017492115262487064,0.000203,49.9999999999999,57.14603985,7.146039850000101,14.29207970000023,160420,TRAILING_TARGET,1,1790402331491,16.05,-2.41,0.8905,1,GOOD_DECISION_GOOD_OUTCOME,REINFORCE,82,BALANCED,,0x2a7fc8f6,Sound decision process produced profitable outcome. Reinforce policy weights.,,,,,,,,,,,,,,,,,,,SOUND_DECISION_PROCESS
trd_1790402417590_611,HSnCtWsw5YmfAkJo9S3eetWtGHPMrc2pAxvCu24AnQEa,DDOS,0.000938824369486773,0.00102,93.31,98.90208075,5.592080749999993,5.993013342621363,115696,TRAILING_TARGET,1,1790402417590,10.88,-2.27,0.5508,0.83,GOOD_DECISION_GOOD_OUTCOME,REINFORCE,82,BALANCED,,0x607fd742,Sound decision process produced profitable outcome. Reinforce policy weights.,,,,,,,,,,,,,,,,,,,SOUND_DECISION_PROCESS
trd_1790402418995_807,A7iQ8N5jKDrg1YUxJ7v8aN5AtkwJaUTNhq1jZ8YLFrAJ,ALX,0.00020801988273490754,0.0001837,100,100.25,0.25,0.25,85890,TRAILING_TARGET,1,1790402418995,0,-11.69,1,0,GOOD_DECISION_GOOD_OUTCOME,REINFORCE,82,BALANCED,,0x4f19eb2e,Sound decision process produced profitable outcome. Reinforce policy weights.,,,,,,,,,,,,,,,,,,,SOUND_DECISION_PROCESS
trd_1790402427516_292,A7iQ8N5jKDrg1YUxJ7v8aN5AtkwJaUTNhq1jZ8YLFrAJ,ALX,0.0001882426229477958,0.0001755,100,91.11467865,-8.885321349999998,-8.885321349999998,6352,EMERGENCY_UNWIND,0,1790402427516,0,-6.77,0,0,BAD_DECISION_BAD_OUTCOME,PENALIZE_POLICY,85,DEFENSIVE,,0x4586815e,Flawed process caused loss. Penalize strategy parameters and raise adaptive HSI hurdle to 85.,,,,,,,,,,,,,,,,,,,EMERGENCY_UNWIND_SEVERE_CRASH
trd_1790402431215_547,693L8NbWor3m3TGdSML15GftutdewRvEKLRUhJFFpump,manifest,0.0001784052294785587,0.000163,100,89.32750935,-10.67249065,-10.67249065,2912,EMERGENCY_UNWIND,0,1790402431215,0,-8.63,0,0,BAD_DECISION_BAD_OUTCOME,PENALIZE_POLICY,85,DEFENSIVE,,0x0b364206,Flawed process caused loss. Penalize strategy parameters and raise adaptive HSI hurdle to 85.,,,,,,,,,,,,,,,,,,,CATASTROPHIC_STOP_LOSS_VIOLATION
trd_1790402435290_409,EC9CztYxdZ8jTsa8fmwuDFddCz1yunUddcN8Exk3pump,ddoscat,0.0001316776104996829,0.000126,100,93.46651994999999,-6.5334800500000085,-6.5334800500000085,3507,EMERGENCY_UNWIND,1,1790402435290,0,-4.31,0,0,GOOD_DECISION_BAD_OUTCOME,NEUTRAL_VARIANCE,82,BALANCED,,0x7c565106,Sound decision met adverse tail variance. Do NOT penalize valid process.,,,,,,,,,,,,,,,,,,,SOUND_DECISION_PROCESS
trd_1790402471424_95,A7iQ8N5jKDrg1YUxJ7v8aN5AtkwJaUTNhq1jZ8YLFrAJ,ALX,0.00018332392621317722,0.0001712,100,91.26391650000001,-8.736083499999992,-8.736083499999992,3999,EMERGENCY_UNWIND,0,1790402471424,0,-6.61,0,0,BAD_DECISION_BAD_OUTCOME,PENALIZE_POLICY,85,DEFENSIVE,,0x3e88f4ec,Flawed process caused loss. Penalize strategy parameters and raise adaptive HSI hurdle to 85.,,,,,,,,,,,,,,,,,,,EMERGENCY_UNWIND_SEVERE_CRASH
trd_1790402509755_246,693L8NbWor3m3TGdSML15GftutdewRvEKLRUhJFFpump,manifest,0.00016221451939377285,0.0001517,100,101.5,1.5,1.5,36365,TRAILING_TARGET,1,1790402509755,4.86,-6.48,0.3086,0,GOOD_DECISION_GOOD_OUTCOME,REINFORCE,82,BALANCED,,0x48c9ba18,Sound decision process produced profitable outcome. Reinforce policy weights.,,,,,,,,,,,,,,,,,,,SOUND_DECISION_PROCESS
trd_1790402543982_1,EC9CztYxdZ8jTsa8fmwuDFddCz1yunUddcN8Exk3pump,ddoscat,0.00013085782771057975,0.0001525,50.000000000000064,57.382498649999995,7.38249864999993,14.764997299999843,33536,TRAILING_TARGET,1,1790402543982,16.54,-2.41,0.8927,1,GOOD_DECISION_GOOD_OUTCOME,REINFORCE,82,BALANCED,,0x557d4c97,Sound decision process produced profitable outcome. Reinforce policy weights.,,,,,,,,,,,,,,,,,,,SOUND_DECISION_PROCESS
trd_1790402544458_112,EC9CztYxdZ8jTsa8fmwuDFddCz1yunUddcN8Exk3pump,ddoscat,0.00013085782771057975,0.0001525,49.999999999999936,57.382498649999995,7.382498650000059,14.764997300000138,34012,TRAILING_TARGET,1,1790402544458,16.54,-2.41,0.8927,1,GOOD_DECISION_GOOD_OUTCOME,REINFORCE,82,BALANCED,,0x68cf64dd,Sound decision process produced profitable outcome. Reinforce policy weights.,,,,,,,,,,,,,,,,,,,SOUND_DECISION_PROCESS
trd_1790402578501_381,Fj886GvHFyxQhunb4pw7WLRPRASNh25LT8Zpv8qqr3Ab,MUTANT,0.00017566398921303316,0.0001488,52.74,45.3564,-7.3836,-14,155066,STOP_LOSS,0,1790402578501,0,-8.06,0,0,BAD_DECISION_BAD_OUTCOME,PENALIZE_POLICY,85,DEFENSIVE,,0x626959a9,Flawed process caused loss. Penalize strategy parameters and raise adaptive HSI hurdle to 85.,,,,,,,,,,,,,,,,,,,CATASTROPHIC_STOP_LOSS_VIOLATION
trd_1790402579461_17,693L8NbWor3m3TGdSML15GftutdewRvEKLRUhJFFpump,manifest,0.00015441671728240897,0.0001513,69.31,71.73585,2.42585,3.5,68752,TRAILING_TARGET,1,1790402579461,7.18,-2.02,0.4875,0,GOOD_DECISION_GOOD_OUTCOME,REINFORCE,82,BALANCED,,0x2d43eb20,Sound decision process produced profitable outcome. Reinforce policy weights.,,,,,,,,,,,,,,,,,,,SOUND_DECISION_PROCESS
trd_1790402587946_683,A7iQ8N5jKDrg1YUxJ7v8aN5AtkwJaUTNhq1jZ8YLFrAJ,ALX,0.00015391421865410408,0.0001489,100,94.4743857,-5.525614300000001,-5.525614300000001,6188,EMERGENCY_UNWIND,1,1790402587946,0,-3.26,0,0,GOOD_DECISION_BAD_OUTCOME,NEUTRAL_VARIANCE,82,BALANCED,,0x2dc2ab2a,Sound decision met adverse tail variance. Do NOT penalize valid process.,,,,,,,,,,,,,,,,,,,SOUND_DECISION_PROCESS
trd_1790402626216_392,693L8NbWor3m3TGdSML15GftutdewRvEKLRUhJFFpump,manifest,0.00016506443261152888,0.0001461,90.89,78.84050339999999,-12.049496600000012,-13.257230278358467,37509,EMERGENCY_UNWIND,0,1790402626216,0,-11.49,0,0,BAD_DECISION_BAD_OUTCOME,PENALIZE_POLICY,85,DEFENSIVE,,0x6190e028,Flawed process caused loss. Penalize strategy parameters and raise adaptive HSI hurdle to 85.,,,,,,,,,,,,,,,,,,,CATASTROPHIC_STOP_LOSS_VIOLATION
trd_1790402686466_988,EC9CztYxdZ8jTsa8fmwuDFddCz1yunUddcN8Exk3pump,ddoscat,0.0001721543857116478,0.0002105,50.000000000000085,60.16873335,10.168733349999911,20.337466699999787,59470,TRAILING_TARGET,1,1790402686466,22.27,-3.34,0.9132,1,GOOD_DECISION_GOOD_OUTCOME,REINFORCE,82,BALANCED,,0x40239862,Sound decision process produced profitable outcome. Reinforce policy weights.,,,,,,,,,,,,,,,,,,,SOUND_DECISION_PROCESS
trd_1790402702000_296,EC9CztYxdZ8jTsa8fmwuDFddCz1yunUddcN8Exk3pump,ddoscat,0.0001721543857116478,0.0002105,49.999999999999915,60.16873335,10.168733350000082,20.3374667000002,75004,TRAILING_TARGET,1,1790402702000,22.27,-3.34,0.9132,1,GOOD_DECISION_GOOD_OUTCOME,REINFORCE,82,BALANCED,,0x4855b761,Sound decision process produced profitable outcome. Reinforce policy weights.,,,,,,,,,,,,,,,,,,,SOUND_DECISION_PROCESS
trd_1790402712312_481,EC9CztYxdZ8jTsa8fmwuDFddCz1yunUddcN8Exk3pump,ddoscat,0.00021427072650181866,0.0002054,100,93.63082875,-6.369171249999994,-6.369171249999994,7855,EMERGENCY_UNWIND,1,1790402712312,0,-4.14,0,0,GOOD_DECISION_BAD_OUTCOME,NEUTRAL_VARIANCE,82,BALANCED,,0x3c77d4fc,Sound decision met adverse tail variance. Do NOT penalize valid process.,,,,,,,,,,,,,,,,,,,SOUND_DECISION_PROCESS
trd_1790402718467_570,9A3JE3hGaKT2V6NpktZXXu2ecxTzzWWrxjPnuhY4pump,BINK,0.00015288949016772522,0.0001424,100,91.02699105,-8.973008949999993,-8.973008949999993,5346,EMERGENCY_UNWIND,0,1790402718467,0,-6.86,0,0,BAD_DECISION_BAD_OUTCOME,PENALIZE_POLICY,85,DEFENSIVE,,0x6027e686,Flawed process caused loss. Penalize strategy parameters and raise adaptive HSI hurdle to 85.,,,,,,,,,,,,,,,,,,,EMERGENCY_UNWIND_SEVERE_CRASH
trd_1790402751260_137,Fj886GvHFyxQhunb4pw7WLRPRASNh25LT8Zpv8qqr3Ab,MUTANT,0.0001524795987731737,0.0001492,100,100.25,0.25,0.25,171470,TRAILING_TARGET,1,1790402751260,0,-4.18,1,0.4859,GOOD_DECISION_GOOD_OUTCOME,REINFORCE,82,BALANCED,,0x248d255c,Sound decision process produced profitable outcome. Reinforce policy weights.,,,,,,,,,,,,,,,,,,,SOUND_DECISION_PROCESS
trd_1790402752716_117,693L8NbWor3m3TGdSML15GftutdewRvEKLRUhJFFpump,manifest,0.0001515573431354328,0.0001412,100,91.05273749999999,-8.947262500000008,-8.947262500000008,33747,EMERGENCY_UNWIND,0,1790402752716,0,-6.83,0,0,BAD_DECISION_BAD_OUTCOME,PENALIZE_POLICY,85,DEFENSIVE,,0x24e235d5,Flawed process caused loss. Penalize strategy parameters and raise adaptive HSI hurdle to 85.,,,,,,,,,,,,,,,,,,,EMERGENCY_UNWIND_SEVERE_CRASH
trd_1790402786296_502,693L8NbWor3m3TGdSML15GftutdewRvEKLRUhJFFpump,manifest,0.00014401358871177962,0.0001136,78.39,67.4154,-10.9746,-14,32570,STOP_LOSS,0,1790402786296,0,-21.12,0,0,BAD_DECISION_BAD_OUTCOME,PENALIZE_POLICY,85,DEFENSIVE,,0x5a801bcf,Flawed process caused loss. Penalize strategy parameters and raise adaptive HSI hurdle to 85.,,,,,,,,,,,,,,,,,,,CATASTROPHIC_STOP_LOSS_VIOLATION
trd_1790402786830_593,Fj886GvHFyxQhunb4pw7WLRPRASNh25LT8Zpv8qqr3Ab,MUTANT,0.00015288949016772522,0.0001485,100,94.84413735,-5.155862650000004,-5.155862650000003,33450,EMERGENCY_UNWIND,1,1790402786830,0,-2.87,0,0,GOOD_DECISION_BAD_OUTCOME,NEUTRAL_VARIANCE,82,BALANCED,,0x7b6e597f,Sound decision met adverse tail variance. Do NOT penalize valid process.,,,,,,,,,,,,,,,,,,,SOUND_DECISION_PROCESS
trd_1790402790250_99,EC9CztYxdZ8jTsa8fmwuDFddCz1yunUddcN8Exk3pump,ddoscat,0.0002562845944433516,0.0002262,100,100.25,0.25,0.25,2682,TRAILING_TARGET,1,1790402790250,0,-11.74,1,0,GOOD_DECISION_GOOD_OUTCOME,REINFORCE,82,BALANCED,,0x6f3708a9,Sound decision process produced profitable outcome. Reinforce policy weights.,,,,,,,,,,,,,,,,,,,SOUND_DECISION_PROCESS
trd_1790402792795_749,So11111111111111111111111111111111111111112,SOL,123.7214726835101,120.36,114.4,108.34082565,-6.0591743500000055,-5.29648107517483,2371,EMERGENCY_UNWIND,1,1790402792795,0,-2.72,0,0,GOOD_DECISION_BAD_OUTCOME,NEUTRAL_VARIANCE,82,BALANCED,,0x2b622b01,Sound decision met adverse tail variance. Do NOT penalize valid process.,,,,,,,,,,,,,,,,,,,SOUND_DECISION_PROCESS
trd_1790402794649_112,9A3JE3hGaKT2V6NpktZXXu2ecxTzzWWrxjPnuhY4pump,BINK,0.0001655961233988229,0.000158,100,93.20309775000001,-6.796902249999988,-6.796902249999988,5739,EMERGENCY_UNWIND,1,1790402794649,0,-4.59,0,0,GOOD_DECISION_BAD_OUTCOME,NEUTRAL_VARIANCE,82,BALANCED,,0x3a6f34f9,Sound decision met adverse tail variance. Do NOT penalize valid process.,,,,,,,,,,,,,,,,,,,SOUND_DECISION_PROCESS
trd_1790402796735_488,EC9CztYxdZ8jTsa8fmwuDFddCz1yunUddcN8Exk3pump,ddoscat,0.00022782252039097765,0.0002218,110.91,105.1903866,-5.719613400000001,-5.156986205031107,2335,EMERGENCY_UNWIND,1,1790402796735,0,-2.64,0,0,GOOD_DECISION_BAD_OUTCOME,NEUTRAL_VARIANCE,82,BALANCED,,0x69d5dd0b,Sound decision met adverse tail variance. Do NOT penalize valid process.,,,,,,,,,,,,,,,,,,,SOUND_DECISION_PROCESS
trd_1790402830902_70,693L8NbWor3m3TGdSML15GftutdewRvEKLRUhJFFpump,manifest,0.00011671657459855154,0.0001102,100,92.25000630000001,-7.749993699999991,-7.74999369999999,37532,EMERGENCY_UNWIND,0,1790402830902,0,-5.58,0,0,BAD_DECISION_BAD_OUTCOME,PENALIZE_POLICY,85,DEFENSIVE,,0x5e1a6759,Flawed process caused loss. Penalize strategy parameters and raise adaptive HSI hurdle to 85.,,,,,,,,,,,,,,,,,,,EMERGENCY_UNWIND_SEVERE_CRASH
trd_1790402831697_66,Fj886GvHFyxQhunb4pw7WLRPRASNh25LT8Zpv8qqr3Ab,MUTANT,0.0001519672345299843,0.0001481,100,95.15596635,-4.84403365,-4.84403365,32995,EMERGENCY_UNWIND,1,1790402831697,0,-2.54,0,0,GOOD_DECISION_BAD_OUTCOME,NEUTRAL_VARIANCE,82,BALANCED,,0x3bdbaf96,Sound decision met adverse tail variance. Do NOT penalize valid process.,,,,,,,,,,,,,,,,,,,SOUND_DECISION_PROCESS
trd_1790402832211_165,9A3JE3hGaKT2V6NpktZXXu2ecxTzzWWrxjPnuhY4pump,BINK,0.00016202647886382648,0.0001562,103.4,97.2829518,-6.117048199999999,-5.9159073500967105,30487,EMERGENCY_UNWIND,1,1790402832211,0,-3.6,0,0,GOOD_DECISION_BAD_OUTCOME,NEUTRAL_VARIANCE,82,BALANCED,,0x2decbf3d,Sound decision met adverse tail variance. Do NOT penalize valid process.,,,,,,,,,,,,,,,,,,,SOUND_DECISION_PROCESS
trd_1790402839177_718,EC9CztYxdZ8jTsa8fmwuDFddCz1yunUddcN8Exk3pump,ddoscat,0.00023879618826399342,0.0002317,96.71,91.6942548,-5.015745199999999,-5.186377003412262,7154,EMERGENCY_UNWIND,1,1790402839177,0,-2.97,0,0,GOOD_DECISION_BAD_OUTCOME,NEUTRAL_VARIANCE,82,BALANCED,,0x63ba13dd,Sound decision met adverse tail variance. Do NOT penalize valid process.,,,,,,,,,,,,,,,,,,,SOUND_DECISION_PROCESS
a8b2a87b-aede-42a7-8982-7e5c74824852,7ZYvWb6exrWynjYAzNvs2vzSH5gJdEGhgFj6WVtwpump,,1.1739528701298848e-05,9.655831693735632e-06,13.095,10.77071484270732,-2.3243,-17.7494,4204,EXIT,0,1790402904080,0.0,-17.74940937222359,0.0,0.0,BAD_DECISION_BAD_OUTCOME,PENALIZE_POLICY,85,DEFENSIVE,,0xed371277,Flawed process caused loss. Penalize strategy parameters and raise adaptive HSI hurdle to 85.,,,,,,,,,,,,,,,,,,,CATASTROPHIC_STOP_LOSS_VIOLATION
trd_1790402956283_569,So11111111111111111111111111111111111111112,SOL,120.90993449589511,120.38,5.53,5.543825,0.013825,0.25,121165,TRAILING_TARGET,1,1790402956283,0,-0.46,1,0.0536,GOOD_DECISION_GOOD_OUTCOME,REINFORCE,82,BALANCED,,0x081d8e58,Sound decision process produced profitable outcome. Reinforce policy weights.,,,,,,,,,,,,,,,,,,,SOUND_DECISION_PROCESS
trd_1790402959512_780,9A3JE3hGaKT2V6NpktZXXu2ecxTzzWWrxjPnuhY4pump,BINK,0.0001600625895723771,0.0001808,50,55.640137949999996,5.640137949999996,11.280275899999992,124691,TRAILING_TARGET,1,1790402959512,12.96,-2.54,0.8704,1,GOOD_DECISION_GOOD_OUTCOME,REINFORCE,82,BALANCED,,0x1e345ef5,Sound decision process produced profitable outcome. Reinforce policy weights.,,,,,,,,,,,,,,,,,,,SOUND_DECISION_PROCESS
trd_1790402971678_864,9A3JE3hGaKT2V6NpktZXXu2ecxTzzWWrxjPnuhY4pump,BINK,0.0001600625895723771,0.0001718,50,53,3,6,136857,TRAILING_TARGET,1,1790402971678,12.96,-2.54,0.463,0.6371,GOOD_DECISION_GOOD_OUTCOME,REINFORCE,82,BALANCED,,0x1374d775,Sound decision process produced profitable outcome. Reinforce policy weights.,,,,,,,,,,,,,,,,,,,SOUND_DECISION_PROCESS
trd_1790403007115_866,EC9CztYxdZ8jTsa8fmwuDFddCz1yunUddcN8Exk3pump,ddoscat,0.00016657867524812086,0.0001743,37.29,38.59515,1.3051499999999998,3.5,49774,TRAILING_TARGET,1,1790403007115,10.7,0,0.3271,0.4333,GOOD_DECISION_GOOD_OUTCOME,REINFORCE,82,BALANCED,,0x784ca76a,Sound decision process produced profitable outcome. Reinforce policy weights.,,,,,,,,,,,,,,,,,,,SOUND_DECISION_PROCESS
trd_1790403020304_800,9A3JE3hGaKT2V6NpktZXXu2ecxTzzWWrxjPnuhY4pump,BINK,0.00017604835395988743,0.0001055,100,86,-14,-14,46567,STOP_LOSS,0,1790403020304,0,-2.41,0,0,BAD_DECISION_BAD_OUTCOME,PENALIZE_POLICY,85,DEFENSIVE,,0x3329983c,Flawed process caused loss. Penalize strategy parameters and raise adaptive HSI hurdle to 85.,,,,,,,,,,,,,,,,,,,CATASTROPHIC_STOP_LOSS_VIOLATION
trd_1790403021152_654,EC9CztYxdZ8jTsa8fmwuDFddCz1yunUddcN8Exk3pump,ddoscat,0.00017861017517583456,0.0001579,100,100.25,0.25,0.25,11609,TRAILING_TARGET,1,1790403021152,0,-11.6,1,0,GOOD_DECISION_GOOD_OUTCOME,REINFORCE,82,BALANCED,,0x53ec9330,Sound decision process produced profitable outcome. Reinforce policy weights.,,,,,,,,,,,,,,,,,,,SOUND_DECISION_PROCESS
trd_1790403094818_459,693L8NbWor3m3TGdSML15GftutdewRvEKLRUhJFFpump,manifest,0.00011034930682333903,0.0001128,95.14,96.5671,1.4271,1.5,77759,TRAILING_TARGET,1,1790403094818,5.57,-3.49,0.2693,0.63,GOOD_DECISION_GOOD_OUTCOME,REINFORCE,82,BALANCED,,0x0e5853ad,Sound decision process produced profitable outcome. Reinforce policy weights.,,,,,,,,,,,,,,,,,,,SOUND_DECISION_PROCESS
trd_1790403129595_453,9A3JE3hGaKT2V6NpktZXXu2ecxTzzWWrxjPnuhY4pump,BINK,0.00010786643991645784,0.00008083,89.66,89.88414999999999,0.22415,0.25,108383,STOP_LOSS,0,1790403129595,1.33,-25.06,0.188,0,BAD_DECISION_GOOD_OUTCOME,DO_NOT_REINFORCE_LUCK,82,BALANCED,,0x42af785f,Flawed process produced lucky profit. Strictly avoid reinforcing bad habits.,,,,,,,,,,,,,,,,,,,SEVERE_ADVERSE_EXCURSION
trd_1790403134162_391,EC9CztYxdZ8jTsa8fmwuDFddCz1yunUddcN8Exk3pump,ddoscat,0.0001790831491979953,0.0001666,96.35,87.6678945,-8.682105499999992,-9.011007265179027,38694,EMERGENCY_UNWIND,0,1790403134162,0,-6.97,0,0,BAD_DECISION_BAD_OUTCOME,PENALIZE_POLICY,85,DEFENSIVE,,0x3c38fd23,Flawed process caused loss. Penalize strategy parameters and raise adaptive HSI hurdle to 85.,,,,,,,,,,,,,,,,,,,EMERGENCY_UNWIND_SEVERE_CRASH
trd_1790403134641_162,693L8NbWor3m3TGdSML15GftutdewRvEKLRUhJFFpump,manifest,0.00012501706833082713,0.0001163,92.46,84.19276845,-8.267231549999993,-8.94141417910447,3920,EMERGENCY_UNWIND,0,1790403134641,0,-6.97,0,0,BAD_DECISION_BAD_OUTCOME,PENALIZE_POLICY,85,DEFENSIVE,,0x2be60518,Flawed process caused loss. Penalize strategy parameters and raise adaptive HSI hurdle to 85.,,,,,,,,,,,,,,,,,,,EMERGENCY_UNWIND_SEVERE_CRASH
trd_1790403144108_218,So11111111111111111111111111111111111111112,SOL,123.30127039683751,120.44,96.01,96.25002500000001,0.24002500000000002,0.25,121767,TRAILING_TARGET,1,1790403144108,0,-2.4,1,0.0338,GOOD_DECISION_GOOD_OUTCOME,REINFORCE,82,BALANCED,,0x2d4520a3,Sound decision process produced profitable outcome. Reinforce policy weights.,,,,,,,,,,,,,,,,,,,SOUND_DECISION_PROCESS
trd_1790403147103_945,EC9CztYxdZ8jTsa8fmwuDFddCz1yunUddcN8Exk3pump,ddoscat,0.0001707197658307173,0.00009834,100,86,-14,-14,11750,STOP_LOSS,0,1790403147103,0,-2.41,0,0,BAD_DECISION_BAD_OUTCOME,PENALIZE_POLICY,85,DEFENSIVE,,0x1836b007,Flawed process caused loss. Penalize strategy parameters and raise adaptive HSI hurdle to 85.,,,,,,,,,,,,,,,,,,,CATASTROPHIC_STOP_LOSS_VIOLATION
trd_1790403151053_979,9A3JE3hGaKT2V6NpktZXXu2ecxTzzWWrxjPnuhY4pump,BINK,0.00009004202794486223,0.00008083,80.1,82.9035,2.8034999999999997,3.5,14543,TRAILING_TARGET,1,1790403151053,7.86,-1.99,0.4453,0,GOOD_DECISION_GOOD_OUTCOME,REINFORCE,82,BALANCED,,0x29ef5d46,Sound decision process produced profitable outcome. Reinforce policy weights.,,,,,,,,,,,,,,,,,,,SOUND_DECISION_PROCESS
trd_1790403152180_577,EC9CztYxdZ8jTsa8fmwuDFddCz1yunUddcN8Exk3pump,ddoscat,0.00010049906972935672,0.0001779,43.76,75.96441915,32.20441915,73.59327959323583,3456,TRAILING_TARGET,1,1790403152180,77.02,-2.15,0.9555,1,GOOD_DECISION_GOOD_OUTCOME,REINFORCE,82,BALANCED,,0x724d8c62,Sound decision process produced profitable outcome. Reinforce policy weights.,,,,,,,,,,,,,,,,,,,SOUND_DECISION_PROCESS
trd_1790403154268_767,EC9CztYxdZ8jTsa8fmwuDFddCz1yunUddcN8Exk3pump,ddoscat,0.00010049906972935672,0.0001779,21.88000000000005,38.305527,16.42552699999995,75.07096435100509,5544,TRAILING_TARGET,1,1790403154268,77.02,-2.15,0.9747,1,GOOD_DECISION_GOOD_OUTCOME,REINFORCE,82,BALANCED,,0x78b5a13f,Sound decision process produced profitable outcome. Reinforce policy weights.,,,,,,,,,,,,,,,,,,,SOUND_DECISION_PROCESS
trd_1790403162450_752,EC9CztYxdZ8jTsa8fmwuDFddCz1yunUddcN8Exk3pump,ddoscat,0.00010049906972935672,0.0001015,21.87999999999995,23.630399999999945,1.750399999999996,8,13726,TRAILING_TARGET,1,1790403162450,77.02,-2.15,0.1039,0.0397,GOOD_DECISION_GOOD_OUTCOME,REINFORCE,82,BALANCED,,0x7f6c2e65,Sound decision process produced profitable outcome. Reinforce policy weights.,,,,,,,,,,,,,,,,,,,SOUND_DECISION_PROCESS
trd_1790403168424_887,9A3JE3hGaKT2V6NpktZXXu2ecxTzzWWrxjPnuhY4pump,BINK,0.00009623460133533843,0.00009376,107.49,102.09412019999999,-5.395879800000002,-5.0198900362824475,1720,EMERGENCY_UNWIND,1,1790403168424,0,-2.57,0,0,GOOD_DECISION_BAD_OUTCOME,NEUTRAL_VARIANCE,82,BALANCED,,0x50b80b2a,Sound decision met adverse tail variance. Do NOT penalize valid process.,,,,,,,,,,,,,,,,,,,SOUND_DECISION_PROCESS
trd_1790403182474_583,693L8NbWor3m3TGdSML15GftutdewRvEKLRUhJFFpump,manifest,0.00012778364225144332,0.0001157,100,88.5402627,-11.459737300000002,-11.4597373,18280,EMERGENCY_UNWIND,0,1790403182474,0,-9.46,0,0,BAD_DECISION_BAD_OUTCOME,PENALIZE_POLICY,85,DEFENSIVE,,0x570063ab,Flawed process caused loss. Penalize strategy parameters and raise adaptive HSI hurdle to 85.,,,,,,,,,,,,,,,,,,,CATASTROPHIC_STOP_LOSS_VIOLATION
trd_1790403226118_399,EC9CztYxdZ8jTsa8fmwuDFddCz1yunUddcN8Exk3pump,ddoscat,0.00009812612943609025,0.00008826,104.25,104.510625,0.260625,0.25,45625,TRAILING_TARGET,1,1790403226118,2.72,-10.05,0.0919,0,GOOD_DECISION_GOOD_OUTCOME,REINFORCE,82,BALANCED,,0x26bf808f,Sound decision process produced profitable outcome. Reinforce policy weights.,,,,,,,,,,,,,,,,,,,SOUND_DECISION_PROCESS
trd_1790403230765_489,EC9CztYxdZ8jTsa8fmwuDFddCz1yunUddcN8Exk3pump,ddoscat,0.00009045508887418546,0.00008028,100.64,87.36616409999999,-13.27383590000001,-13.189423589030216,2345,EMERGENCY_UNWIND,0,1790403230765,0,-11.25,0,0,BAD_DECISION_BAD_OUTCOME,PENALIZE_POLICY,85,DEFENSIVE,,0x1b9225c3,Flawed process caused loss. Penalize strategy parameters and raise adaptive HSI hurdle to 85.,,,,,,,,,,,,,,,,,,,CATASTROPHIC_STOP_LOSS_VIOLATION
trd_1790403264464_364,693L8NbWor3m3TGdSML15GftutdewRvEKLRUhJFFpump,manifest,0.00011842815960401006,0.0001127,94.83,98.14905,3.31905,3.5,72017,TRAILING_TARGET,1,1790403264464,9.18,-4.84,0.3813,0,GOOD_DECISION_GOOD_OUTCOME,REINFORCE,82,BALANCED,,0x707c890a,Sound decision process produced profitable outcome. Reinforce policy weights.,,,,,,,,,,,,,,,,,,,SOUND_DECISION_PROCESS
trd_1790403264792_75,EC9CztYxdZ8jTsa8fmwuDFddCz1yunUddcN8Exk3pump,ddoscat,0.00008646214711127824,0.00008057,92.67,84.5210187,-8.148981300000003,-8.79354839753966,4264,EMERGENCY_UNWIND,0,1790403264792,0,-6.81,0,0,BAD_DECISION_BAD_OUTCOME,PENALIZE_POLICY,85,DEFENSIVE,,0x756830df,Flawed process caused loss. Penalize strategy parameters and raise adaptive HSI hurdle to 85.,,,,,,,,,,,,,,,,,,,EMERGENCY_UNWIND_SEVERE_CRASH
trd_1790403267832_891,So11111111111111111111111111111111111111112,SOL,123.1450341483141,120.44,89.79,90.014475,0.224475,0.25,121075,TRAILING_TARGET,1,1790403267832,0,-2.28,1,0.0357,GOOD_DECISION_GOOD_OUTCOME,REINFORCE,82,BALANCED,,0x6750df2f,Sound decision process produced profitable outcome. Reinforce policy weights.,,,,,,,,,,,,,,,,,,,SOUND_DECISION_PROCESS
trd_1790403300969_24,So11111111111111111111111111111111111111112,SOL,123.94234697870856,120.44,119.58,112.9997874,-6.580212599999997,-5.502770195684894,2388,EMERGENCY_UNWIND,1,1790403300969,0,-2.83,0,0,GOOD_DECISION_BAD_OUTCOME,NEUTRAL_VARIANCE,82,BALANCED,,0x7982633e,Sound decision met adverse tail variance. Do NOT penalize valid process.,,,,,,,,,,,,,,,,,,,SOUND_DECISION_PROCESS
trd_1790403368524_946,EC9CztYxdZ8jTsa8fmwuDFddCz1yunUddcN8Exk3pump,ddoscat,0.00008140162879031703,0.0001041,35.17,44.42162895,9.251628949999999,26.305456212681257,99556,TRAILING_TARGET,1,1790403368524,27.88,-1.02,0.9435,1,GOOD_DECISION_GOOD_OUTCOME,REINFORCE,82,BALANCED,,0x39f0643a,Sound decision process produced profitable outcome. Reinforce policy weights.,,,,,,,,,,,,,,,,,,,SOUND_DECISION_PROCESS
trd_1790403386414_356,693L8NbWor3m3TGdSML15GftutdewRvEKLRUhJFFpump,manifest,0.0001154869004148969,0.0001156,100,100.25,0.25,0.25,121007,TRAILING_TARGET,1,1790403386414,0.53,-2.41,0.4717,0.8529,GOOD_DECISION_GOOD_OUTCOME,REINFORCE,82,BALANCED,,0x7ed7b592,Sound decision process produced profitable outcome. Reinforce policy weights.,,,,,,,,,,,,,,,,,,,SOUND_DECISION_PROCESS
trd_1790403389374_640,EC9CztYxdZ8jTsa8fmwuDFddCz1yunUddcN8Exk3pump,ddoscat,0.0001060473222556392,0.0001029,72.9,69.47031015,-3.4296898500000026,-4.7046500000000036,18871,EMERGENCY_UNWIND,1,1790403389374,0,-2.97,0,0,GOOD_DECISION_BAD_OUTCOME,NEUTRAL_VARIANCE,82,BALANCED,,0x7791bc5f,Sound decision met adverse tail variance. Do NOT penalize valid process.,,,,,,,,,,,,,,,,,,,SOUND_DECISION_PROCESS
trd_1790403428651_233,EC9CztYxdZ8jTsa8fmwuDFddCz1yunUddcN8Exk3pump,ddoscat,0.00009708644494624498,0.00006851,77.41,66.5726,-10.8374,-14,25936,STOP_LOSS,0,1790403428651,0,-1.93,0,0,BAD_DECISION_BAD_OUTCOME,PENALIZE_POLICY,85,DEFENSIVE,,0x31cf88ef,Flawed process caused loss. Penalize strategy parameters and raise adaptive HSI hurdle to 85.,,,,,,,,,,,,,,,,,,,CATASTROPHIC_STOP_LOSS_VIOLATION
trd_1790403493493_770,693L8NbWor3m3TGdSML15GftutdewRvEKLRUhJFFpump,manifest,0.00011818399897744367,0.0001249,89.31,92.43585,3.1258500000000002,3.5,105026,TRAILING_TARGET,1,1790403493493,9.15,-0.58,0.3825,0.6435,GOOD_DECISION_GOOD_OUTCOME,REINFORCE,82,BALANCED,,0x11e295da,Sound decision process produced profitable outcome. Reinforce policy weights.,,,,,,,,,,,,,,,,,,,SOUND_DECISION_PROCESS
trd_1790403493716_424,EC9CztYxdZ8jTsa8fmwuDFddCz1yunUddcN8Exk3pump,ddoscat,0.00006976111722609176,0.00008687,35.45000000000003,43.6070295,8.157029499999972,23.0099562764456,61079,TRAILING_TARGET,1,1790403493716,24.52,-1.79,0.9384,1,GOOD_DECISION_GOOD_OUTCOME,REINFORCE,82,BALANCED,,0x603d3289,Sound decision process produced profitable outcome. Reinforce policy weights.,,,,,,,,,,,,,,,,,,,SOUND_DECISION_PROCESS
trd_1790403494364_102,EC9CztYxdZ8jTsa8fmwuDFddCz1yunUddcN8Exk3pump,ddoscat,0.00006976111722609176,0.00008687,35.44999999999997,43.6070295,8.157029500000036,23.00995627644582,61727,TRAILING_TARGET,1,1790403494364,24.52,-1.79,0.9384,1,GOOD_DECISION_GOOD_OUTCOME,REINFORCE,82,BALANCED,,0x2be9d90b,Sound decision process produced profitable outcome. Reinforce policy weights.,,,,,,,,,,,,,,,,,,,SOUND_DECISION_PROCESS
trd_1790403495798_876,693L8NbWor3m3TGdSML15GftutdewRvEKLRUhJFFpump,manifest,0.00012826614369256485,0.0001249,110,104.3673993,-5.632600699999997,-5.120546090909088,1243,EMERGENCY_UNWIND,1,1790403495798,0,-2.62,0,0,GOOD_DECISION_BAD_OUTCOME,NEUTRAL_VARIANCE,82,BALANCED,,0x51feacaf,Sound decision met adverse tail variance. Do NOT penalize valid process.,,,,,,,,,,,,,,,,,,,SOUND_DECISION_PROCESS
trd_1790403497843_443,EC9CztYxdZ8jTsa8fmwuDFddCz1yunUddcN8Exk3pump,ddoscat,0.00008757032988552095,0.00008195,25,23.2165911,-1.783408900000001,-7.133635600000004,1120,EMERGENCY_UNWIND,0,1790403497843,0,-6.42,0,0,BAD_DECISION_BAD_OUTCOME,PENALIZE_POLICY,85,DEFENSIVE,,0x49bf796e,Flawed process caused loss. Penalize strategy parameters and raise adaptive HSI hurdle to 85.,,,,,,,,,,,,,,,,,,,EMERGENCY_UNWIND_SEVERE_CRASH
trd_1790403572164_993,So11111111111111111111111111111111111111112,SOL,123.66183295915103,120.27,115.63,115.91907499999999,0.28907499999999997,0.25,241573,TRAILING_TARGET,1,1790403572164,0,-2.74,1,0,GOOD_DECISION_GOOD_OUTCOME,REINFORCE,82,BALANCED,,0x764c884f,Sound decision process produced profitable outcome. Reinforce policy weights.,,,,,,,,,,,,,,,,,,,SOUND_DECISION_PROCESS
trd_1790403576393_665,EC9CztYxdZ8jTsa8fmwuDFddCz1yunUddcN8Exk3pump,ddoscat,0.00008346130707667586,0.00008109,71.71,72.78564999999999,1.07565,1.5,49714,TRAILING_TARGET,1,1790403576393,4.79,-2.84,0.3132,0,GOOD_DECISION_GOOD_OUTCOME,REINFORCE,82,BALANCED,,0x267e7d83,Sound decision process produced profitable outcome. Reinforce policy weights.,,,,,,,,,,,,,,,,,,,SOUND_DECISION_PROCESS
trd_1790403580193_717,EC9CztYxdZ8jTsa8fmwuDFddCz1yunUddcN8Exk3pump,ddoscat,0.00008278817213535212,0.00009297,41.48000000000004,45.990152249999994,4.510152249999955,10.873076783992165,1474,TRAILING_TARGET,1,1790403580193,12.3,0,0.884,1,GOOD_DECISION_GOOD_OUTCOME,REINFORCE,82,BALANCED,,0x5abef5eb,Sound decision process produced profitable outcome. Reinforce policy weights.,,,,,,,,,,,,,,,,,,,SOUND_DECISION_PROCESS
trd_1790403580470_392,693L8NbWor3m3TGdSML15GftutdewRvEKLRUhJFFpump,manifest,0.00012798858794871906,0.0001312,100,103.5,3.5,3.5,84103,TRAILING_TARGET,1,1790403580470,8.06,-2.1,0.4342,0.4538,GOOD_DECISION_GOOD_OUTCOME,REINFORCE,82,BALANCED,,0x3292915d,Sound decision process produced profitable outcome. Reinforce policy weights.,,,,,,,,,,,,,,,,,,,SOUND_DECISION_PROCESS
trd_1790403584096_171,693L8NbWor3m3TGdSML15GftutdewRvEKLRUhJFFpump,manifest,0.0001351114567218046,0.0001312,122.88,115.95728249999999,-6.9227175000000045,-5.633721923828129,1592,EMERGENCY_UNWIND,1,1790403584096,0,-2.89,0,0,GOOD_DECISION_BAD_OUTCOME,NEUTRAL_VARIANCE,82,BALANCED,,0x40bd6ba2,Sound decision met adverse tail variance. Do NOT penalize valid process.,,,,,,,,,,,,,,,,,,,SOUND_DECISION_PROCESS
trd_1790403591445_519,EC9CztYxdZ8jTsa8fmwuDFddCz1yunUddcN8Exk3pump,ddoscat,0.00008278817213535212,0.00009022,41.479999999999954,44.6432853,3.1632853000000485,7.626049421408032,12726,TRAILING_TARGET,1,1790403591445,12.3,0,0.62,0.7299,GOOD_DECISION_GOOD_OUTCOME,REINFORCE,82,BALANCED,,0x47e3f8c1,Sound decision process produced profitable outcome. Reinforce policy weights.,,,,,,,,,,,,,,,,,,,SOUND_DECISION_PROCESS
trd_1790403611094_72,EC9CztYxdZ8jTsa8fmwuDFddCz1yunUddcN8Exk3pump,ddoscat,0.00009216049561805304,0.00007234,85.51,73.5386,-11.971400000000001,-14,2550,STOP_LOSS,0,1790403611094,0,-2.11,0,0,BAD_DECISION_BAD_OUTCOME,PENALIZE_POLICY,85,DEFENSIVE,,0x5a692f93,Flawed process caused loss. Penalize strategy parameters and raise adaptive HSI hurdle to 85.,,,,,,,,,,,,,,,,,,,CATASTROPHIC_STOP_LOSS_VIOLATION
trd_1790403612327_267,693L8NbWor3m3TGdSML15GftutdewRvEKLRUhJFFpump,manifest,0.00013895318275297273,0.0001294,100,91.01331945000001,-8.986680549999988,-8.986680549999988,20130,EMERGENCY_UNWIND,0,1790403612327,0,-6.88,0,0,BAD_DECISION_BAD_OUTCOME,PENALIZE_POLICY,85,DEFENSIVE,,0x5943b587,Flawed process caused loss. Penalize strategy parameters and raise adaptive HSI hurdle to 85.,,,,,,,,,,,,,,,,,,,EMERGENCY_UNWIND_SEVERE_CRASH
trd_1790403615981_199,EC9CztYxdZ8jTsa8fmwuDFddCz1yunUddcN8Exk3pump,ddoscat,0.00007412885870464636,0.00007071,100,93.17926874999999,-6.820731250000008,-6.820731250000009,2962,EMERGENCY_UNWIND,1,1790403615981,0,-4.61,0,0,GOOD_DECISION_BAD_OUTCOME,NEUTRAL_VARIANCE,82,BALANCED,,0x619fe180,Sound decision met adverse tail variance. Do NOT penalize valid process.,,,,,,,,,,,,,,,,,,,SOUND_DECISION_PROCESS
trd_1790403616156_659,693L8NbWor3m3TGdSML15GftutdewRvEKLRUhJFFpump,manifest,0.000130443198885535,0.0001142,25,21.72679395,-3.2732060499999984,-13.092824199999994,2532,STOP_LOSS,0,1790403616156,0,-12.45,0,0,BAD_DECISION_BAD_OUTCOME,PENALIZE_POLICY,85,DEFENSIVE,,0x62b07e2f,Flawed process caused loss. Penalize strategy parameters and raise adaptive HSI hurdle to 85.,,,,,,,,,,,,,,,,,,,CATASTROPHIC_STOP_LOSS_VIOLATION
trd_1790403667428_553,693L8NbWor3m3TGdSML15GftutdewRvEKLRUhJFFpump,manifest,0.00011702399314446518,0.0001187,100,101.5,1.5,1.5,29304,TRAILING_TARGET,1,1790403667428,4.34,0,0.3456,0.3302,GOOD_DECISION_GOOD_OUTCOME,REINFORCE,82,BALANCED,,0x107c655d,Sound decision process produced profitable outcome. Reinforce policy weights.,,,,,,,,,,,,,,,,,,,SOUND_DECISION_PROCESS
trd_1790403695422_402,So11111111111111111111111111111111111111112,SOL,123.19705641300308,120.33,98.24,98.48559999999999,0.24559999999999998,0.25,120818,TRAILING_TARGET,1,1790403695422,0,-2.38,1,0.0205,GOOD_DECISION_GOOD_OUTCOME,REINFORCE,82,BALANCED,,0x56e6b545,Sound decision process produced profitable outcome. Reinforce policy weights.,,,,,,,,,,,,,,,,,,,SOUND_DECISION_PROCESS
trd_1790403698495_297,CbcyNo7m1amFWqEQm2m4PLv1UNvpcL3C1Ujm6AkzpKoU,e/acc,0.016662085188520588,0.01609,100,94.30644405,-5.693555950000005,-5.693555950000004,16061,EMERGENCY_UNWIND,1,1790403698495,0,-3.43,0,0,GOOD_DECISION_BAD_OUTCOME,NEUTRAL_VARIANCE,82,BALANCED,,0x722f72ce,Sound decision met adverse tail variance. Do NOT penalize valid process.,,,,,,,,,,,,,,,,,,,SOUND_DECISION_PROCESS
trd_1790403703450_599,693L8NbWor3m3TGdSML15GftutdewRvEKLRUhJFFpump,manifest,0.00012153279848453225,0.0001315,100,105.40269839999999,5.402698399999991,5.402698399999991,6928,TRAILING_TARGET,1,1790403703450,11.66,0,0.4634,0.7035,GOOD_DECISION_GOOD_OUTCOME,REINFORCE,82,BALANCED,,0x01808a92,Sound decision process produced profitable outcome. Reinforce policy weights.,,,,,,,,,,,,,,,,,,,SOUND_DECISION_PROCESS
trd_1790403730778_567,CbcyNo7m1amFWqEQm2m4PLv1UNvpcL3C1Ujm6AkzpKoU,e/acc,0.016508375915564567,0.01604,100,94.87646535,-5.123534649999997,-5.123534649999996,2158,EMERGENCY_UNWIND,1,1790403730778,0,-2.84,0,0,GOOD_DECISION_BAD_OUTCOME,NEUTRAL_VARIANCE,82,BALANCED,,0x4acc52b7,Sound decision met adverse tail variance. Do NOT penalize valid process.,,,,,,,,,,,,,,,,,,,SOUND_DECISION_PROCESS
trd_1790403790735_902,693L8NbWor3m3TGdSML15GftutdewRvEKLRUhJFFpump,manifest,0.00012419709254911723,0.0001209,100,95.05088355000001,-4.949116449999991,-4.949116449999991,1972,EMERGENCY_UNWIND,1,1790403790735,0,-2.65,0,0,GOOD_DECISION_BAD_OUTCOME,NEUTRAL_VARIANCE,82,BALANCED,,0x41ea97c4,Sound decision met adverse tail variance. Do NOT penalize valid process.,,,,,,,,,,,,,,,,,,,SOUND_DECISION_PROCESS
trd_1790403818620_672,So11111111111111111111111111111111111111112,SOL,122.41968275192768,120.44,66.87,67.037175,0.16717500000000002,0.25,120901,TRAILING_TARGET,1,1790403818620,0,-1.71,1,0.0526,GOOD_DECISION_GOOD_OUTCOME,REINFORCE,82,BALANCED,,0x035a22cd,Sound decision process produced profitable outcome. Reinforce policy weights.,,,,,,,,,,,,,,,,,,,SOUND_DECISION_PROCESS
trd_1790403838406_127,693L8NbWor3m3TGdSML15GftutdewRvEKLRUhJFFpump,manifest,0.00013833834566114552,0.0001117,100,86,-14,-14,3248,STOP_LOSS,0,1790403838406,0,-2.41,0,0,BAD_DECISION_BAD_OUTCOME,PENALIZE_POLICY,85,DEFENSIVE,,0x12cb348a,Flawed process caused loss. Penalize strategy parameters and raise adaptive HSI hurdle to 85.,,,,,,,,,,,,,,,,,,,CATASTROPHIC_STOP_LOSS_VIOLATION
trd_1790403889404_115,693L8NbWor3m3TGdSML15GftutdewRvEKLRUhJFFpump,manifest,0.00011446217192851816,0.0001071,100,91.4376108,-8.562389199999998,-8.562389199999998,8194,EMERGENCY_UNWIND,0,1790403889404,0,-6.43,0,0,BAD_DECISION_BAD_OUTCOME,PENALIZE_POLICY,85,DEFENSIVE,,0x375ffed5,Flawed process caused loss. Penalize strategy parameters and raise adaptive HSI hurdle to 85.,,,,,,,,,,,,,,,,,,,EMERGENCY_UNWIND_SEVERE_CRASH
trd_1790403992313_856,C8GczBtX3ocrYtFtk6zGKdGhKeu9uiaeAUaR5zpKwZzM,ALON,0.00005551978939200633,0.00005423,100,100.25,0.25,0.25,120918,TRAILING_TARGET,1,1790403992313,0,-2.41,1,0.0373,GOOD_DECISION_GOOD_OUTCOME,REINFORCE,82,BALANCED,,0x63add669,Sound decision process produced profitable outcome. Reinforce policy weights.,,,,,,,,,,,,,,,,,,,SOUND_DECISION_PROCESS
trd_1790404004705_633,So11111111111111111111111111111111111111112,SOL,122.13283203206691,120.32,52.35,52.480875000000005,0.130875,0.25,121206,TRAILING_TARGET,1,1790404004705,0,-1.48,1,0,GOOD_DECISION_GOOD_OUTCOME,REINFORCE,82,BALANCED,,0x3dd007f9,Sound decision process produced profitable outcome. Reinforce policy weights.,,,,,,,,,,,,,,,,,,,SOUND_DECISION_PROCESS
trd_1790404007826_932,So11111111111111111111111111111111111111112,SOL,123.88249314029389,120.32,121.96,115.1335932,-6.826406799999988,-5.597250573958664,2310,EMERGENCY_UNWIND,1,1790404007826,0,-2.88,0,0,GOOD_DECISION_BAD_OUTCOME,NEUTRAL_VARIANCE,82,BALANCED,,0x41a5bc18,Sound decision met adverse tail variance. Do NOT penalize valid process.,,,,,,,,,,,,,,,,,,,SOUND_DECISION_PROCESS
trd_1790404040120_285,So11111111111111111111111111111111111111112,SOL,123.83459026493145,120.38,117.86,111.45504869999999,-6.4049513000000085,-5.434372390972347,2511,EMERGENCY_UNWIND,1,1790404040120,0,-2.79,0,0,GOOD_DECISION_BAD_OUTCOME,NEUTRAL_VARIANCE,82,BALANCED,,0x4d175ae9,Sound decision met adverse tail variance. Do NOT penalize valid process.,,,,,,,,,,,,,,,,,,,SOUND_DECISION_PROCESS
trd_1790441595994_459,SaPFjDCz4bcrqVkU6JWjskJftp9jENNxP5T9Ur1pump,TIFFANY,0.00011923318379281544,0.000115,35.75,34.133659800000004,-1.6163401999999962,-4.521231328671318,3970,EMERGENCY_UNWIND,1,1790441595994,0,-3.55,0,0,GOOD_DECISION_BAD_OUTCOME,NEUTRAL_VARIANCE,82,BALANCED,,0x737b8318,Sound decision met adverse tail variance. Do NOT penalize valid process.,,,,,,,,,,,,,,,,,,,SOUND_DECISION_PROCESS
trd_1790441597692_883,J77QVaVJwY3Tww67NG1PYEW1EhbNfGvCMTWA8Taypump,Randomcoin,0.000055385210769924835,0.00005394,109.29,103.7248491,-5.565150900000007,-5.092095251166627,1118,EMERGENCY_UNWIND,1,1790441597692,0,-2.61,0,0,GOOD_DECISION_BAD_OUTCOME,NEUTRAL_VARIANCE,82,BALANCED,,0x1ff18715,Sound decision met adverse tail variance. Do NOT penalize valid process.,,,,,,,,,,,,,,,,,,,SOUND_DECISION_PROCESS
trd_1790441623959_618,SaPFjDCz4bcrqVkU6JWjskJftp9jENNxP5T9Ur1pump,TIFFANY,0.00011797912604511287,0.0001146,121.41,114.64086585,-6.769134149999998,-5.575433778107239,1354,EMERGENCY_UNWIND,1,1790441623959,0,-2.86,0,0,GOOD_DECISION_BAD_OUTCOME,NEUTRAL_VARIANCE,82,BALANCED,,0x5458b565,Sound decision met adverse tail variance. Do NOT penalize valid process.,,,,,,,,,,,,,,,,,,,SOUND_DECISION_PROCESS
trd_1790441641993_536,BY5hK5yhx8NmftPhpo3jgJ7NraDXdicNmyLQd7w2pump,STONX,0.00018719398530492928,0.0001803,79.31,74.92942125,-4.380578749999998,-5.523362438532339,1841,EMERGENCY_UNWIND,1,1790441641993,0,-3.68,0,0,GOOD_DECISION_BAD_OUTCOME,NEUTRAL_VARIANCE,82,BALANCED,,0x126cc1cc,Sound decision met adverse tail variance. Do NOT penalize valid process.,,,,,,,,,,,,,,,,,,,SOUND_DECISION_PROCESS
trd_1790441658046_395,SaPFjDCz4bcrqVkU6JWjskJftp9jENNxP5T9Ur1pump,TIFFANY,0.0001175321860451129,0.0001329,51.93000000000006,57.820649849999995,5.890649849999939,11.34344280762552,19997,TRAILING_TARGET,1,1790441658046,13.08,-2.49,0.8672,1,GOOD_DECISION_GOOD_OUTCOME,REINFORCE,82,BALANCED,,0x77e8ee73,Sound decision process produced profitable outcome. Reinforce policy weights.,,,,,,,,,,,,,,,,,,,SOUND_DECISION_PROCESS
trd_1790441690645_566,SaPFjDCz4bcrqVkU6JWjskJftp9jENNxP5T9Ur1pump,TIFFANY,0.0001175321860451129,0.0001395,51.929999999999936,60.6534012,8.723401200000062,16.79838474870031,52596,TRAILING_TARGET,1,1790441690645,18.69,-2.49,0.8988,1,GOOD_DECISION_GOOD_OUTCOME,REINFORCE,82,BALANCED,,0x7a6fa8d6,Sound decision process produced profitable outcome. Reinforce policy weights.,,,,,,,,,,,,,,,,,,,SOUND_DECISION_PROCESS
trd_1790441736273_221,SaPFjDCz4bcrqVkU6JWjskJftp9jENNxP5T9Ur1pump,TIFFANY,0.00014300387406015056,0.0001638,50.87500000000008,57.386460899999996,6.511460899999918,12.798940343980162,44766,TRAILING_TARGET,1,1790441736273,14.54,-2.45,0.8803,1,GOOD_DECISION_GOOD_OUTCOME,REINFORCE,82,BALANCED,,0x103c3e25,Sound decision process produced profitable outcome. Reinforce policy weights.,,,,,,,,,,,,,,,,,,,SOUND_DECISION_PROCESS
trd_1790441749550_819,SaPFjDCz4bcrqVkU6JWjskJftp9jENNxP5T9Ur1pump,TIFFANY,0.00014300387406015056,0.0001604,50.87499999999993,56.2101681,5.335168100000068,10.486816904177052,58043,TRAILING_TARGET,1,1790441749550,14.54,-2.45,0.7212,0.8601,GOOD_DECISION_GOOD_OUTCOME,REINFORCE,82,BALANCED,,0x551a6eb9,Sound decision process produced profitable outcome. Reinforce policy weights.,,,,,,,,,,,,,,,,,,,SOUND_DECISION_PROCESS
trd_1790441750316_155,2hMsQvjj64bSsdTzjhD6yAh3Xy7ngxhoxqhtXbspfpJS,L/0,0.00007236633780116961,0.00006895,40.7,38.35197915,-2.3480208500000046,-5.769092997543009,14830,EMERGENCY_UNWIND,1,1790441750316,0,-4.72,0,0,GOOD_DECISION_BAD_OUTCOME,NEUTRAL_VARIANCE,82,BALANCED,,0x5336d9ca,Sound decision met adverse tail variance. Do NOT penalize valid process.,,,,,,,,,,,,,,,,,,,SOUND_DECISION_PROCESS
trd_1790441773409_527,So11111111111111111111111111111111111111112,SOL,123.96690060153512,121.6,76.69,76.881725,0.191725,0.25,121374,TRAILING_TARGET,1,1790441773409,0,-2,1,0.0444,GOOD_DECISION_GOOD_OUTCOME,REINFORCE,82,BALANCED,,0x3e6bba66,Sound decision process produced profitable outcome. Reinforce policy weights.,,,,,,,,,,,,,,,,,,,SOUND_DECISION_PROCESS
trd_1790441784397_431,2hMsQvjj64bSsdTzjhD6yAh3Xy7ngxhoxqhtXbspfpJS,L/0,0.00006999295601754387,0.00005178,56.79,48.8394,-7.9506,-14,32178,STOP_LOSS,0,1790441784397,0,-26.02,0,0,BAD_DECISION_BAD_OUTCOME,PENALIZE_POLICY,85,DEFENSIVE,,0x02b21d02,Flawed process caused loss. Penalize strategy parameters and raise adaptive HSI hurdle to 85.,,,,,,,,,,,,,,,,,,,CATASTROPHIC_STOP_LOSS_VIOLATION
trd_1790441801390_824,2hMsQvjj64bSsdTzjhD6yAh3Xy7ngxhoxqhtXbspfpJS,L/0,0.00005256381336942357,0.00004779,56.84,58.82940000000001,1.9894,3.5,15875,TRAILING_TARGET,1,1790441801390,8.46,-1.49,0.4137,0,GOOD_DECISION_GOOD_OUTCOME,REINFORCE,82,BALANCED,,0x65c8efa3,Sound decision process produced profitable outcome. Reinforce policy weights.,,,,,,,,,,,,,,,,,,,SOUND_DECISION_PROCESS
trd_1790441836372_981,Gs8f8yPJbkBmwU1QqwNrdSoC5XQWqJs5kCk74YmKpump,Paidrop,0.00015251368732497922,0.000127,58.04,49.9144,-8.125599999999999,-14,34068,STOP_LOSS,0,1790441836372,0,-16.73,0,0,BAD_DECISION_BAD_OUTCOME,PENALIZE_POLICY,85,DEFENSIVE,,0x4ace934c,Flawed process caused loss. Penalize strategy parameters and raise adaptive HSI hurdle to 85.,,,,,,,,,,,,,,,,,,,CATASTROPHIC_STOP_LOSS_VIOLATION
trd_1790441866220_791,Gs8f8yPJbkBmwU1QqwNrdSoC5XQWqJs5kCk74YmKpump,Paidrop,0.00012881858907268183,0.0001966,53.16,79.49902965,26.339029649999997,49.546707392776526,28778,TRAILING_TARGET,1,1790441866220,0,-1.41,1,1,GOOD_DECISION_GOOD_OUTCOME,REINFORCE,82,BALANCED,,0x02e0f289,Sound decision process produced profitable outcome. Reinforce policy weights.,,,,,,,,,,,,,,,,,,,SOUND_DECISION_PROCESS
trd_1790441895298_369,So11111111111111111111111111111111111111112,SOL,123.76497179281411,121.6,68.84,69.0121,0.1721,0.25,120818,TRAILING_TARGET,1,1790441895298,0,-1.85,1,0.0525,GOOD_DECISION_GOOD_OUTCOME,REINFORCE,82,BALANCED,,0x3549711b,Sound decision process produced profitable outcome. Reinforce policy weights.,,,,,,,,,,,,,,,,,,,SOUND_DECISION_PROCESS
trd_1790441931220_531,Gs8f8yPJbkBmwU1QqwNrdSoC5XQWqJs5kCk74YmKpump,Paidrop,0.00020010595449624093,0.0002124,68.97,71.8582491,2.888249099999996,4.187688995215305,63711,TRAILING_TARGET,1,1790441931220,8.49,-1.75,0.4932,0.7707,GOOD_DECISION_GOOD_OUTCOME,REINFORCE,82,BALANCED,,0x44bb472f,Sound decision process produced profitable outcome. Reinforce policy weights.,,,,,,,,,,,,,,,,,,,SOUND_DECISION_PROCESS
trd_1790441965347_789,SaPFjDCz4bcrqVkU6JWjskJftp9jENNxP5T9Ur1pump,TIFFANY,0.00016381182190142028,0.0001746,84.44,88.01995725,3.5799572500000068,4.239646198484139,214695,TRAILING_TARGET,1,1790441965347,11.1,-9.96,0.382,0.7855,GOOD_DECISION_GOOD_OUTCOME,REINFORCE,82,BALANCED,,0x310a6c8e,Sound decision process produced profitable outcome. Reinforce policy weights.,,,,,,,,,,,,,,,,,,,SOUND_DECISION_PROCESS
trd_1790441965379_221,Gs8f8yPJbkBmwU1QqwNrdSoC5XQWqJs5kCk74YmKpump,Paidrop,0.00021626984282706782,0.0003112,35.3550000000001,50.18075895,14.825758949999894,41.933980907933396,33120,TRAILING_TARGET,1,1790441965379,43.89,-1.79,0.9554,1,GOOD_DECISION_GOOD_OUTCOME,REINFORCE,82,BALANCED,,0x12081e9b,Sound decision process produced profitable outcome. Reinforce policy weights.,,,,,,,,,,,,,,,,,,,SOUND_DECISION_PROCESS
trd_1790441966338_845,Gs8f8yPJbkBmwU1QqwNrdSoC5XQWqJs5kCk74YmKpump,Paidrop,0.00021626984282706782,0.0003112,35.35499999999988,50.18075895,14.825758950000115,41.93398090793428,34079,TRAILING_TARGET,1,1790441966338,43.89,-1.79,0.9554,1,GOOD_DECISION_GOOD_OUTCOME,REINFORCE,82,BALANCED,,0x614b4d80,Sound decision process produced profitable outcome. Reinforce policy weights.,,,,,,,,,,,,,,,,,,,SOUND_DECISION_PROCESS
trd_1790441967137_194,8k4sBtEeK4pf26noKqApv8NBTnuSJcbdwpKYknk5PbAA,CALI,0.007074461378295831,0.006887,111.21,105.46156245,-5.748437549999992,-5.1689933908821075,908,EMERGENCY_UNWIND,1,1790441967137,0,-2.65,0,0,GOOD_DECISION_BAD_OUTCOME,NEUTRAL_VARIANCE,82,BALANCED,,0x7d2aeffd,Sound decision met adverse tail variance. Do NOT penalize valid process.,,,,,,,,,,,,,,,,,,,SOUND_DECISION_PROCESS
trd_1790441979446_749,Gs8f8yPJbkBmwU1QqwNrdSoC5XQWqJs5kCk74YmKpump,Paidrop,0.00031841902365246515,0.0001635,93.11,80.0746,-13.0354,-14,11231,STOP_LOSS,0,1790441979446,0,-48.65,0,0,BAD_DECISION_BAD_OUTCOME,PENALIZE_POLICY,85,DEFENSIVE,,0x11d0a7e4,Flawed process caused loss. Penalize strategy parameters and raise adaptive HSI hurdle to 85.,,,,,,,,,,,,,,,,,,,CATASTROPHIC_STOP_LOSS_VIOLATION
trd_1790442017474_612,So11111111111111111111111111111111111111112,SOL,123.7690251909596,121.5,68.99,69.162475,0.172475,0.25,120913,OPERATOR_CLOSE,1,1790442017474,0,-1.83,1,0,GOOD_DECISION_GOOD_OUTCOME,REINFORCE,82,BALANCED,,0x08730957,Sound decision process produced profitable outcome. Reinforce policy weights.,,,,,,,,,,,,,,,,,,,SOUND_DECISION_PROCESS
trd_1790442088937_330,Ce2gx9KGXJ6C9Mp5b5x1sn9Mg87JwEbrQby4Zqo3pump,neet,0.04495169904487317,0.04409,74.59,74.776475,0.186475,0.25,121518,TRAILING_TARGET,1,1790442088937,0,-1.92,1,0,GOOD_DECISION_GOOD_OUTCOME,REINFORCE,82,BALANCED,,0x4c169041,Sound decision process produced profitable outcome. Reinforce policy weights.,,,,,,,,,,,,,,,,,,,SOUND_DECISION_PROCESS
trd_1790442101312_414,8k4sBtEeK4pf26noKqApv8NBTnuSJcbdwpKYknk5PbAA,CALI,0.0070460283138851386,0.006878,85.29,85.503225,0.21322500000000003,0.25,120806,TRAILING_TARGET,1,1790442101312,0,-2.71,1,0.1204,GOOD_DECISION_GOOD_OUTCOME,REINFORCE,82,BALANCED,,0x07b5c826,Sound decision process produced profitable outcome. Reinforce policy weights.,,,,,,,,,,,,,,,,,,,SOUND_DECISION_PROCESS
trd_1790442139241_888,CbcyNo7m1amFWqEQm2m4PLv1UNvpcL3C1Ujm6AkzpKoU,e/acc,0.01676762459293464,0.0164,75.61,75.799025,0.189025,0.25,120801,TRAILING_TARGET,1,1790442139241,0,-2.19,1,0,GOOD_DECISION_GOOD_OUTCOME,REINFORCE,82,BALANCED,,0x31a3383c,Sound decision process produced profitable outcome. Reinforce policy weights.,,,,,,,,,,,,,,,,,,,SOUND_DECISION_PROCESS
trd_1790442210868_125,Ce2gx9KGXJ6C9Mp5b5x1sn9Mg87JwEbrQby4Zqo3pump,neet,0.04493641234203042,0.04409,75.11,75.297775,0.187775,0.25,120902,TRAILING_TARGET,1,1790442210868,0,-1.88,1,0,GOOD_DECISION_GOOD_OUTCOME,REINFORCE,82,BALANCED,,0x38884655,Sound decision process produced profitable outcome. Reinforce policy weights.,,,,,,,,,,,,,,,,,,,SOUND_DECISION_PROCESS
trd_1790442261273_55,CbcyNo7m1amFWqEQm2m4PLv1UNvpcL3C1Ujm6AkzpKoU,e/acc,0.016725442312448442,0.01668,78.02,78.21504999999999,0.19505,0.25,120639,TRAILING_TARGET,1,1790442261273,0,-1.95,1,0.8604,GOOD_DECISION_GOOD_OUTCOME,REINFORCE,82,BALANCED,,0x1ccc7efb,Sound decision process produced profitable outcome. Reinforce policy weights.,,,,,,,,,,,,,,,,,,,SOUND_DECISION_PROCESS
trd_1790442265254_519,8k4sBtEeK4pf26noKqApv8NBTnuSJcbdwpKYknk5PbAA,CALI,0.0070195770507942255,0.006852,81.35,81.55337499999999,0.20337499999999997,0.25,163166,TRAILING_TARGET,1,1790442265254,0,-3.23,1,0.2604,GOOD_DECISION_GOOD_OUTCOME,REINFORCE,82,BALANCED,,0x3f27d1a8,Sound decision process produced profitable outcome. Reinforce policy weights.,,,,,,,,,,,,,,,,,,,SOUND_DECISION_PROCESS
trd_1790442332586_48,Ce2gx9KGXJ6C9Mp5b5x1sn9Mg87JwEbrQby4Zqo3pump,neet,0.04494895341057669,0.04425,76.39,76.580975,0.190975,0.25,120878,TRAILING_TARGET,1,1790442332586,0,-1.93,1,0.1956,GOOD_DECISION_GOOD_OUTCOME,REINFORCE,82,BALANCED,,0x12b73a28,Sound decision process produced profitable outcome. Reinforce policy weights.,,,,,,,,,,,,,,,,,,,SOUND_DECISION_PROCESS
trd_1790442384237_334,CbcyNo7m1amFWqEQm2m4PLv1UNvpcL3C1Ujm6AkzpKoU,e/acc,0.017008997044613085,0.01671,77.48,77.67370000000001,0.1937,0.25,121462,TRAILING_TARGET,1,1790442384237,0,-2.11,1,0.1671,GOOD_DECISION_GOOD_OUTCOME,REINFORCE,82,BALANCED,,0x3addb03c,Sound decision process produced profitable outcome. Reinforce policy weights.,,,,,,,,,,,,,,,,,,,SOUND_DECISION_PROCESS
trd_1790442387454_592,8k4sBtEeK4pf26noKqApv8NBTnuSJcbdwpKYknk5PbAA,CALI,0.0069908796660744345,0.00688,79.93,80.12982500000001,0.19982500000000003,0.25,120757,TRAILING_TARGET,1,1790442387454,0,-2.8,1,0.4339,GOOD_DECISION_GOOD_OUTCOME,REINFORCE,82,BALANCED,,0x60ce0b18,Sound decision process produced profitable outcome. Reinforce policy weights.,,,,,,,,,,,,,,,,,,,SOUND_DECISION_PROCESS
trd_1790442390715_757,CbcyNo7m1amFWqEQm2m4PLv1UNvpcL3C1Ujm6AkzpKoU,e/acc,0.0170406656001912,0.0166,77.77,74.3214021,-3.448597899999996,-4.434355021216403,5191,EMERGENCY_UNWIND,1,1790442390715,0,-2.59,0,0,GOOD_DECISION_BAD_OUTCOME,NEUTRAL_VARIANCE,82,BALANCED,,0x2e1a8f62,Sound decision met adverse tail variance. Do NOT penalize valid process.,,,,,,,,,,,,,,,,,,,SOUND_DECISION_PROCESS
trd_1790442391340_532,Gs8f8yPJbkBmwU1QqwNrdSoC5XQWqJs5kCk74YmKpump,Paidrop,0.00016780674927744784,0.0001605,79.18,74.29573605,-4.884263950000005,-6.168557653447846,2891,EMERGENCY_UNWIND,1,1790442391340,0,-4.35,0,0,GOOD_DECISION_BAD_OUTCOME,NEUTRAL_VARIANCE,82,BALANCED,,0x65e1f174,Sound decision met adverse tail variance. Do NOT penalize valid process.,,,,,,,,,,,,,,,,,,,SOUND_DECISION_PROCESS
trd_1790442427030_368,SaPFjDCz4bcrqVkU6JWjskJftp9jENNxP5T9Ur1pump,TIFFANY,0.00013161166019762393,0.0001229,76.27,69.9393075,-6.330692499999998,-8.300370394650582,35643,EMERGENCY_UNWIND,0,1790442427030,0,-6.62,0,0,BAD_DECISION_BAD_OUTCOME,PENALIZE_POLICY,85,DEFENSIVE,,0x1d6f1f95,Flawed process caused loss. Penalize strategy parameters and raise adaptive HSI hurdle to 85.,,,,,,,,,,,,,,,,,,,EMERGENCY_UNWIND_SEVERE_CRASH
trd_1790442430837_502,SaPFjDCz4bcrqVkU6JWjskJftp9jENNxP5T9Ur1pump,TIFFANY,0.00012536177427234762,0.000122,78.86,75.27284985,-3.5871501499999994,-4.548757481612984,2671,EMERGENCY_UNWIND,1,1790442430837,0,-2.68,0,0,GOOD_DECISION_BAD_OUTCOME,NEUTRAL_VARIANCE,82,BALANCED,,0x5f1c08d9,Sound decision met adverse tail variance. Do NOT penalize valid process.,,,,,,,,,,,,,,,,,,,SOUND_DECISION_PROCESS
trd_1790442433916_641,Gs8f8yPJbkBmwU1QqwNrdSoC5XQWqJs5kCk74YmKpump,Paidrop,0.0001013231704150376,0.00009075,76.71,76.901775,0.19177499999999997,0.25,1757,TRAILING_TARGET,1,1790442433916,0,-1.92,1,0,GOOD_DECISION_GOOD_OUTCOME,REINFORCE,82,BALANCED,,0x161dca62,Sound decision process produced profitable outcome. Reinforce policy weights.,,,,,,,,,,,,,,,,,,,SOUND_DECISION_PROCESS
trd_1790442454389_901,Ce2gx9KGXJ6C9Mp5b5x1sn9Mg87JwEbrQby4Zqo3pump,neet,0.04512711550337958,0.04426,77.92,78.1148,0.1948,0.25,121089,TRAILING_TARGET,1,1790442454389,0,-2.41,1,0.2024,GOOD_DECISION_GOOD_OUTCOME,REINFORCE,82,BALANCED,,0x40fed7db,Sound decision process produced profitable outcome. Reinforce policy weights.,,,,,,,,,,,,,,,,,,,SOUND_DECISION_PROCESS
trd_1790442513374_518,CbcyNo7m1amFWqEQm2m4PLv1UNvpcL3C1Ujm6AkzpKoU,e/acc,0.01687636485959225,0.01651,63.64,63.7991,0.1591,0.25,121559,TRAILING_TARGET,1,1790442513374,0,-2.88,1,0.2467,GOOD_DECISION_GOOD_OUTCOME,REINFORCE,82,BALANCED,,0x6b94e158,Sound decision process produced profitable outcome. Reinforce policy weights.,,,,,,,,,,,,,,,,,,,SOUND_DECISION_PROCESS
trd_1790442556196_327,So11111111111111111111111111111111111111112,SOL,123.77696341711672,121.14,76.83,77.022075,0.192075,0.25,121004,TRAILING_TARGET,1,1790442556196,0,-2.16,1,0.0149,GOOD_DECISION_GOOD_OUTCOME,REINFORCE,82,BALANCED,,0x5ac103dc,Sound decision process produced profitable outcome. Reinforce policy weights.,,,,,,,,,,,,,,,,,,,SOUND_DECISION_PROCESS
trd_1790442576455_689,Ce2gx9KGXJ6C9Mp5b5x1sn9Mg87JwEbrQby4Zqo3pump,neet,0.04513416642942653,0.04427,77.6,77.794,0.19399999999999998,0.25,120855,TRAILING_TARGET,1,1790442576455,0,-1.96,1,0.0226,GOOD_DECISION_GOOD_OUTCOME,REINFORCE,82,BALANCED,,0x3aaeaea8,Sound decision process produced profitable outcome. Reinforce policy weights.,,,,,,,,,,,,,,,,,,,SOUND_DECISION_PROCESS
trd_1790442678027_871,So11111111111111111111111111111111111111112,SOL,123.43407396209443,121.15,73.94,74.12485,0.18485,0.25,121099,OPERATOR_CLOSE,1,1790442678027,0,-1.86,1,0.0044,GOOD_DECISION_GOOD_OUTCOME,REINFORCE,82,BALANCED,,0x579ce6fb,Sound decision process produced profitable outcome. Reinforce policy weights.,,,,,,,,,,,,,,,,,,,SOUND_DECISION_PROCESS
trd_1790442698234_387,Ce2gx9KGXJ6C9Mp5b5x1sn9Mg87JwEbrQby4Zqo3pump,neet,0.045131082936516215,0.04427,76.25,76.440625,0.190625,0.25,120733,TRAILING_TARGET,1,1790442698234,0,-1.91,1,0,GOOD_DECISION_GOOD_OUTCOME,REINFORCE,82,BALANCED,,0x5cd4dc45,Sound decision process produced profitable outcome. Reinforce policy weights.,,,,,,,,,,,,,,,,,,,SOUND_DECISION_PROCESS
trd_1790442734078_568,SaPFjDCz4bcrqVkU6JWjskJftp9jENNxP5T9Ur1pump,TIFFANY,0.00015022543481809443,0.0001929,74.98,94.03205295,19.05205294999999,25.409513136836477,55258,TRAILING_TARGET,1,1790442734078,28.41,-1.88,0.8944,1,GOOD_DECISION_GOOD_OUTCOME,REINFORCE,82,BALANCED,,0x404fcd40,Sound decision process produced profitable outcome. Reinforce policy weights.,,,,,,,,,,,,,,,,,,,SOUND_DECISION_PROCESS
trd_1790442740055_855,SaPFjDCz4bcrqVkU6JWjskJftp9jENNxP5T9Ur1pump,TIFFANY,0.00019710257064661698,0.0001912,86.76,82.41391665,-4.346083350000001,-5.009316908713694,4924,EMERGENCY_UNWIND,1,1790442740055,0,-2.99,0,0,GOOD_DECISION_BAD_OUTCOME,NEUTRAL_VARIANCE,82,BALANCED,,0x4851b052,Sound decision met adverse tail variance. Do NOT penalize valid process.,,,,,,,,,,,,,,,,,,,SOUND_DECISION_PROCESS
trd_1790442820101_769,Ce2gx9KGXJ6C9Mp5b5x1sn9Mg87JwEbrQby4Zqo3pump,neet,0.04512724620319405,0.04403,75.86,76.04965,0.18964999999999999,0.25,120551,OPERATOR_CLOSE,1,1790442820101,0,-2.43,1,0,GOOD_DECISION_GOOD_OUTCOME,REINFORCE,82,BALANCED,,0x63c64827,Sound decision process produced profitable outcome. Reinforce policy weights.,,,,,,,,,,,,,,,,,,,SOUND_DECISION_PROCESS
trd_1790442862146_532,So11111111111111111111111111111111111111112,SOL,123.66501521921757,121.12,84.15,84.360375,0.210375,0.25,121103,TRAILING_TARGET,1,1790442862146,0,-2.13,1,0.0356,GOOD_DECISION_GOOD_OUTCOME,REINFORCE,82,BALANCED,,0x43249aab,Sound decision process produced profitable outcome. Reinforce policy weights.,,,,,,,,,,,,,,,,,,,SOUND_DECISION_PROCESS
trd_1790442864435_652,VH8jXt2XqqyEtnSfmBwSmt4U8ZXhGxrj3dYDRCG2vbC,gork,0.00006566818104127097,0.00006247,82.33,76.79137575,-5.538624249999998,-6.727346350054655,1540,EMERGENCY_UNWIND,1,1790442864435,0,-4.87,0,0,GOOD_DECISION_BAD_OUTCOME,NEUTRAL_VARIANCE,82,BALANCED,,0x68d6be2f,Sound decision met adverse tail variance. Do NOT penalize valid process.,,,,,,,,,,,,,,,,,,,SOUND_DECISION_PROCESS
trd_1790442942144_987,Ce2gx9KGXJ6C9Mp5b5x1sn9Mg87JwEbrQby4Zqo3pump,neet,0.044916159477193324,0.04403,79.29,79.488225,0.198225,0.25,120984,TRAILING_TARGET,1,1790442942144,0,-2.02,1,0.0221,GOOD_DECISION_GOOD_OUTCOME,REINFORCE,82,BALANCED,,0x4e1c0af8,Sound decision process produced profitable outcome. Reinforce policy weights.,,,,,,,,,,,,,,,,,,,SOUND_DECISION_PROCESS
trd_1790442986811_950,So11111111111111111111111111111111111111112,SOL,123.54988773451781,121.095,79,79.1975,0.1975,0.25,121537,TRAILING_TARGET,1,1790442986811,0,-1.99,1,0,GOOD_DECISION_GOOD_OUTCOME,REINFORCE,82,BALANCED,,0x37ba15bc,Sound decision process produced profitable outcome. Reinforce policy weights.,,,,,,,,,,,,,,,,,,,SOUND_DECISION_PROCESS
trd_1790443030010_412,SaPFjDCz4bcrqVkU6JWjskJftp9jENNxP5T9Ur1pump,TIFFANY,0.00021555033175506456,0.0002481,79.24,89.1749265,9.934926500000003,12.537766910651191,42370,TRAILING_TARGET,1,1790443030010,9.26,-1.97,1,1,GOOD_DECISION_GOOD_OUTCOME,REINFORCE,82,BALANCED,,0x0de990be,Sound decision process produced profitable outcome. Reinforce policy weights.,,,,,,,,,,,,,,,,,,,SOUND_DECISION_PROCESS
trd_1790443064750_45,Ce2gx9KGXJ6C9Mp5b5x1sn9Mg87JwEbrQby4Zqo3pump,neet,0.04489585466823612,0.04424,79.3,79.49825,0.19824999999999998,0.25,121601,TRAILING_TARGET,1,1790443064750,0,-1.97,1,0.2596,GOOD_DECISION_GOOD_OUTCOME,REINFORCE,82,BALANCED,,0x5a8947b6,Sound decision process produced profitable outcome. Reinforce policy weights.,,,,,,,,,,,,,,,,,,,SOUND_DECISION_PROCESS
trd_1790443176204_855,SaPFjDCz4bcrqVkU6JWjskJftp9jENNxP5T9Ur1pump,TIFFANY,0.0002534191645112786,0.0002544,85.2,85.413,0.213,0.25,145103,TRAILING_TARGET,1,1790443176204,0,-4.39,1,1,GOOD_DECISION_GOOD_OUTCOME,REINFORCE,82,BALANCED,,0x040b8147,Sound decision process produced profitable outcome. Reinforce policy weights.,,,,,,,,,,,,,,,,,,,SOUND_DECISION_PROCESS
trd_1790443186548_507,Ce2gx9KGXJ6C9Mp5b5x1sn9Mg87JwEbrQby4Zqo3pump,neet,0.04515486545965082,0.04424,81.78,81.98445,0.20445,0.25,120770,TRAILING_TARGET,1,1790443186548,0,-2.03,1,0,GOOD_DECISION_GOOD_OUTCOME,REINFORCE,82,BALANCED,,0x0b704f8a,Sound decision process produced profitable outcome. Reinforce policy weights.,,,,,,,,,,,,,,,,,,,SOUND_DECISION_PROCESS
trd_1790443298202_963,nDZknLvfFRp5rgUHdzTrQsmSY5NKzoavqdLjSHVpump,COLLECT,0.004241915436457912,0.004201,83.96,84.1699,0.20989999999999998,0.25,120644,TRAILING_TARGET,1,1790443298202,0,-2.07,1,0.5346,GOOD_DECISION_GOOD_OUTCOME,REINFORCE,82,BALANCED,,0x69be40a3,Sound decision process produced profitable outcome. Reinforce policy weights.,,,,,,,,,,,,,,,,,,,SOUND_DECISION_PROCESS
trd_1790443308340_892,Ce2gx9KGXJ6C9Mp5b5x1sn9Mg87JwEbrQby4Zqo3pump,neet,0.04516459825967013,0.04427,82.77,82.976925,0.206925,0.25,120916,TRAILING_TARGET,1,1790443308340,0,-2.05,1,0.0324,GOOD_DECISION_GOOD_OUTCOME,REINFORCE,82,BALANCED,,0x24ca1377,Sound decision process produced profitable outcome. Reinforce policy weights.,,,,,,,,,,,,,,,,,,,SOUND_DECISION_PROCESS
trd_1790443403357_615,25UThw41PUqCTRpGSBzoZRB1MYEZsjVo7AUAn7Nupump,E/DOG,0.00016381449812030076,0.0001593,116.25,110.0070738,-6.242926199999999,-5.370259096774193,1179,EMERGENCY_UNWIND,1,1790443403357,0,-2.76,0,0,GOOD_DECISION_BAD_OUTCOME,NEUTRAL_VARIANCE,82,BALANCED,,0x26683be8,Sound decision met adverse tail variance. Do NOT penalize valid process.,,,,,,,,,,,,,,,,,,,SOUND_DECISION_PROCESS
trd_1790443405146_477,25UThw41PUqCTRpGSBzoZRB1MYEZsjVo7AUAn7Nupump,E/DOG,0.00016368174812030095,0.0001468,112.5,112.78125,0.28125,0.25,1336,TRAILING_TARGET,1,1790443405146,0,-10.31,1,0,GOOD_DECISION_GOOD_OUTCOME,REINFORCE,82,BALANCED,,0x5b2821b0,Sound decision process produced profitable outcome. Reinforce policy weights.,,,,,,,,,,,,,,,,,,,SOUND_DECISION_PROCESS
trd_1790443411435_443,J6pQQ3FAcJQeWPPGppWRb4nM8jU3wLyYbRrLh7feMfvd,2Z,0.07133210749576283,0.06942,112.67,106.78030575,-5.889694250000006,-5.227384618798265,2218,EMERGENCY_UNWIND,1,1790443411435,0,-2.68,0,0,GOOD_DECISION_BAD_OUTCOME,NEUTRAL_VARIANCE,82,BALANCED,,0x05f4fa79,Sound decision met adverse tail variance. Do NOT penalize valid process.,,,,,,,,,,,,,,,,,,,SOUND_DECISION_PROCESS
trd_1790443431630_196,So11111111111111111111111111111111111111112,SOL,124.24458546388303,121.0065,109.14,103.58904975,-5.55095025,-5.086082325453545,1263,EMERGENCY_UNWIND,1,1790443431630,0,-2.61,0,0,GOOD_DECISION_BAD_OUTCOME,NEUTRAL_VARIANCE,82,BALANCED,,0x7fa29419,Sound decision met adverse tail variance. Do NOT penalize valid process.,,,,,,,,,,,,,,,,,,,SOUND_DECISION_PROCESS
trd_1790443434342_917,25UThw41PUqCTRpGSBzoZRB1MYEZsjVo7AUAn7Nupump,E/DOG,0.00010152451098868013,0.00009048,43.66,43.769149999999996,0.10915,0.25,2809,TRAILING_TARGET,1,1790443434342,0,-1.21,1,0,GOOD_DECISION_GOOD_OUTCOME,REINFORCE,82,BALANCED,,0x020f3864,Sound decision process produced profitable outcome. Reinforce policy weights.,,,,,,,,,,,,,,,,,,,SOUND_DECISION_PROCESS
trd_1790443437521_612,25UThw41PUqCTRpGSBzoZRB1MYEZsjVo7AUAn7Nupump,E/DOG,0.00009283566065513375,0.00009048,105.88,100.63342035000001,-5.246579649999986,-4.955213118624846,1022,EMERGENCY_UNWIND,1,1790443437521,0,-2.54,0,0,GOOD_DECISION_BAD_OUTCOME,NEUTRAL_VARIANCE,82,BALANCED,,0x79df6f5a,Sound decision met adverse tail variance. Do NOT penalize valid process.,,,,,,,,,,,,,,,,,,,SOUND_DECISION_PROCESS
trd_1790443465474_714,25UThw41PUqCTRpGSBzoZRB1MYEZsjVo7AUAn7Nupump,E/DOG,0.00009202382998943113,0.00006037,102.73,88.3478,-14.382200000000001,-14,16081,EMERGENCY_UNWIND,0,1790443465474,0,-34.4,0,0,BAD_DECISION_BAD_OUTCOME,PENALIZE_POLICY,85,DEFENSIVE,,0x5374fcf4,Flawed process caused loss. Penalize strategy parameters and raise adaptive HSI hurdle to 85.,,,,,,,,,,,,,,,,,,,CATASTROPHIC_STOP_LOSS_VIOLATION
trd_1790443466048_911,SaPFjDCz4bcrqVkU6JWjskJftp9jENNxP5T9Ur1pump,TIFFANY,0.00020990329573934837,0.0001876,56.25,56.390625,0.140625,0.25,64586,TRAILING_TARGET,1,1790443466048,1.52,-10.63,0.1645,0,GOOD_DECISION_GOOD_OUTCOME,REINFORCE,82,BALANCED,,0x13e9868a,Sound decision process produced profitable outcome. Reinforce policy weights.,,,,,,,,,,,,,,,,,,,SOUND_DECISION_PROCESS
trd_1790443479491_862,SaPFjDCz4bcrqVkU6JWjskJftp9jENNxP5T9Ur1pump,TIFFANY,0.0001906386278830413,0.0001846,61.61,58.7326116,-2.877388400000001,-4.670326894984582,12631,EMERGENCY_UNWIND,1,1790443479491,0,-3.17,0,0,GOOD_DECISION_BAD_OUTCOME,NEUTRAL_VARIANCE,82,BALANCED,,0x1172995d,Sound decision met adverse tail variance. Do NOT penalize valid process.,,,,,,,,,,,,,,,,,,,SOUND_DECISION_PROCESS
trd_1790443534707_323,25UThw41PUqCTRpGSBzoZRB1MYEZsjVo7AUAn7Nupump,E/DOG,0.00006145287943592315,0.00008058,69.44,89.02856505,19.58856505,28.209339069700462,68488,TRAILING_TARGET,1,1790443534707,2.01,-4.81,1,1,GOOD_DECISION_GOOD_OUTCOME,REINFORCE,82,BALANCED,,0x3d05c855,Sound decision process produced profitable outcome. Reinforce policy weights.,,,,,,,,,,,,,,,,,,,SOUND_DECISION_PROCESS
trd_1790443539776_262,25UThw41PUqCTRpGSBzoZRB1MYEZsjVo7AUAn7Nupump,E/DOG,0.00008216739368721808,0.00006536,77.37,66.5382,-10.831800000000001,-14,3838,EMERGENCY_UNWIND,0,1790443539776,0,-20.46,0,0,BAD_DECISION_BAD_OUTCOME,PENALIZE_POLICY,85,DEFENSIVE,,0x57526685,Flawed process caused loss. Penalize strategy parameters and raise adaptive HSI hurdle to 85.,,,,,,,,,,,,,,,,,,,CATASTROPHIC_STOP_LOSS_VIOLATION
trd_1790443574385_118,SaPFjDCz4bcrqVkU6JWjskJftp9jENNxP5T9Ur1pump,TIFFANY,0.0001875194770658251,0.0001673,59.89,60.039725,0.149725,0.25,92992,TRAILING_TARGET,1,1790443574385,0.84,-7.42,0.2976,0,GOOD_DECISION_GOOD_OUTCOME,REINFORCE,82,BALANCED,,0x29691776,Sound decision process produced profitable outcome. Reinforce policy weights.,,,,,,,,,,,,,,,,,,,SOUND_DECISION_PROCESS
trd_1790443578002_327,SaPFjDCz4bcrqVkU6JWjskJftp9jENNxP5T9Ur1pump,TIFFANY,0.0001716936024541283,0.0001673,106.9,101.5590636,-5.340936400000004,-4.99619869036483,2597,EMERGENCY_UNWIND,1,1790443578002,0,-2.56,0,0,GOOD_DECISION_BAD_OUTCOME,NEUTRAL_VARIANCE,82,BALANCED,,0x0376c6c8,Sound decision met adverse tail variance. Do NOT penalize valid process.,,,,,,,,,,,,,,,,,,,SOUND_DECISION_PROCESS
trd_1790443581230_700,So11111111111111111111111111111111111111112,SOL,122.45364660105275,121.24,41.09,41.192725,0.10272500000000001,0.25,120734,TRAILING_TARGET,1,1790443581230,0,-1.15,1,0.1384,GOOD_DECISION_GOOD_OUTCOME,REINFORCE,82,BALANCED,,0x3da6de0d,Sound decision process produced profitable outcome. Reinforce policy weights.,,,,,,,,,,,,,,,,,,,SOUND_DECISION_PROCESS
trd_1790443648240_851,SaPFjDCz4bcrqVkU6JWjskJftp9jENNxP5T9Ur1pump,TIFFANY,0.00017157426178015769,0.0001432,103.69,103.949225,0.259225,0.25,68798,EMERGENCY_UNWIND,0,1790443648240,1.82,-16.54,0.1374,0,BAD_DECISION_GOOD_OUTCOME,DO_NOT_REINFORCE_LUCK,82,BALANCED,,0x12d4b0c9,Flawed process produced lucky profit. Strictly avoid reinforcing bad habits.,,,,,,,,,,,,,,,,,,,SEVERE_ADVERSE_EXCURSION
trd_1790443703516_159,So11111111111111111111111111111111111111112,SOL,123.32716524226771,121.3,66.19,66.355475,0.16547499999999998,0.25,120806,TRAILING_TARGET,1,1790443703516,0,-1.79,1,0.0816,GOOD_DECISION_GOOD_OUTCOME,REINFORCE,82,BALANCED,,0x46289d7f,Sound decision process produced profitable outcome. Reinforce policy weights.,,,,,,,,,,,,,,,,,,,SOUND_DECISION_PROCESS
trd_1790443721227_240,SaPFjDCz4bcrqVkU6JWjskJftp9jENNxP5T9Ur1pump,TIFFANY,0.00014638630168755233,0.0001511,88.85,90.18275,1.3327499999999999,1.5,72179,TRAILING_TARGET,1,1790443721227,5.13,-2.18,0.2924,0.7383,GOOD_DECISION_GOOD_OUTCOME,REINFORCE,82,BALANCED,,0x27571356,Sound decision process produced profitable outcome. Reinforce policy weights.,,,,,,,,,,,,,,,,,,,SOUND_DECISION_PROCESS
trd_1790443726315_68,SaPFjDCz4bcrqVkU6JWjskJftp9jENNxP5T9Ur1pump,TIFFANY,0.00015402154155217703,0.000145,75.73,70.00961145,-5.720388550000011,-7.553662419120573,3601,EMERGENCY_UNWIND,0,1790443726315,0,-5.86,0,0,BAD_DECISION_BAD_OUTCOME,PENALIZE_POLICY,85,DEFENSIVE,,0x43855461,Flawed process caused loss. Penalize strategy parameters and raise adaptive HSI hurdle to 85.,,,,,,,,,,,,,,,,,,,EMERGENCY_UNWIND_SEVERE_CRASH
trd_1790443756500_239,SaPFjDCz4bcrqVkU6JWjskJftp9jENNxP5T9Ur1pump,TIFFANY,0.00014769275296574785,0.000166,36.145,40.1621166,4.017116599999994,11.113892931249119,29066,TRAILING_TARGET,1,1790443756500,12.4,-1.82,0.8963,1,GOOD_DECISION_GOOD_OUTCOME,REINFORCE,82,BALANCED,,0x3f03d36b,Sound decision process produced profitable outcome. Reinforce policy weights.,,,,,,,,,,,,,,,,,,,SOUND_DECISION_PROCESS
trd_1790443785770_925,SaPFjDCz4bcrqVkU6JWjskJftp9jENNxP5T9Ur1pump,TIFFANY,0.00014769275296574785,0.0001598,36.145,38.674977750000004,2.5299777500000005,6.99952344722645,58336,TRAILING_TARGET,1,1790443785770,12.4,-1.82,0.5645,0.7048,GOOD_DECISION_GOOD_OUTCOME,REINFORCE,82,BALANCED,,0x7484fbbc,Sound decision process produced profitable outcome. Reinforce policy weights.,,,,,,,,,,,,,,,,,,,SOUND_DECISION_PROCESS
trd_1790443786844_841,WXMRyRZhsa19ety5erZhHg4N3xj3EVN92u94422teJp,XMR,553.6092667553553,547.39,35.53,35.618825,0.088825,0.25,121598,OPERATOR_CLOSE,1,1790443786844,0,-1.12,1,0,GOOD_DECISION_GOOD_OUTCOME,REINFORCE,82,BALANCED,,0x10761901,Sound decision process produced profitable outcome. Reinforce policy weights.,,,,,,,,,,,,,,,,,,,SOUND_DECISION_PROCESS
trd_1790443825455_644,So11111111111111111111111111111111111111112,SOL,123.06041872984949,121.33,54.03,54.165075,0.135075,0.25,120985,TRAILING_TARGET,1,1790443825455,0,-1.49,1,0.0546,GOOD_DECISION_GOOD_OUTCOME,REINFORCE,82,BALANCED,,0x1b346079,Sound decision process produced profitable outcome. Reinforce policy weights.,,,,,,,,,,,,,,,,,,,SOUND_DECISION_PROCESS
trd_1790443829476_86,SaPFjDCz4bcrqVkU6JWjskJftp9jENNxP5T9Ur1pump,TIFFANY,0.00016290715814202175,0.0001722,76.22,78.9563595,2.736359500000006,3.5900806874836078,42538,TRAILING_TARGET,1,1790443829476,8.65,-1.91,0.415,0.7209,GOOD_DECISION_GOOD_OUTCOME,REINFORCE,82,BALANCED,,0x18d61a21,Sound decision process produced profitable outcome. Reinforce policy weights.,,,,,,,,,,,,,,,,,,,SOUND_DECISION_PROCESS
trd_1790443835070_318,SaPFjDCz4bcrqVkU6JWjskJftp9jENNxP5T9Ur1pump,TIFFANY,0.00017536458428070206,0.0001674,71.42,66.99342405,-4.42657595,-6.197950084010081,4493,EMERGENCY_UNWIND,1,1790443835070,0,-4.54,0,0,GOOD_DECISION_BAD_OUTCOME,NEUTRAL_VARIANCE,82,BALANCED,,0x44423f72,Sound decision met adverse tail variance. Do NOT penalize valid process.,,,,,,,,,,,,,,,,,,,SOUND_DECISION_PROCESS
trd_1790443847150_408,9jEbkZPhcwYCpYEiyNj5NPdj1ewNRppc7XQBSupVpump,AMP,0.00006927161741792693,0.00006747,60.1,57.6426234,-2.457376600000004,-4.088812978369391,20805,EMERGENCY_UNWIND,1,1790443847150,0,-2.6,0,0,GOOD_DECISION_BAD_OUTCOME,NEUTRAL_VARIANCE,82,BALANCED,,0x422ec0e9,Sound decision met adverse tail variance. Do NOT penalize valid process.,,,,,,,,,,,,,,,,,,,SOUND_DECISION_PROCESS
trd_1790443847852_365,SaPFjDCz4bcrqVkU6JWjskJftp9jENNxP5T9Ur1pump,TIFFANY,0.00017037742087218068,0.0001659,68.76,65.80895655,-2.9510434500000002,-4.2918025741710295,11588,EMERGENCY_UNWIND,1,1790443847852,0,-2.63,0,0,GOOD_DECISION_BAD_OUTCOME,NEUTRAL_VARIANCE,82,BALANCED,,0x34e28cd7,Sound decision met adverse tail variance. Do NOT penalize valid process.,,,,,,,,,,,,,,,,,,,SOUND_DECISION_PROCESS
trd_1790443887228_641,yFcTuQJCMsd1Asya15GZ7h4KGdxsujRLcUiTWWXpump,SDOG,0.0009137197017561876,0.0008754,40.63,38.496566550000004,-2.1334334499999987,-5.250882229879395,37885,EMERGENCY_UNWIND,1,1790443887228,0,-4.19,0,0,GOOD_DECISION_BAD_OUTCOME,NEUTRAL_VARIANCE,82,BALANCED,,0x6b3eafde,Sound decision met adverse tail variance. Do NOT penalize valid process.,,,,,,,,,,,,,,,,,,,SOUND_DECISION_PROCESS
trd_1790443907287_868,G4PF5viRAdYCA3QLf3g81J7NoWyMWoyZxMLJ52f4xon7,froges,0.0002056360613650801,0.0001966,40.43,41.84505,1.41505,3.5,119854,TRAILING_TARGET,1,1790443907287,7.76,-4.39,0.451,0,GOOD_DECISION_GOOD_OUTCOME,REINFORCE,82,BALANCED,,0x07d0a979,Sound decision process produced profitable outcome. Reinforce policy weights.,,,,,,,,,,,,,,,,,,,SOUND_DECISION_PROCESS
trd_1790443907854_901,yFcTuQJCMsd1Asya15GZ7h4KGdxsujRLcUiTWWXpump,SDOG,0.0008852488716290835,0.0008181,39.35,35.98420065,-3.365799350000003,-8.553492630241431,19785,EMERGENCY_UNWIND,0,1790443907854,0,-7.59,0,0,BAD_DECISION_BAD_OUTCOME,PENALIZE_POLICY,85,DEFENSIVE,,0x7ea5851e,Flawed process caused loss. Penalize strategy parameters and raise adaptive HSI hurdle to 85.,,,,,,,,,,,,,,,,,,,EMERGENCY_UNWIND_SEVERE_CRASH
trd_1790443969209_167,CbcyNo7m1amFWqEQm2m4PLv1UNvpcL3C1Ujm6AkzpKoU,e/acc,0.0143818355961591,0.01457,101.57,101.82392499999999,0.25392499999999996,0.25,120861,TRAILING_TARGET,1,1790443969209,1.31,-3.07,0.1908,1,GOOD_DECISION_GOOD_OUTCOME,REINFORCE,82,BALANCED,,0x37a39f66,Sound decision process produced profitable outcome. Reinforce policy weights.,,,,,,,,,,,,,,,,,,,SOUND_DECISION_PROCESS
trd_1790444029307_123,yFcTuQJCMsd1Asya15GZ7h4KGdxsujRLcUiTWWXpump,SDOG,0.0008315019659646637,0.0008341,62.44,62.5961,0.1561,0.25,120893,TRAILING_TARGET,1,1790444029307,0.31,-1.61,0.8065,1,GOOD_DECISION_GOOD_OUTCOME,REINFORCE,82,BALANCED,,0x5f8b7b2d,Sound decision process produced profitable outcome. Reinforce policy weights.,,,,,,,,,,,,,,,,,,,SOUND_DECISION_PROCESS
trd_1790444029494_539,So11111111111111111111111111111111111111112,SOL,122.60398609059129,121.26,40.85,40.952125,0.10212500000000001,0.25,121080,OPERATOR_CLOSE,1,1790444029494,0,-1.15,1,0.0495,GOOD_DECISION_GOOD_OUTCOME,REINFORCE,82,BALANCED,,0x68738c81,Sound decision process produced profitable outcome. Reinforce policy weights.,,,,,,,,,,,,,,,,,,,SOUND_DECISION_PROCESS
trd_1790444063662_149,yFcTuQJCMsd1Asya15GZ7h4KGdxsujRLcUiTWWXpump,SDOG,0.000852270070634924,0.0008142,86.75,81.1765122,-5.573487799999996,-6.424769798270888,33515,EMERGENCY_UNWIND,1,1790444063662,0,-4.47,0,0,GOOD_DECISION_BAD_OUTCOME,NEUTRAL_VARIANCE,82,BALANCED,,0x60609418,Sound decision met adverse tail variance. Do NOT penalize valid process.,,,,,,,,,,,,,,,,,,,SOUND_DECISION_PROCESS
trd_1790444091372_584,CbcyNo7m1amFWqEQm2m4PLv1UNvpcL3C1Ujm6AkzpKoU,e/acc,0.0148058338907287,0.01482,61.56,61.7139,0.1539,0.25,120917,TRAILING_TARGET,1,1790444091372,0.3,-1.59,0.8333,0.8929,GOOD_DECISION_GOOD_OUTCOME,REINFORCE,82,BALANCED,,0x79d52c24,Sound decision process produced profitable outcome. Reinforce policy weights.,,,,,,,,,,,,,,,,,,,SOUND_DECISION_PROCESS
trd_1790444151990_371,So11111111111111111111111111111111111111112,SOL,122.498959138347,121.14,34.7,34.786750000000005,0.08675000000000001,0.25,120796,OPERATOR_CLOSE,1,1790444151990,0,-1.17,1,0.053,GOOD_DECISION_GOOD_OUTCOME,REINFORCE,82,BALANCED,,0x766c0dd4,Sound decision process produced profitable outcome. Reinforce policy weights.,,,,,,,,,,,,,,,,,,,SOUND_DECISION_PROCESS
trd_1790444213233_374,CbcyNo7m1amFWqEQm2m4PLv1UNvpcL3C1Ujm6AkzpKoU,e/acc,0.01506152712381305,0.01512,62.06,62.21515,0.15515,0.25,121036,TRAILING_TARGET,1,1790444213233,0.39,-1.21,0.641,1,GOOD_DECISION_GOOD_OUTCOME,REINFORCE,82,BALANCED,,0x6ebd1f0f,Sound decision process produced profitable outcome. Reinforce policy weights.,,,,,,,,,,,,,,,,,,,SOUND_DECISION_PROCESS
trd_1790444218998_468,yFcTuQJCMsd1Asya15GZ7h4KGdxsujRLcUiTWWXpump,SDOG,0.0008275652168760353,0.0008198,62.59,62.746475000000004,0.156475,0.25,154539,TRAILING_TARGET,1,1790444218998,2.81,-1.83,0.089,0.1927,GOOD_DECISION_GOOD_OUTCOME,REINFORCE,82,BALANCED,,0x4e470aac,Sound decision process produced profitable outcome. Reinforce policy weights.,,,,,,,,,,,,,,,,,,,SOUND_DECISION_PROCESS
trd_1790444273889_28,So11111111111111111111111111111111111111112,SOL,122.67385276674528,121.25,45.7,45.81425,0.11425,0.25,120860,TRAILING_TARGET,1,1790444273889,0,-1.25,1,0.0717,GOOD_DECISION_GOOD_OUTCOME,REINFORCE,82,BALANCED,,0x334a394d,Sound decision process produced profitable outcome. Reinforce policy weights.,,,,,,,,,,,,,,,,,,,SOUND_DECISION_PROCESS
trd_1790444341272_2,GTBxUiw6wJdmmkCGZgRHLyYxqu1vG4KtRpeox6yDpump,JEANPHIL,0.004929750932830391,0.004904,59.89,60.039725,0.149725,0.25,120988,TRAILING_TARGET,1,1790444341272,0.01,-1.94,1,0.7292,GOOD_DECISION_GOOD_OUTCOME,REINFORCE,82,BALANCED,,0x47b5e653,Sound decision process produced profitable outcome. Reinforce policy weights.,,,,,,,,,,,,,,,,,,,SOUND_DECISION_PROCESS
trd_1790444395863_981,So11111111111111111111111111111111111111112,SOL,122.94017647141177,121.15,51.45,51.578625,0.12862500000000002,0.25,120978,TRAILING_TARGET,1,1790444395863,0,-1.46,1,0,GOOD_DECISION_GOOD_OUTCOME,REINFORCE,82,BALANCED,,0x1c596322,Sound decision process produced profitable outcome. Reinforce policy weights.,,,,,,,,,,,,,,,,,,,SOUND_DECISION_PROCESS
trd_1790444414155_553,CbcyNo7m1amFWqEQm2m4PLv1UNvpcL3C1Ujm6AkzpKoU,e/acc,0.015344710695848116,0.01565,55.6,55.86223815,0.2622381500000017,0.4716513489208664,200008,TRAILING_TARGET,1,1790444414155,3.36,-1.46,0.1404,0.7162,GOOD_DECISION_GOOD_OUTCOME,REINFORCE,82,BALANCED,,0x619de153,Sound decision process produced profitable outcome. Reinforce policy weights.,,,,,,,,,,,,,,,,,,,SOUND_DECISION_PROCESS
trd_1790444463724_290,GTBxUiw6wJdmmkCGZgRHLyYxqu1vG4KtRpeox6yDpump,JEANPHIL,0.0049779721490395105,0.004887,56.6,56.7415,0.14150000000000001,0.25,120772,TRAILING_TARGET,1,1790444463724,0.3,-1.83,0.8333,0,GOOD_DECISION_GOOD_OUTCOME,REINFORCE,82,BALANCED,,0x7552dbf2,Sound decision process produced profitable outcome. Reinforce policy weights.,,,,,,,,,,,,,,,,,,,SOUND_DECISION_PROCESS
trd_1790444475140_480,GTBxUiw6wJdmmkCGZgRHLyYxqu1vG4KtRpeox6yDpump,JEANPHIL,0.004960096700301015,0.004809,56.03,53.542639650000005,-2.487360349999996,-4.439336694627871,10610,EMERGENCY_UNWIND,1,1790444475140,0,-3.05,0,0,GOOD_DECISION_BAD_OUTCOME,NEUTRAL_VARIANCE,82,BALANCED,,0x5dbc8b21,Sound decision met adverse tail variance. Do NOT penalize valid process.,,,,,,,,,,,,,,,,,,,SOUND_DECISION_PROCESS
trd_1790444517744_450,So11111111111111111111111111111111111111112,SOL,122.89639565075275,121.2,53.59,53.723975,0.133975,0.25,120874,TRAILING_TARGET,1,1790444517744,0,-1.42,1,0.0286,GOOD_DECISION_GOOD_OUTCOME,REINFORCE,82,BALANCED,,0x10b71db8,Sound decision process produced profitable outcome. Reinforce policy weights.,,,,,,,,,,,,,,,,,,,SOUND_DECISION_PROCESS
trd_1790444535845_189,CbcyNo7m1amFWqEQm2m4PLv1UNvpcL3C1Ujm6AkzpKoU,e/acc,0.015880326946533418,0.01594,54.95,55.087375,0.137375,0.25,120926,TRAILING_TARGET,1,1790444535845,0.38,-2.14,0.6579,1,GOOD_DECISION_GOOD_OUTCOME,REINFORCE,82,BALANCED,,0x69fd6e0b,Sound decision process produced profitable outcome. Reinforce policy weights.,,,,,,,,,,,,,,,,,,,SOUND_DECISION_PROCESS
trd_1790444541274_729,9jEbkZPhcwYCpYEiyNj5NPdj1ewNRppc7XQBSupVpump,AMP,0.00005565509281661805,0.00005333,25,23.769471,-1.2305290000000007,-4.922116000000003,22137,EMERGENCY_UNWIND,1,1790444541274,0,-4.18,0,0,GOOD_DECISION_BAD_OUTCOME,NEUTRAL_VARIANCE,82,BALANCED,,0x0ca8095a,Sound decision met adverse tail variance. Do NOT penalize valid process.,,,,,,,,,,,,,,,,,,,SOUND_DECISION_PROCESS
trd_1790444639277_740,So11111111111111111111111111111111111111112,SOL,123.84076456013973,121.26,86.77,86.986925,0.21692499999999998,0.25,120579,TRAILING_TARGET,1,1790444639277,0,-2.18,1,0.0444,GOOD_DECISION_GOOD_OUTCOME,REINFORCE,82,BALANCED,,0x5ea81c2f,Sound decision process produced profitable outcome. Reinforce policy weights.,,,,,,,,,,,,,,,,,,,SOUND_DECISION_PROCESS
trd_1790444645671_891,5kcJz9yt7y2xdYccwnkU2mDS3x8zBNQiYtPk6DPWBiZr,Franklin,0.00019164961468966934,0.0001832,66.34,62.3797332,-3.960266800000007,-5.96965149231234,4946,EMERGENCY_UNWIND,1,1790444645671,0,-4.41,0,0,GOOD_DECISION_BAD_OUTCOME,NEUTRAL_VARIANCE,82,BALANCED,,0x49f53987,Sound decision met adverse tail variance. Do NOT penalize valid process.,,,,,,,,,,,,,,,,,,,SOUND_DECISION_PROCESS
trd_1790444657837_503,CbcyNo7m1amFWqEQm2m4PLv1UNvpcL3C1Ujm6AkzpKoU,e/acc,0.016166837519131713,0.01582,52.76,52.8919,0.1319,0.25,120703,OPERATOR_CLOSE,1,1790444657837,0,-2.15,1,0,GOOD_DECISION_GOOD_OUTCOME,REINFORCE,82,BALANCED,,0x4f71f8e6,Sound decision process produced profitable outcome. Reinforce policy weights.,,,,,,,,,,,,,,,,,,,SOUND_DECISION_PROCESS
trd_1790444721883_918,HiMSSzzwkZkrXJ4PGVJRdtfLaANeAztjjcgk5Dxe7Lwx,HIMS,29.573420614896065,29.27,35.37,35.458425,0.08842499999999999,0.25,120760,OPERATOR_CLOSE,1,1790444721883,0,-1.03,1,0,GOOD_DECISION_GOOD_OUTCOME,REINFORCE,82,BALANCED,,0x63eb5244,Sound decision process produced profitable outcome. Reinforce policy weights.,,,,,,,,,,,,,,,,,,,SOUND_DECISION_PROCESS
trd_1790444768203_38,So11111111111111111111111111111111111111112,SOL,123.19591396058236,121.42,63.96,64.1199,0.15990000000000001,0.25,121387,OPERATOR_CLOSE,1,1790444768203,0,-1.64,1,0.1234,GOOD_DECISION_GOOD_OUTCOME,REINFORCE,82,BALANCED,,0x49e2c702,Sound decision process produced profitable outcome. Reinforce policy weights.,,,,,,,,,,,,,,,,,,,SOUND_DECISION_PROCESS
trd_1790444780122_360,CbcyNo7m1amFWqEQm2m4PLv1UNvpcL3C1Ujm6AkzpKoU,e/acc,0.016061160767251597,0.01603,57.32,57.463300000000004,0.1433,0.25,121234,OPERATOR_CLOSE,1,1790444780122,0,-2.37,1,0.9182,GOOD_DECISION_GOOD_OUTCOME,REINFORCE,82,BALANCED,,0x3e27f8f1,Sound decision process produced profitable outcome. Reinforce policy weights.,,,,,,,,,,,,,,,,,,,SOUND_DECISION_PROCESS
trd_1790444844486_515,H74CYmXgMkYHYuSRsZt6RJb4NYp2u72Vw8BS5huApump,LMAO!,0.0024508526491729696,0.002441,44.21,44.320525,0.110525,0.25,121019,TRAILING_TARGET,1,1790444844486,0,-1.22,1,0.67,GOOD_DECISION_GOOD_OUTCOME,REINFORCE,82,BALANCED,,0x7c82ce08,Sound decision process produced profitable outcome. Reinforce policy weights.,,,,,,,,,,,,,,,,,,,SOUND_DECISION_PROCESS
trd_1790444890334_449,So11111111111111111111111111111111111111112,SOL,123.23936273761755,121.35,56.15,56.290375,0.140375,0.25,121140,TRAILING_TARGET,1,1790444890334,0,-1.53,1,0,GOOD_DECISION_GOOD_OUTCOME,REINFORCE,82,BALANCED,,0x5c0c162b,Sound decision process produced profitable outcome. Reinforce policy weights.,,,,,,,,,,,,,,,,,,,SOUND_DECISION_PROCESS
trd_1790444902433_295,CbcyNo7m1amFWqEQm2m4PLv1UNvpcL3C1Ujm6AkzpKoU,e/acc,0.01627300837193371,0.01639,56.94,57.08235,0.14235,0.25,121041,TRAILING_TARGET,1,1790444902433,0.72,-2.54,0.3472,1,GOOD_DECISION_GOOD_OUTCOME,REINFORCE,82,BALANCED,,0x7e6ee571,Sound decision process produced profitable outcome. Reinforce policy weights.,,,,,,,,,,,,,,,,,,,SOUND_DECISION_PROCESS
trd_1790444967017_257,H74CYmXgMkYHYuSRsZt6RJb4NYp2u72Vw8BS5huApump,LMAO!,0.002473892844808833,0.002434,49.36,49.483399999999996,0.1234,0.25,121705,OPERATOR_CLOSE,1,1790444967017,0,-1.61,1,0,GOOD_DECISION_GOOD_OUTCOME,REINFORCE,82,BALANCED,,0x2489663d,Sound decision process produced profitable outcome. Reinforce policy weights.,,,,,,,,,,,,,,,,,,,SOUND_DECISION_PROCESS
trd_1790445013168_654,So11111111111111111111111111111111111111112,SOL,123.0973914682937,121.36,53.52,53.653800000000004,0.1338,0.25,121882,OPERATOR_CLOSE,1,1790445013168,0,-1.42,1,0.0057,GOOD_DECISION_GOOD_OUTCOME,REINFORCE,82,BALANCED,,0x51ac440e,Sound decision process produced profitable outcome. Reinforce policy weights.,,,,,,,,,,,,,,,,,,,SOUND_DECISION_PROCESS
trd_1790445024982_535,CbcyNo7m1amFWqEQm2m4PLv1UNvpcL3C1Ujm6AkzpKoU,e/acc,0.01663380373873482,0.01625,55.66,55.79915,0.13915,0.25,121632,OPERATOR_CLOSE,1,1790445024982,0,-2.31,1,0,GOOD_DECISION_GOOD_OUTCOME,REINFORCE,82,BALANCED,,0x7acc45e1,Sound decision process produced profitable outcome. Reinforce policy weights.,,,,,,,,,,,,,,,,,,,SOUND_DECISION_PROCESS
trd_1790445090207_732,H74CYmXgMkYHYuSRsZt6RJb4NYp2u72Vw8BS5huApump,LMAO!,0.002468199428404433,0.002434,51.95,52.079875,0.12987500000000002,0.25,120821,TRAILING_TARGET,1,1790445090207,0,-1.39,1,0,GOOD_DECISION_GOOD_OUTCOME,REINFORCE,82,BALANCED,,0x0a4005fd,Sound decision process produced profitable outcome. Reinforce policy weights.,,,,,,,,,,,,,,,,,,,SOUND_DECISION_PROCESS
trd_1790445136258_609,So11111111111111111111111111111111111111112,SOL,123.0929723101801,121.41,52.98,53.112449999999995,0.13244999999999998,0.25,120892,TRAILING_TARGET,1,1790445136258,0,-1.43,1,0.0454,GOOD_DECISION_GOOD_OUTCOME,REINFORCE,82,BALANCED,,0x18f9bc32,Sound decision process produced profitable outcome. Reinforce policy weights.,,,,,,,,,,,,,,,,,,,SOUND_DECISION_PROCESS
trd_1790445148328_18,CbcyNo7m1amFWqEQm2m4PLv1UNvpcL3C1Ujm6AkzpKoU,e/acc,0.016488146216680002,0.01616,54.67,54.806675,0.136675,0.25,120785,TRAILING_TARGET,1,1790445148328,0,-2.29,1,0.1322,GOOD_DECISION_GOOD_OUTCOME,REINFORCE,82,BALANCED,,0x50923ebe,Sound decision process produced profitable outcome. Reinforce policy weights.,,,,,,,,,,,,,,,,,,,SOUND_DECISION_PROCESS
trd_1790445212554_359,H74CYmXgMkYHYuSRsZt6RJb4NYp2u72Vw8BS5huApump,LMAO!,0.002468826852606552,0.002449,53.11,53.242775,0.132775,0.25,121195,TRAILING_TARGET,1,1790445212554,0.05,-1.41,1,0.4167,GOOD_DECISION_GOOD_OUTCOME,REINFORCE,82,BALANCED,,0x47a3c9c8,Sound decision process produced profitable outcome. Reinforce policy weights.,,,,,,,,,,,,,,,,,,,SOUND_DECISION_PROCESS
trd_1790445258532_961,So11111111111111111111111111111111111111112,SOL,123.14719326295489,121.31,53.11,53.242775,0.132775,0.25,121171,TRAILING_TARGET,1,1790445258532,0,-1.49,1,0,GOOD_DECISION_GOOD_OUTCOME,REINFORCE,82,BALANCED,,0x1d7eca3e,Sound decision process produced profitable outcome. Reinforce policy weights.,,,,,,,,,,,,,,,,,,,SOUND_DECISION_PROCESS
trd_1790445271520_984,CbcyNo7m1amFWqEQm2m4PLv1UNvpcL3C1Ujm6AkzpKoU,e/acc,0.01639492400869035,0.01634,54.14,54.27535,0.13535,0.25,121994,TRAILING_TARGET,1,1790445271520,0,-1.55,1,0.7845,GOOD_DECISION_GOOD_OUTCOME,REINFORCE,82,BALANCED,,0x23ce38ef,Sound decision process produced profitable outcome. Reinforce policy weights.,,,,,,,,,,,,,,,,,,,SOUND_DECISION_PROCESS
trd_1790445334167_651,H74CYmXgMkYHYuSRsZt6RJb4NYp2u72Vw8BS5huApump,LMAO!,0.0024843027066112676,0.002447,53.59,53.723975,0.133975,0.25,120912,OPERATOR_CLOSE,1,1790445334167,0,-1.5,1,0,GOOD_DECISION_GOOD_OUTCOME,REINFORCE,82,BALANCED,,0x3d2c228e,Sound decision process produced profitable outcome. Reinforce policy weights.,,,,,,,,,,,,,,,,,,,SOUND_DECISION_PROCESS
trd_1790445380432_20,So11111111111111111111111111111111111111112,SOL,123.05304120427628,121.43,53.38,53.513450000000006,0.13345,0.25,121174,TRAILING_TARGET,1,1790445380432,0,-1.42,1,0.0688,GOOD_DECISION_GOOD_OUTCOME,REINFORCE,82,BALANCED,,0x530df324,Sound decision process produced profitable outcome. Reinforce policy weights.,,,,,,,,,,,,,,,,,,,SOUND_DECISION_PROCESS
trd_1790445416179_621,CbcyNo7m1amFWqEQm2m4PLv1UNvpcL3C1Ujm6AkzpKoU,e/acc,0.01657674184638214,0.01624,53.92,54.0548,0.1348,0.25,142967,TRAILING_TARGET,1,1790445416179,0,-2.57,1,0.2109,GOOD_DECISION_GOOD_OUTCOME,REINFORCE,82,BALANCED,,0x4729e20f,Sound decision process produced profitable outcome. Reinforce policy weights.,,,,,,,,,,,,,,,,,,,SOUND_DECISION_PROCESS
trd_1790445416804_213,SaPFjDCz4bcrqVkU6JWjskJftp9jENNxP5T9Ur1pump,TIFFANY,0.00030848635161069446,0.0002856,53.63,48.987943349999995,-4.642056650000008,-8.655708838336766,35288,EMERGENCY_UNWIND,0,1790445416804,0,-7.42,0,0,BAD_DECISION_BAD_OUTCOME,PENALIZE_POLICY,85,DEFENSIVE,,0x4eeaa965,Flawed process caused loss. Penalize strategy parameters and raise adaptive HSI hurdle to 85.,,,,,,,,,,,,,,,,,,,EMERGENCY_UNWIND_SEVERE_CRASH
trd_1790445456746_510,H74CYmXgMkYHYuSRsZt6RJb4NYp2u72Vw8BS5huApump,LMAO!,0.0024823880696679787,0.002447,53.8,53.9345,0.13449999999999998,0.25,121390,OPERATOR_CLOSE,1,1790445456746,0,-1.43,1,0,GOOD_DECISION_GOOD_OUTCOME,REINFORCE,82,BALANCED,,0x07ab2353,Sound decision process produced profitable outcome. Reinforce policy weights.,,,,,,,,,,,,,,,,,,,SOUND_DECISION_PROCESS
trd_1790445461003_974,CbcyNo7m1amFWqEQm2m4PLv1UNvpcL3C1Ujm6AkzpKoU,e/acc,0.01647518473118119,0.01602,53.89,51.669920999999995,-2.220079000000006,-4.119649285581751,43667,EMERGENCY_UNWIND,1,1790445461003,0,-2.76,0,0,GOOD_DECISION_BAD_OUTCOME,NEUTRAL_VARIANCE,82,BALANCED,,0x3c3b323a,Sound decision met adverse tail variance. Do NOT penalize valid process.,,,,,,,,,,,,,,,,,,,SOUND_DECISION_PROCESS
trd_1790445461546_676,SaPFjDCz4bcrqVkU6JWjskJftp9jENNxP5T9Ur1pump,TIFFANY,0.00028954941529530824,0.0002585,50.95,51.077375,0.12737500000000002,0.25,43189,TRAILING_TARGET,1,1790445461546,0,-10.72,1,0,GOOD_DECISION_GOOD_OUTCOME,REINFORCE,82,BALANCED,,0x6526aecf,Sound decision process produced profitable outcome. Reinforce policy weights.,,,,,,,,,,,,,,,,,,,SOUND_DECISION_PROCESS
trd_1790445491130_126,CbcyNo7m1amFWqEQm2m4PLv1UNvpcL3C1Ujm6AkzpKoU,e/acc,0.016354704775940643,0.01592,82.74,78.93027675,-3.8097232499999905,-4.604451595358944,28206,EMERGENCY_UNWIND,1,1790445491130,0,-2.66,0,0,GOOD_DECISION_BAD_OUTCOME,NEUTRAL_VARIANCE,82,BALANCED,,0x58b53890,Sound decision met adverse tail variance. Do NOT penalize valid process.,,,,,,,,,,,,,,,,,,,SOUND_DECISION_PROCESS
trd_1790445581265_146,H74CYmXgMkYHYuSRsZt6RJb4NYp2u72Vw8BS5huApump,LMAO!,0.002481811672080316,0.002474,52.74,52.87185,0.13185,0.25,121952,OPERATOR_CLOSE,1,1790445581265,0,-1.4,1,0.7756,GOOD_DECISION_GOOD_OUTCOME,REINFORCE,82,BALANCED,,0x3a4d9a20,Sound decision process produced profitable outcome. Reinforce policy weights.,,,,,,,,,,,,,,,,,,,SOUND_DECISION_PROCESS
trd_1790445587281_690,So11111111111111111111111111111111111111112,SOL,122.61742216644271,121.44,33.1,33.18275,0.08275,0.25,122120,OPERATOR_CLOSE,1,1790445587281,0,-0.98,1,0.0167,GOOD_DECISION_GOOD_OUTCOME,REINFORCE,82,BALANCED,,0x2559b075,Sound decision process produced profitable outcome. Reinforce policy weights.,,,,,,,,,,,,,,,,,,,SOUND_DECISION_PROCESS
trd_1790445705520_644,SaPFjDCz4bcrqVkU6JWjskJftp9jENNxP5T9Ur1pump,TIFFANY,0.000284675615639098,0.0002511,60.6,60.7515,0.1515,0.25,212120,TRAILING_TARGET,1,1790445705520,0,-11.79,1,0,GOOD_DECISION_GOOD_OUTCOME,REINFORCE,82,BALANCED,,0x4860508a,Sound decision process produced profitable outcome. Reinforce policy weights.,,,,,,,,,,,,,,,,,,,SOUND_DECISION_PROCESS
trd_1790445705657_265,H74CYmXgMkYHYuSRsZt6RJb4NYp2u72Vw8BS5huApump,LMAO!,0.0025109660590328505,0.002451,55.96,56.0999,0.1399,0.25,122144,OPERATOR_CLOSE,1,1790445705657,0,-2.39,1,0,GOOD_DECISION_GOOD_OUTCOME,REINFORCE,82,BALANCED,,0x48793d28,Sound decision process produced profitable outcome. Reinforce policy weights.,,,,,,,,,,,,,,,,,,,SOUND_DECISION_PROCESS
trd_1790445711153_290,So11111111111111111111111111111111111111112,SOL,122.88562732463306,121.5,42.29,42.395725,0.105725,0.25,121903,TRAILING_TARGET,1,1790445711153,0,-1.19,1,0.0546,GOOD_DECISION_GOOD_OUTCOME,REINFORCE,82,BALANCED,,0x533567a0,Sound decision process produced profitable outcome. Reinforce policy weights.,,,,,,,,,,,,,,,,,,,SOUND_DECISION_PROCESS
trd_1790445747936_164,SaPFjDCz4bcrqVkU6JWjskJftp9jENNxP5T9Ur1pump,TIFFANY,0.00025367227930827213,0.0002464,34.82,33.48617415,-1.3338258500000038,-3.8306313900057543,40444,EMERGENCY_UNWIND,1,1790445747936,0,-2.87,0,0,GOOD_DECISION_BAD_OUTCOME,NEUTRAL_VARIANCE,82,BALANCED,,0x1f001683,Sound decision met adverse tail variance. Do NOT penalize valid process.,,,,,,,,,,,,,,,,,,,SOUND_DECISION_PROCESS
trd_1790445827530_722,H74CYmXgMkYHYuSRsZt6RJb4NYp2u72Vw8BS5huApump,LMAO!,0.002504545197142896,0.002451,87.03,87.247575,0.217575,0.25,121313,TRAILING_TARGET,1,1790445827530,0,-2.14,1,0,GOOD_DECISION_GOOD_OUTCOME,REINFORCE,82,BALANCED,,0x2dec7e38,Sound decision process produced profitable outcome. Reinforce policy weights.,,,,,,,,,,,,,,,,,,,SOUND_DECISION_PROCESS
trd_1790445833982_523,So11111111111111111111111111111111111111112,SOL,122.86723158934505,121.46,39.36,39.4584,0.0984,0.25,120654,OPERATOR_CLOSE,1,1790445833982,0,-1.15,1,0,GOOD_DECISION_GOOD_OUTCOME,REINFORCE,82,BALANCED,,0x0279722c,Sound decision process produced profitable outcome. Reinforce policy weights.,,,,,,,,,,,,,,,,,,,SOUND_DECISION_PROCESS
trd_1790445839320_0,SaPFjDCz4bcrqVkU6JWjskJftp9jENNxP5T9Ur1pump,TIFFANY,0.0002489794343784908,0.0002194,35.83,35.919575,0.089575,0.25,89850,TRAILING_TARGET,1,1790445839320,2.14,-11.88,0.1168,0,GOOD_DECISION_GOOD_OUTCOME,REINFORCE,82,BALANCED,,0x7ac15f35,Sound decision process produced profitable outcome. Reinforce policy weights.,,,,,,,,,,,,,,,,,,,SOUND_DECISION_PROCESS
trd_1790445903497_447,8nYn8uhfJxem48hC8daXA36GDoG7srezMbMyuiCgpump,$COLLEAGUE,0.00039868929262489624,0.0003383,66.68,57.344800000000006,-9.3352,-14,74352,STOP_LOSS,0,1790445903497,0.38,-2.3,0,0,BAD_DECISION_BAD_OUTCOME,PENALIZE_POLICY,85,DEFENSIVE,,0x58187b1f,Flawed process caused loss. Penalize strategy parameters and raise adaptive HSI hurdle to 85.,,,,,,,,,,,,,,,,,,,CATASTROPHIC_STOP_LOSS_VIOLATION
trd_1790445904375_770,SaPFjDCz4bcrqVkU6JWjskJftp9jENNxP5T9Ur1pump,TIFFANY,0.0002219824937978279,0.0002207,41.69,42.315349999999995,0.62535,1.5,62960,TRAILING_TARGET,1,1790445904375,4.47,-1.16,0.3356,0.104,GOOD_DECISION_GOOD_OUTCOME,REINFORCE,82,BALANCED,,0x7c16237c,Sound decision process produced profitable outcome. Reinforce policy weights.,,,,,,,,,,,,,,,,,,,SOUND_DECISION_PROCESS
trd_1790445908486_651,8nYn8uhfJxem48hC8daXA36GDoG7srezMbMyuiCgpump,$COLLEAGUE,0.00034489671434085245,0.0003297,76.47,71.755137,-4.714862999999993,-6.165637504903875,3569,EMERGENCY_UNWIND,1,1790445908486,0,-4.41,0,0,GOOD_DECISION_BAD_OUTCOME,NEUTRAL_VARIANCE,82,BALANCED,,0x003bbea5,Sound decision met adverse tail variance. Do NOT penalize valid process.,,,,,,,,,,,,,,,,,,,SOUND_DECISION_PROCESS
trd_1790445912558_982,SaPFjDCz4bcrqVkU6JWjskJftp9jENNxP5T9Ur1pump,TIFFANY,0.000222753402387637,0.0002145,30.59,29.19233295,-1.3976670499999992,-4.569032526969595,5251,EMERGENCY_UNWIND,1,1790445912558,0,-3.71,0,0,GOOD_DECISION_BAD_OUTCOME,NEUTRAL_VARIANCE,82,BALANCED,,0x1f6184c0,Sound decision met adverse tail variance. Do NOT penalize valid process.,,,,,,,,,,,,,,,,,,,SOUND_DECISION_PROCESS
trd_1790445938579_910,8nYn8uhfJxem48hC8daXA36GDoG7srezMbMyuiCgpump,$COLLEAGUE,0.000328724829353387,0.0002672,29.12,25.0432,-4.0768,-14,3121,EMERGENCY_UNWIND,0,1790445938579,0,-18.72,0,0,BAD_DECISION_BAD_OUTCOME,PENALIZE_POLICY,85,DEFENSIVE,,0x316c47dc,Flawed process caused loss. Penalize strategy parameters and raise adaptive HSI hurdle to 85.,,,,,,,,,,,,,,,,,,,CATASTROPHIC_STOP_LOSS_VIOLATION
trd_1790445956737_80,So11111111111111111111111111111111111111112,SOL,123.12368344634984,121.65,50.36,50.4859,0.1259,0.25,121380,OPERATOR_CLOSE,1,1790445956737,0,-1.35,1,0.1142,GOOD_DECISION_GOOD_OUTCOME,REINFORCE,82,BALANCED,,0x4471d42b,Sound decision process produced profitable outcome. Reinforce policy weights.,,,,,,,,,,,,,,,,,,,SOUND_DECISION_PROCESS
trd_1790445960554_417,8nYn8uhfJxem48hC8daXA36GDoG7srezMbMyuiCgpump,$COLLEAGUE,0.0002694538717867866,0.0002166,26.68,26.7467,0.0667,0.25,21075,EMERGENCY_UNWIND,0,1790445960554,1.61,-19.62,0.1553,0,BAD_DECISION_GOOD_OUTCOME,DO_NOT_REINFORCE_LUCK,82,BALANCED,,0x06904712,Flawed process produced lucky profit. Strictly avoid reinforcing bad habits.,,,,,,,,,,,,,,,,,,,SEVERE_ADVERSE_EXCURSION
trd_1790445965281_205,SaPFjDCz4bcrqVkU6JWjskJftp9jENNxP5T9Ur1pump,TIFFANY,0.00021850772731829608,0.0002339,72.8,76.41343485,3.6134348500000044,4.9635094093406655,50895,TRAILING_TARGET,1,1790445965281,10.8,-1.83,0.4596,0.7029,GOOD_DECISION_GOOD_OUTCOME,REINFORCE,82,BALANCED,,0x2fc7eaee,Sound decision process produced profitable outcome. Reinforce policy weights.,,,,,,,,,,,,,,,,,,,SOUND_DECISION_PROCESS
trd_1790446079060_419,So11111111111111111111111111111111111111112,SOL,123.0621722562696,121.46,40.96,41.062400000000004,0.1024,0.25,121594,OPERATOR_CLOSE,1,1790446079060,0,-1.3,1,0,GOOD_DECISION_GOOD_OUTCOME,REINFORCE,82,BALANCED,,0x13650ef9,Sound decision process produced profitable outcome. Reinforce policy weights.,,,,,,,,,,,,,,,,,,,SOUND_DECISION_PROCESS
trd_1790446115556_792,SaPFjDCz4bcrqVkU6JWjskJftp9jENNxP5T9Ur1pump,TIFFANY,0.00023611363976106943,0.0002379,31.31,31.388275,0.078275,0.25,148216,TRAILING_TARGET,1,1790446115556,0.63,-6.06,0.3968,1,GOOD_DECISION_GOOD_OUTCOME,REINFORCE,82,BALANCED,,0x40eb7916,Sound decision process produced profitable outcome. Reinforce policy weights.,,,,,,,,,,,,,,,,,,,SOUND_DECISION_PROCESS
trd_1790446117229_384,8nYn8uhfJxem48hC8daXA36GDoG7srezMbMyuiCgpump,$COLLEAGUE,0.0003001969209022561,0.0002759,37.16,33.8110497,-3.3489502999999985,-9.012245156081805,36034,EMERGENCY_UNWIND,0,1790446117229,0,-8.09,0,0,BAD_DECISION_BAD_OUTCOME,PENALIZE_POLICY,85,DEFENSIVE,,0x06c75955,Flawed process caused loss. Penalize strategy parameters and raise adaptive HSI hurdle to 85.,,,,,,,,,,,,,,,,,,,EMERGENCY_UNWIND_SEVERE_CRASH
trd_1790446173461_216,8nYn8uhfJxem48hC8daXA36GDoG7srezMbMyuiCgpump,$COLLEAGUE,0.0002786613405758439,0.0003168,16.880000000000138,19.06120245,2.181202449999862,12.921815462084385,53956,TRAILING_TARGET,1,1790446173461,13.69,-2.07,0.9439,1,GOOD_DECISION_GOOD_OUTCOME,REINFORCE,82,BALANCED,,0x1e07fead,Sound decision process produced profitable outcome. Reinforce policy weights.,,,,,,,,,,,,,,,,,,,SOUND_DECISION_PROCESS
trd_1790446203309_181,DEW9dSN6QpWyNthphCpMmAbZP1Q4cEKR9xQXAri98WDP,SI,0.013197529541665004,0.01527,78.28,88.5680706,10.2880706,13.142655339805822,236849,TRAILING_TARGET,1,1790446203309,15.7,-1.95,0.8371,1,GOOD_DECISION_GOOD_OUTCOME,REINFORCE,82,BALANCED,,0x733bc7fc,Sound decision process produced profitable outcome. Reinforce policy weights.,,,,,,,,,,,,,,,,,,,SOUND_DECISION_PROCESS
trd_1790446203340_512,8nYn8uhfJxem48hC8daXA36GDoG7srezMbMyuiCgpump,$COLLEAGUE,0.0002786613405758439,0.0003541,8.43999999999979,10.67267565,2.2326756500002105,26.45350296208846,83835,TRAILING_TARGET,1,1790446203340,27.07,-2.07,0.9772,1,GOOD_DECISION_GOOD_OUTCOME,REINFORCE,82,BALANCED,,0x57c63fb7,Sound decision process produced profitable outcome. Reinforce policy weights.,,,,,,,,,,,,,,,,,,,SOUND_DECISION_PROCESS
trd_1790446205216_921,8nYn8uhfJxem48hC8daXA36GDoG7srezMbMyuiCgpump,$COLLEAGUE,0.0002786613405758439,0.0003541,8.440000000000067,10.67267565,2.2326756499999334,26.453502962084308,85711,TRAILING_TARGET,1,1790446205216,27.07,-2.07,0.9772,1,GOOD_DECISION_GOOD_OUTCOME,REINFORCE,82,BALANCED,,0x28212dbc,Sound decision process produced profitable outcome. Reinforce policy weights.,,,,,,,,,,,,,,,,,,,SOUND_DECISION_PROCESS
trd_1790446239158_10,So11111111111111111111111111111111111111112,SOL,122.70431111620556,121.34,33.7,33.78425,0.08425,0.25,121993,TRAILING_TARGET,1,1790446239158,0,-1.11,1,0,GOOD_DECISION_GOOD_OUTCOME,REINFORCE,82,BALANCED,,0x1e918c92,Sound decision process produced profitable outcome. Reinforce policy weights.,,,,,,,,,,,,,,,,,,,SOUND_DECISION_PROCESS
trd_1790446245352_409,8nYn8uhfJxem48hC8daXA36GDoG7srezMbMyuiCgpump,$COLLEAGUE,0.00036254937117794536,0.0003816,90.9,94.0815,3.1815,3.5,37869,TRAILING_TARGET,1,1790446245352,7.43,-2.22,0.4711,0.7743,GOOD_DECISION_GOOD_OUTCOME,REINFORCE,82,BALANCED,,0x40f04d03,Sound decision process produced profitable outcome. Reinforce policy weights.,,,,,,,,,,,,,,,,,,,SOUND_DECISION_PROCESS
trd_1790446263491_703,8nYn8uhfJxem48hC8daXA36GDoG7srezMbMyuiCgpump,$COLLEAGUE,0.00038926407097744544,0.0003749,79.1,74.72877915000001,-4.371220849999987,-5.526195764854598,15998,EMERGENCY_UNWIND,1,1790446263491,0,-3.69,0,0,GOOD_DECISION_BAD_OUTCOME,NEUTRAL_VARIANCE,82,BALANCED,,0x009528f4,Sound decision met adverse tail variance. Do NOT penalize valid process.,,,,,,,,,,,,,,,,,,,SOUND_DECISION_PROCESS
trd_1790446267675_813,777XNvfVmvumMEc6M9yxJQJQnQtjbUYJyx53cqrwo777,7,0.001049918871846284,0.001,31.64,29.86084995,-1.7791500500000017,-5.623103824273078,4245,EMERGENCY_UNWIND,1,1790446267675,0,-4.75,0,0,GOOD_DECISION_BAD_OUTCOME,NEUTRAL_VARIANCE,82,BALANCED,,0x6aefe55d,Sound decision met adverse tail variance. Do NOT penalize valid process.,,,,,,,,,,,,,,,,,,,SOUND_DECISION_PROCESS
trd_1790446311554_925,777XNvfVmvumMEc6M9yxJQJQnQtjbUYJyx53cqrwo777,7,0.0010192640434419416,0.0008604,75.41,75.598525,0.188525,0.25,43211,STOP_LOSS,0,1790446311554,1.64,-15.59,0.1524,0,BAD_DECISION_GOOD_OUTCOME,DO_NOT_REINFORCE_LUCK,82,BALANCED,,0x45e23c3f,Flawed process produced lucky profit. Strictly avoid reinforcing bad habits.,,,,,,,,,,,,,,,,,,,SEVERE_ADVERSE_EXCURSION
trd_1790446311989_303,8nYn8uhfJxem48hC8daXA36GDoG7srezMbMyuiCgpump,$COLLEAGUE,0.0003783522602346923,0.0004505,15.08000000000019,17.839701299999998,2.759701299999808,18.300406498672235,34742,TRAILING_TARGET,1,1790446311989,19.07,-0.91,0.9596,1,GOOD_DECISION_GOOD_OUTCOME,REINFORCE,82,BALANCED,,0x1c81f28c,Sound decision process produced profitable outcome. Reinforce policy weights.,,,,,,,,,,,,,,,,,,,SOUND_DECISION_PROCESS
trd_1790446313278_407,8nYn8uhfJxem48hC8daXA36GDoG7srezMbMyuiCgpump,$COLLEAGUE,0.0003783522602346923,0.0004505,15.07999999999981,17.839701299999998,2.759701300000188,18.30040649867522,36031,TRAILING_TARGET,1,1790446313278,19.07,-0.91,0.9596,1,GOOD_DECISION_GOOD_OUTCOME,REINFORCE,82,BALANCED,,0x2cb4e7ba,Sound decision process produced profitable outcome. Reinforce policy weights.,,,,,,,,,,,,,,,,,,,SOUND_DECISION_PROCESS
trd_1790446323776_76,8nYn8uhfJxem48hC8daXA36GDoG7srezMbMyuiCgpump,$COLLEAGUE,0.00045952183268170555,0.0004477,78.84,75.33697035,-3.5030296500000024,-4.443213660578389,9454,EMERGENCY_UNWIND,1,1790446323776,0,-2.57,0,0,GOOD_DECISION_BAD_OUTCOME,NEUTRAL_VARIANCE,82,BALANCED,,0x3b4f20bf,Sound decision met adverse tail variance. Do NOT penalize valid process.,,,,,,,,,,,,,,,,,,,SOUND_DECISION_PROCESS
trd_1790446354140_632,8nYn8uhfJxem48hC8daXA36GDoG7srezMbMyuiCgpump,$COLLEAGUE,0.0004564568324711802,0.0004234,76.74,69.9015339,-6.83846609999999,-8.911214620797486,29681,EMERGENCY_UNWIND,0,1790446354140,0,-7.24,0,0,BAD_DECISION_BAD_OUTCOME,PENALIZE_POLICY,85,DEFENSIVE,,0x44c92069,Flawed process caused loss. Penalize strategy parameters and raise adaptive HSI hurdle to 85.,,,,,,,,,,,,,,,,,,,EMERGENCY_UNWIND_SEVERE_CRASH
trd_1790446361883_518,So11111111111111111111111111111111111111112,SOL,123.27234580259164,121.44,56.62,56.76155,0.14154999999999998,0.25,120555,OPERATOR_CLOSE,1,1790446361883,0,-1.49,1,0,GOOD_DECISION_GOOD_OUTCOME,REINFORCE,82,BALANCED,,0x2793dd60,Sound decision process produced profitable outcome. Reinforce policy weights.,,,,,,,,,,,,,,,,,,,SOUND_DECISION_PROCESS
trd_1790446367975_134,8nYn8uhfJxem48hC8daXA36GDoG7srezMbMyuiCgpump,$COLLEAGUE,0.00043129482888220764,0.0003991,72.63,66.05627625,-6.573723749999999,-9.050975836431226,12518,EMERGENCY_UNWIND,0,1790446367975,0,-7.46,0,0,BAD_DECISION_BAD_OUTCOME,PENALIZE_POLICY,85,DEFENSIVE,,0x3e173fb5,Flawed process caused loss. Penalize strategy parameters and raise adaptive HSI hurdle to 85.,,,,,,,,,,,,,,,,,,,EMERGENCY_UNWIND_SEVERE_CRASH
trd_1790446385223_662,8nYn8uhfJxem48hC8daXA36GDoG7srezMbMyuiCgpump,$COLLEAGUE,0.0004058543857376798,0.0003994,64.88,65.8532,0.9732,1.5,15294,TRAILING_TARGET,1,1790446385223,4.32,0,0.3472,0,GOOD_DECISION_GOOD_OUTCOME,REINFORCE,82,BALANCED,,0x5b201945,Sound decision process produced profitable outcome. Reinforce policy weights.,,,,,,,,,,,,,,,,,,,SOUND_DECISION_PROCESS
trd_1790446418921_548,8nYn8uhfJxem48hC8daXA36GDoG7srezMbMyuiCgpump,$COLLEAGUE,0.0004048299035218629,0.0004679,49.9,56.80373505,6.903735050000002,13.835140380761526,31667,TRAILING_TARGET,1,1790446418921,0,-1.34,1,1,GOOD_DECISION_GOOD_OUTCOME,REINFORCE,82,BALANCED,,0x64710c9a,Sound decision process produced profitable outcome. Reinforce policy weights.,,,,,,,,,,,,,,,,,,,SOUND_DECISION_PROCESS
trd_1790446449537_662,8nYn8uhfJxem48hC8daXA36GDoG7srezMbMyuiCgpump,$COLLEAGUE,0.00047469163951009723,0.0004398,54.04,54.8506,0.8106,1.5,29494,TRAILING_TARGET,1,1790446449537,4.62,-1.43,0.3247,0,GOOD_DECISION_GOOD_OUTCOME,REINFORCE,82,BALANCED,,0x1edfd6c2,Sound decision process produced profitable outcome. Reinforce policy weights.,,,,,,,,,,,,,,,,,,,SOUND_DECISION_PROCESS
trd_1790446484431_436,J77QVaVJwY3Tww67NG1PYEW1EhbNfGvCMTWA8Taypump,Randomcoin,0.00016173107252464536,0.000109,54.53,46.8958,-7.634200000000001,-14,34257,EMERGENCY_UNWIND,0,1790446484431,0,-32.6,0,0,BAD_DECISION_BAD_OUTCOME,PENALIZE_POLICY,85,DEFENSIVE,,0x24222bf3,Flawed process caused loss. Penalize strategy parameters and raise adaptive HSI hurdle to 85.,,,,,,,,,,,,,,,,,,,CATASTROPHIC_STOP_LOSS_VIOLATION
trd_1790446484479_902,So11111111111111111111111111111111111111112,SOL,123.44748962096796,121.47,63.11,63.267775,0.157775,0.25,121022,TRAILING_TARGET,1,1790446484479,0,-1.68,1,0.0481,GOOD_DECISION_GOOD_OUTCOME,REINFORCE,82,BALANCED,,0x27445280,Sound decision process produced profitable outcome. Reinforce policy weights.,,,,,,,,,,,,,,,,,,,SOUND_DECISION_PROCESS
trd_1790446506410_196,HuAXPyDWDaMYFKuwQHpqL1oPnj93zdzWmtvFGzCeCUa7,MASK,0.01606178781203052,0.01593,25.95,26.014875,0.064875,0.25,120878,TRAILING_TARGET,1,1790446506410,0,-0.82,1,0,GOOD_DECISION_GOOD_OUTCOME,REINFORCE,82,BALANCED,,0x68f6115e,Sound decision process produced profitable outcome. Reinforce policy weights.,,,,,,,,,,,,,,,,,,,SOUND_DECISION_PROCESS
trd_1790446540441_73,8nYn8uhfJxem48hC8daXA36GDoG7srezMbMyuiCgpump,$COLLEAGUE,0.00041321060987468847,0.0003158,87.9,75.59400000000001,-12.306000000000001,-14,55141,EMERGENCY_UNWIND,0,1790446540441,0.48,-23.57,0,0,BAD_DECISION_BAD_OUTCOME,PENALIZE_POLICY,85,DEFENSIVE,,0x3991c9da,Flawed process caused loss. Penalize strategy parameters and raise adaptive HSI hurdle to 85.,,,,,,,,,,,,,,,,,,,CATASTROPHIC_STOP_LOSS_VIOLATION
trd_1790446601440_679,J77QVaVJwY3Tww67NG1PYEW1EhbNfGvCMTWA8Taypump,Randomcoin,0.00010999209795930835,0.00009059,29.68,29.7542,0.0742,0.25,94001,STOP_LOSS,0,1790446601440,1.28,-8.63,0.1953,0,BAD_DECISION_GOOD_OUTCOME,DO_NOT_REINFORCE_LUCK,82,BALANCED,,0x2cb9970e,Flawed process produced lucky profit. Strictly avoid reinforcing bad habits.,,,,,,,,,,,,,,,,,,,LUCKY_STOP_LOSS_REVERSAL
trd_1790446602759_921,8nYn8uhfJxem48hC8daXA36GDoG7srezMbMyuiCgpump,$COLLEAGUE,0.000320607752918965,0.0003632,28.615,32.10472425,3.4897242499999983,12.195436833828406,61544,TRAILING_TARGET,1,1790446602759,13.28,-8.24,0.9183,1,GOOD_DECISION_GOOD_OUTCOME,REINFORCE,82,BALANCED,,0x17f5bbfe,Sound decision process produced profitable outcome. Reinforce policy weights.,,,,,,,,,,,,,,,,,,,SOUND_DECISION_PROCESS
trd_1790446606486_69,8nYn8uhfJxem48hC8daXA36GDoG7srezMbMyuiCgpump,$COLLEAGUE,0.000320607752918965,0.0003557,28.615,31.44640155,2.831401550000002,9.89481583085795,65271,TRAILING_TARGET,1,1790446606486,13.28,-8.24,0.7451,0.8913,GOOD_DECISION_GOOD_OUTCOME,REINFORCE,82,BALANCED,,0x410e9e8b,Sound decision process produced profitable outcome. Reinforce policy weights.,,,,,,,,,,,,,,,,,,,SOUND_DECISION_PROCESS
trd_1790446606990_219,4637zwiYPNMJwvG4E2c8k4yEwz9U6TkuvuWPqESSFkgE,ZACK,0.00024105465244110284,0.0002336,40.74,39.039755400000004,-1.7002445999999978,-4.173403534609714,4775,EMERGENCY_UNWIND,1,1790446606990,0,-3.09,0,0,GOOD_DECISION_BAD_OUTCOME,NEUTRAL_VARIANCE,82,BALANCED,,0x0e26d450,Sound decision met adverse tail variance. Do NOT penalize valid process.,,,,,,,,,,,,,,,,,,,SOUND_DECISION_PROCESS
trd_1790446607261_302,So11111111111111111111111111111111111111112,SOL,122.7235218635043,121.26,35.16,35.247899999999994,0.08789999999999999,0.25,120779,TRAILING_TARGET,1,1790446607261,0,-1.19,1,0,GOOD_DECISION_GOOD_OUTCOME,REINFORCE,82,BALANCED,,0x7fc8811a,Sound decision process produced profitable outcome. Reinforce policy weights.,,,,,,,,,,,,,,,,,,,SOUND_DECISION_PROCESS
trd_1790446632769_775,J77QVaVJwY3Tww67NG1PYEW1EhbNfGvCMTWA8Taypump,Randomcoin,0.00009333322127922037,0.00009042,54.43,51.9915276,-2.4384724000000024,-4.480015432665813,25604,EMERGENCY_UNWIND,1,1790446632769,0,-3.12,0,0,GOOD_DECISION_BAD_OUTCOME,NEUTRAL_VARIANCE,82,BALANCED,,0x4d7a0999,Sound decision met adverse tail variance. Do NOT penalize valid process.,,,,,,,,,,,,,,,,,,,SOUND_DECISION_PROCESS
trd_1790446633407_548,777XNvfVmvumMEc6M9yxJQJQnQtjbUYJyx53cqrwo777,7,0.0009153217522764688,0.0007916,37.03,31.8458,-5.184200000000001,-14,25854,STOP_LOSS,0,1790446633407,0,-13.52,0,0,BAD_DECISION_BAD_OUTCOME,PENALIZE_POLICY,85,DEFENSIVE,,0x24c03a5e,Flawed process caused loss. Penalize strategy parameters and raise adaptive HSI hurdle to 85.,,,,,,,,,,,,,,,,,,,CATASTROPHIC_STOP_LOSS_VIOLATION
trd_1790446637150_922,8nYn8uhfJxem48hC8daXA36GDoG7srezMbMyuiCgpump,$COLLEAGUE,0.00036007891958563263,0.0003502,44.12,42.3989919,-1.7210080999999988,-3.900743653671802,28869,EMERGENCY_UNWIND,1,1790446637150,0,-2.74,0,0,GOOD_DECISION_BAD_OUTCOME,NEUTRAL_VARIANCE,82,BALANCED,,0x027212e9,Sound decision met adverse tail variance. Do NOT penalize valid process.,,,,,,,,,,,,,,,,,,,SOUND_DECISION_PROCESS
trd_1790446641131_805,DVbyFeAZCaLjg1SrjyF4M6nPj1B3MvVH4Ue8Gmwbpump,MuseXT,0.0001317800114035089,0.0001276,67.95,64.6867428,-3.263257199999998,-4.8024388520971275,6108,EMERGENCY_UNWIND,1,1790446641131,0,-3.17,0,0,GOOD_DECISION_BAD_OUTCOME,NEUTRAL_VARIANCE,82,BALANCED,,0x608eb11f,Sound decision met adverse tail variance. Do NOT penalize valid process.,,,,,,,,,,,,,,,,,,,SOUND_DECISION_PROCESS
trd_1790446641880_140,8nYn8uhfJxem48hC8daXA36GDoG7srezMbMyuiCgpump,$COLLEAGUE,0.0003535866826800358,0.0003407,32.24,30.77540925,-1.464590750000003,-4.542775279156336,4234,EMERGENCY_UNWIND,1,1790446641880,0,-3.64,0,0,GOOD_DECISION_BAD_OUTCOME,NEUTRAL_VARIANCE,82,BALANCED,,0x7034e94b,Sound decision met adverse tail variance. Do NOT penalize valid process.,,,,,,,,,,,,,,,,,,,SOUND_DECISION_PROCESS
trd_1790446675295_215,J77QVaVJwY3Tww67NG1PYEW1EhbNfGvCMTWA8Taypump,Randomcoin,0.00008778900730172786,0.0001022,27.89,32.1556797,4.2656797,15.294656507708854,33384,TRAILING_TARGET,1,1790446675295,16.42,-1.47,0.9315,1,GOOD_DECISION_GOOD_OUTCOME,REINFORCE,82,BALANCED,,0x16f908f4,Sound decision process produced profitable outcome. Reinforce policy weights.,,,,,,,,,,,,,,,,,,,SOUND_DECISION_PROCESS
trd_1790446675807_695,8nYn8uhfJxem48hC8daXA36GDoG7srezMbMyuiCgpump,$COLLEAGUE,0.00034464138256341527,0.0002336,40.78,35.0708,-5.709200000000001,-14,33010,EMERGENCY_UNWIND,0,1790446675807,0,-32.22,0,0,BAD_DECISION_BAD_OUTCOME,PENALIZE_POLICY,85,DEFENSIVE,,0x2b9d1fae,Flawed process caused loss. Penalize strategy parameters and raise adaptive HSI hurdle to 85.,,,,,,,,,,,,,,,,,,,CATASTROPHIC_STOP_LOSS_VIOLATION
trd_1790446676350_172,J77QVaVJwY3Tww67NG1PYEW1EhbNfGvCMTWA8Taypump,Randomcoin,0.00008778900730172786,0.0001022,27.89,32.1556797,4.2656797,15.294656507708854,34439,TRAILING_TARGET,1,1790446676350,16.42,-1.47,0.9315,1,GOOD_DECISION_GOOD_OUTCOME,REINFORCE,82,BALANCED,,0x16f89155,Sound decision process produced profitable outcome. Reinforce policy weights.,,,,,,,,,,,,,,,,,,,SOUND_DECISION_PROCESS
trd_1790446680356_442,777XNvfVmvumMEc6M9yxJQJQnQtjbUYJyx53cqrwo777,7,0.0008944056081964091,0.0004539,75.94,65.3084,-10.631599999999999,-14,3103,STOP_LOSS,0,1790446680356,0,-1.9,0,0,BAD_DECISION_BAD_OUTCOME,PENALIZE_POLICY,85,DEFENSIVE,,0x7e77b2cb,Flawed process caused loss. Penalize strategy parameters and raise adaptive HSI hurdle to 85.,,,,,,,,,,,,,,,,,,,CATASTROPHIC_STOP_LOSS_VIOLATION
trd_1790446681371_957,8nYn8uhfJxem48hC8daXA36GDoG7srezMbMyuiCgpump,$COLLEAGUE,0.0002354832400282934,0.0002215,25,23.335048949999997,-1.6649510500000024,-6.659804200000011,4055,EMERGENCY_UNWIND,1,1790446681371,0,-5.94,0,0,GOOD_DECISION_BAD_OUTCOME,NEUTRAL_VARIANCE,82,BALANCED,,0x41e99ecf,Sound decision met adverse tail variance. Do NOT penalize valid process.,,,,,,,,,,,,,,,,,,,SOUND_DECISION_PROCESS
trd_1790446685046_97,J77QVaVJwY3Tww67NG1PYEW1EhbNfGvCMTWA8Taypump,Randomcoin,0.0001184074038696744,0.0001022,54.56,46.9216,-7.638400000000001,-14,3800,EMERGENCY_UNWIND,0,1790446685046,0,-13.69,0,0,BAD_DECISION_BAD_OUTCOME,PENALIZE_POLICY,85,DEFENSIVE,,0x55f16e08,Flawed process caused loss. Penalize strategy parameters and raise adaptive HSI hurdle to 85.,,,,,,,,,,,,,,,,,,,CATASTROPHIC_STOP_LOSS_VIOLATION
trd_1790446688195_519,8nYn8uhfJxem48hC8daXA36GDoG7srezMbMyuiCgpump,$COLLEAGUE,0.00022381876913488507,0.0002207,35.83,36.36745,0.53745,1.5,5758,TRAILING_TARGET,1,1790446688195,4.37,-1.04,0.3432,0,GOOD_DECISION_GOOD_OUTCOME,REINFORCE,82,BALANCED,,0x3f77e244,Sound decision process produced profitable outcome. Reinforce policy weights.,,,,,,,,,,,,,,,,,,,SOUND_DECISION_PROCESS
trd_1790446723260_519,J77QVaVJwY3Tww67NG1PYEW1EhbNfGvCMTWA8Taypump,Randomcoin,0.00010342090835087729,0.0001363,21.24000000000005,27.7503489,6.510348899999948,30.651360169491205,36821,TRAILING_TARGET,1,1790446723260,31.79,-1.18,0.9642,1,GOOD_DECISION_GOOD_OUTCOME,REINFORCE,82,BALANCED,,0x4064acf9,Sound decision process produced profitable outcome. Reinforce policy weights.,,,,,,,,,,,,,,,,,,,SOUND_DECISION_PROCESS
trd_1790446723740_830,DVbyFeAZCaLjg1SrjyF4M6nPj1B3MvVH4Ue8Gmwbpump,MuseXT,0.00013235700995321652,0.000129,38.81,37.4173536,-1.3926464000000038,-3.588370007729976,34395,EMERGENCY_UNWIND,1,1790446723740,0,-2.54,0,0,GOOD_DECISION_BAD_OUTCOME,NEUTRAL_VARIANCE,82,BALANCED,,0x1395dd4c,Sound decision met adverse tail variance. Do NOT penalize valid process.,,,,,,,,,,,,,,,,,,,SOUND_DECISION_PROCESS
trd_1790446724162_100,J77QVaVJwY3Tww67NG1PYEW1EhbNfGvCMTWA8Taypump,Randomcoin,0.00010342090835087729,0.0001363,21.239999999999945,27.7503489,6.510348900000054,30.65136016949186,37723,TRAILING_TARGET,1,1790446724162,31.79,-1.18,0.9642,1,GOOD_DECISION_GOOD_OUTCOME,REINFORCE,82,BALANCED,,0x0475f4d6,Sound decision process produced profitable outcome. Reinforce policy weights.,,,,,,,,,,,,,,,,,,,SOUND_DECISION_PROCESS
trd_1790446758527_254,So11111111111111111111111111111111111111112,SOL,122.38708966958943,121.36,27.18,27.24795,0.06795,0.25,121203,TRAILING_TARGET,1,1790446758527,0,-0.92,1,0.0887,GOOD_DECISION_GOOD_OUTCOME,REINFORCE,82,BALANCED,,0x1f3db76b,Sound decision process produced profitable outcome. Reinforce policy weights.,,,,,,,,,,,,,,,,,,,SOUND_DECISION_PROCESS
trd_1790446763412_268,J77QVaVJwY3Tww67NG1PYEW1EhbNfGvCMTWA8Taypump,Randomcoin,0.00012462901429712622,0.0001205,29.86,28.6154187,-1.2445813,-4.16805525787006,3149,EMERGENCY_UNWIND,1,1790446763412,0,-3.31,0,0,GOOD_DECISION_BAD_OUTCOME,NEUTRAL_VARIANCE,82,BALANCED,,0x44981afa,Sound decision met adverse tail variance. Do NOT penalize valid process.,,,,,,,,,,,,,,,,,,,SOUND_DECISION_PROCESS
trd_1790446766384_304,8nYn8uhfJxem48hC8daXA36GDoG7srezMbMyuiCgpump,$COLLEAGUE,0.00022368891679057406,0.0002616,25,28.97614845,3.97614845,15.9045938,40997,TRAILING_TARGET,1,1790446766384,7.38,-1.74,1,1,GOOD_DECISION_GOOD_OUTCOME,REINFORCE,82,BALANCED,,0x2bcd28b6,Sound decision process produced profitable outcome. Reinforce policy weights.,,,,,,,,,,,,,,,,,,,SOUND_DECISION_PROCESS
trd_1790446782217_670,8nYn8uhfJxem48hC8daXA36GDoG7srezMbMyuiCgpump,$COLLEAGUE,0.0002639426670721219,0.0001597,29.02,24.9572,-4.062799999999999,-14,13836,STOP_LOSS,0,1790446782217,0,-39.49,0,0,BAD_DECISION_BAD_OUTCOME,PENALIZE_POLICY,85,DEFENSIVE,,0x46727a16,Flawed process caused loss. Penalize strategy parameters and raise adaptive HSI hurdle to 85.,,,,,,,,,,,,,,,,,,,CATASTROPHIC_STOP_LOSS_VIOLATION
trd_1790446814437_730,777XNvfVmvumMEc6M9yxJQJQnQtjbUYJyx53cqrwo777,7,0.0007762853583157948,0.0007883,71.28,73.7748,2.4948,3.5,89003,TRAILING_TARGET,1,1790446814437,8.07,-1.76,0.4337,0.3368,GOOD_DECISION_GOOD_OUTCOME,REINFORCE,82,BALANCED,,0x05cbfbf5,Sound decision process produced profitable outcome. Reinforce policy weights.,,,,,,,,,,,,,,,,,,,SOUND_DECISION_PROCESS
trd_1790446815589_56,J77QVaVJwY3Tww67NG1PYEW1EhbNfGvCMTWA8Taypump,Randomcoin,0.00015711108019605263,0.0001239,26.59,22.8674,-3.7226,-14,23346,STOP_LOSS,0,1790446815589,0,-21.14,0,0,BAD_DECISION_BAD_OUTCOME,PENALIZE_POLICY,85,DEFENSIVE,,0x43bfa230,Flawed process caused loss. Penalize strategy parameters and raise adaptive HSI hurdle to 85.,,,,,,,,,,,,,,,,,,,CATASTROPHIC_STOP_LOSS_VIOLATION
trd_1790446857768_641,8nYn8uhfJxem48hC8daXA36GDoG7srezMbMyuiCgpump,$COLLEAGUE,0.00015149564546365933,0.0001746,27.450000000000077,31.337502599999997,3.88750259999992,14.162122404371253,42494,TRAILING_TARGET,1,1790446857768,15.25,-1.45,0.9287,1,GOOD_DECISION_GOOD_OUTCOME,REINFORCE,82,BALANCED,,0x2d8e8aaa,Sound decision process produced profitable outcome. Reinforce policy weights.,,,,,,,,,,,,,,,,,,,SOUND_DECISION_PROCESS
trd_1790446874436_3,8nYn8uhfJxem48hC8daXA36GDoG7srezMbMyuiCgpump,$COLLEAGUE,0.00015149564546365933,0.0001746,27.44999999999992,31.337502599999997,3.887502600000076,14.162122404371901,59162,TRAILING_TARGET,1,1790446874436,15.25,-1.45,0.9287,1,GOOD_DECISION_GOOD_OUTCOME,REINFORCE,82,BALANCED,,0x34335ae9,Sound decision process produced profitable outcome. Reinforce policy weights.,,,,,,,,,,,,,,,,,,,SOUND_DECISION_PROCESS
trd_1790446885878_357,So11111111111111111111111111111111111111112,SOL,122.4494946609855,121.32,29.12,29.192800000000002,0.0728,0.25,121631,OPERATOR_CLOSE,1,1790446885878,0,-1,1,0.0738,GOOD_DECISION_GOOD_OUTCOME,REINFORCE,82,BALANCED,,0x73d6e79e,Sound decision process produced profitable outcome. Reinforce policy weights.,,,,,,,,,,,,,,,,,,,SOUND_DECISION_PROCESS
trd_1790446890016_873,8nYn8uhfJxem48hC8daXA36GDoG7srezMbMyuiCgpump,$COLLEAGUE,0.00017705053747761043,0.0002019,25.940000000000087,29.3145711,3.3745710999999114,13.009140709328836,13623,TRAILING_TARGET,1,1790446890016,14.04,-1.38,0.9266,1,GOOD_DECISION_GOOD_OUTCOME,REINFORCE,82,BALANCED,,0x0e69fdb9,Sound decision process produced profitable outcome. Reinforce policy weights.,,,,,,,,,,,,,,,,,,,SOUND_DECISION_PROCESS
trd_1790446894201_910,8nYn8uhfJxem48hC8daXA36GDoG7srezMbMyuiCgpump,$COLLEAGUE,0.00017705053747761043,0.0002209,25.939999999999916,32.0535978,6.113597800000083,23.568225905937172,17808,TRAILING_TARGET,1,1790446894201,24.77,-1.38,0.9515,1,GOOD_DECISION_GOOD_OUTCOME,REINFORCE,82,BALANCED,,0x197ea63e,Sound decision process produced profitable outcome. Reinforce policy weights.,,,,,,,,,,,,,,,,,,,SOUND_DECISION_PROCESS
trd_1790446941994_648,8nYn8uhfJxem48hC8daXA36GDoG7srezMbMyuiCgpump,$COLLEAGUE,0.00020474491437092813,0.0002398,26.065,30.246681300000002,4.181681300000001,16.04328141185498,33506,TRAILING_TARGET,1,1790446941994,17.12,-1.39,0.9371,1,GOOD_DECISION_GOOD_OUTCOME,REINFORCE,82,BALANCED,,0x3242f07d,Sound decision process produced profitable outcome. Reinforce policy weights.,,,,,,,,,,,,,,,,,,,SOUND_DECISION_PROCESS
trd_1790446944105_109,4MMQY9bwkxxTtsK3W227Q5ABT6yFY8Pmn9Ze7wmAXKY8,ALLINU,0.00948495475612899,0.009387,35.68,35.7692,0.0892,0.25,120906,OPERATOR_CLOSE,1,1790446944105,0,-1.03,1,0,GOOD_DECISION_GOOD_OUTCOME,REINFORCE,82,BALANCED,,0x607f7333,Sound decision process produced profitable outcome. Reinforce policy weights.,,,,,,,,,,,,,,,,,,,SOUND_DECISION_PROCESS
trd_1790446958206_339,8nYn8uhfJxem48hC8daXA36GDoG7srezMbMyuiCgpump,$COLLEAGUE,0.00020474491437092813,0.000228,26.065,28.767827399999998,2.7028273999999963,10.369566084788016,49718,TRAILING_TARGET,1,1790446958206,17.12,-1.39,0.6057,0.6887,GOOD_DECISION_GOOD_OUTCOME,REINFORCE,82,BALANCED,,0x083be1ce,Sound decision process produced profitable outcome. Reinforce policy weights.,,,,,,,,,,,,,,,,,,,SOUND_DECISION_PROCESS
trd_1790446962312_351,4NeDhc3jnUGGzKcsFgmPkyCKk9gVaqPpCkSNJ8kGpump,Elizabeth,0.000043045454859432745,0.00003768,60.46,61.3669,0.9068999999999999,1.5,16131,EMERGENCY_UNWIND,0,1790446962312,5.8,-12.46,0.2586,0,BAD_DECISION_GOOD_OUTCOME,DO_NOT_REINFORCE_LUCK,82,BALANCED,,0x68d0565e,Flawed process produced lucky profit. Strictly avoid reinforcing bad habits.,,,,,,,,,,,,,,,,,,,LUCKY_EMERGENCY_UNWIND_PROFIT
trd_1790446962824_499,8nYn8uhfJxem48hC8daXA36GDoG7srezMbMyuiCgpump,$COLLEAGUE,0.00023067105440866475,0.000191,41.44,35.6384,-5.8016,-14,2612,EMERGENCY_UNWIND,0,1790446962824,0,-17.2,0,0,BAD_DECISION_BAD_OUTCOME,PENALIZE_POLICY,85,DEFENSIVE,,0x51b42321,Flawed process caused loss. Penalize strategy parameters and raise adaptive HSI hurdle to 85.,,,,,,,,,,,,,,,,,,,CATASTROPHIC_STOP_LOSS_VIOLATION
trd_1790446980330_645,4NeDhc3jnUGGzKcsFgmPkyCKk9gVaqPpCkSNJ8kGpump,Elizabeth,0.000038024882490225576,0.00002632,29.91,25.7226,-4.1874,-14,4070,EMERGENCY_UNWIND,0,1790446980330,0,-30.78,0,0,BAD_DECISION_BAD_OUTCOME,PENALIZE_POLICY,85,DEFENSIVE,,0x11df6af2,Flawed process caused loss. Penalize strategy parameters and raise adaptive HSI hurdle to 85.,,,,,,,,,,,,,,,,,,,CATASTROPHIC_STOP_LOSS_VIOLATION
trd_1790447010543_611,So11111111111111111111111111111111111111112,SOL,122.64570952843972,121.44,38.27,38.365675,0.09567500000000001,0.25,122249,OPERATOR_CLOSE,1,1790447010543,0,-1.09,1,0.0973,GOOD_DECISION_GOOD_OUTCOME,REINFORCE,82,BALANCED,,0x1b57dc15,Sound decision process produced profitable outcome. Reinforce policy weights.,,,,,,,,,,,,,,,,,,,SOUND_DECISION_PROCESS
trd_1790447014566_56,777XNvfVmvumMEc6M9yxJQJQnQtjbUYJyx53cqrwo777,7,0.0006781251385062665,0.0005898,74.78,64.3108,-10.4692,-14,51057,STOP_LOSS,0,1790447014566,0,-13.02,0,0,BAD_DECISION_BAD_OUTCOME,PENALIZE_POLICY,85,DEFENSIVE,,0x05d35f58,Flawed process caused loss. Penalize strategy parameters and raise adaptive HSI hurdle to 85.,,,,,,,,,,,,,,,,,,,CATASTROPHIC_STOP_LOSS_VIOLATION
trd_1790447024291_147,8nYn8uhfJxem48hC8daXA36GDoG7srezMbMyuiCgpump,$COLLEAGUE,0.00019264167346876533,0.0001922,27.4,27.811,0.4109999999999999,1.5,32060,TRAILING_TARGET,1,1790447024291,4.39,-0.85,0.3417,0.1188,GOOD_DECISION_GOOD_OUTCOME,REINFORCE,82,BALANCED,,0x4e4bea50,Sound decision process produced profitable outcome. Reinforce policy weights.,,,,,,,,,,,,,,,,,,,SOUND_DECISION_PROCESS
trd_1790447058391_781,8nYn8uhfJxem48hC8daXA36GDoG7srezMbMyuiCgpump,$COLLEAGUE,0.00019562321848287412,0.0001595,68.87,59.2282,-9.6418,-14,31876,STOP_LOSS,0,1790447058391,0,-18.47,0,0,BAD_DECISION_BAD_OUTCOME,PENALIZE_POLICY,85,DEFENSIVE,,0x6e5412ba,Flawed process caused loss. Penalize strategy parameters and raise adaptive HSI hurdle to 85.,,,,,,,,,,,,,,,,,,,CATASTROPHIC_STOP_LOSS_VIOLATION
trd_1790447058621_175,777XNvfVmvumMEc6M9yxJQJQnQtjbUYJyx53cqrwo777,7,0.0005764515445864713,0.0005456,22.95,21.563589,-1.3864109999999987,-6.041006535947708,32071,EMERGENCY_UNWIND,1,1790447058621,0,-5.35,0,0,GOOD_DECISION_BAD_OUTCOME,NEUTRAL_VARIANCE,82,BALANCED,,0x2b48c379,Sound decision met adverse tail variance. Do NOT penalize valid process.,,,,,,,,,,,,,,,,,,,SOUND_DECISION_PROCESS
trd_1790447124330_780,8nYn8uhfJxem48hC8daXA36GDoG7srezMbMyuiCgpump,$COLLEAGUE,0.0001607858595227422,0.0001754,25,27.040647449999998,2.040647449999998,8.162589799999992,63867,TRAILING_TARGET,1,1790447124330,11.27,-0.8,0.7243,0.8196,GOOD_DECISION_GOOD_OUTCOME,REINFORCE,82,BALANCED,,0x3b3cf5ed,Sound decision process produced profitable outcome. Reinforce policy weights.,,,,,,,,,,,,,,,,,,,SOUND_DECISION_PROCESS
trd_1790447134213_920,So11111111111111111111111111111111111111112,SOL,122.66136788809713,121.3,33.98,34.064949999999996,0.08495,0.25,121804,TRAILING_TARGET,1,1790447134213,0,-1.11,1,0,GOOD_DECISION_GOOD_OUTCOME,REINFORCE,82,BALANCED,,0x1cb0c460,Sound decision process produced profitable outcome. Reinforce policy weights.,,,,,,,,,,,,,,,,,,,SOUND_DECISION_PROCESS
trd_1790447137001_195,8nYn8uhfJxem48hC8daXA36GDoG7srezMbMyuiCgpump,$COLLEAGUE,0.00017685769855305,0.0001987,13.06,14.58880515,1.52880515,11.706011868300154,10807,TRAILING_TARGET,1,1790447137001,12.35,-0.82,0.9479,1,GOOD_DECISION_GOOD_OUTCOME,REINFORCE,82,BALANCED,,0x7aab8c11,Sound decision process produced profitable outcome. Reinforce policy weights.,,,,,,,,,,,,,,,,,,,SOUND_DECISION_PROCESS
trd_1790447168355_942,8nYn8uhfJxem48hC8daXA36GDoG7srezMbMyuiCgpump,$COLLEAGUE,0.00017685769855305,0.00008985,13.06,13.8436,0.7836,6,42161,STOP_LOSS,0,1790447168355,12.35,-49.2,0.4858,0,BAD_DECISION_GOOD_OUTCOME,DO_NOT_REINFORCE_LUCK,82,BALANCED,,0x46bce9a2,Flawed process produced lucky profit. Strictly avoid reinforcing bad habits.,,,,,,,,,,,,,,,,,,,SEVERE_ADVERSE_EXCURSION
trd_1790447203088_704,8nYn8uhfJxem48hC8daXA36GDoG7srezMbMyuiCgpump,$COLLEAGUE,0.00009066260730325839,0.0001075,14.710000000000047,17.3312532,2.6212531999999515,17.819532290958147,32569,TRAILING_TARGET,1,1790447203088,18.57,-0.9,0.9596,1,GOOD_DECISION_GOOD_OUTCOME,REINFORCE,82,BALANCED,,0x635670cf,Sound decision process produced profitable outcome. Reinforce policy weights.,,,,,,,,,,,,,,,,,,,SOUND_DECISION_PROCESS
trd_1790447204211_235,8nYn8uhfJxem48hC8daXA36GDoG7srezMbMyuiCgpump,$COLLEAGUE,0.00009066260730325839,0.0001075,14.709999999999956,17.3312532,2.6212532000000426,17.819532290958872,33692,TRAILING_TARGET,1,1790447204211,18.57,-0.9,0.9596,1,GOOD_DECISION_GOOD_OUTCOME,REINFORCE,82,BALANCED,,0x3d950491,Sound decision process produced profitable outcome. Reinforce policy weights.,,,,,,,,,,,,,,,,,,,SOUND_DECISION_PROCESS
trd_1790447233354_501,8nYn8uhfJxem48hC8daXA36GDoG7srezMbMyuiCgpump,$COLLEAGUE,0.00010854748467000854,0.00005853,32.57,28.0102,-4.5598,-14,27032,EMERGENCY_UNWIND,0,1790447233354,0,-46.08,0,0,BAD_DECISION_BAD_OUTCOME,PENALIZE_POLICY,85,DEFENSIVE,,0x248fe44a,Flawed process caused loss. Penalize strategy parameters and raise adaptive HSI hurdle to 85.,,,,,,,,,,,,,,,,,,,CATASTROPHIC_STOP_LOSS_VIOLATION
trd_1790447238544_952,4MMQY9bwkxxTtsK3W227Q5ABT6yFY8Pmn9Ze7wmAXKY8,ALLINU,0.00885028522807085,0.008884,62.25,62.405625,0.155625,0.25,179177,TRAILING_TARGET,1,1790447238544,0,-4.96,1,1,GOOD_DECISION_GOOD_OUTCOME,REINFORCE,82,BALANCED,,0x76ec2069,Sound decision process produced profitable outcome. Reinforce policy weights.,,,,,,,,,,,,,,,,,,,SOUND_DECISION_PROCESS
trd_1790447239452_105,4NeDhc3jnUGGzKcsFgmPkyCKk9gVaqPpCkSNJ8kGpump,Elizabeth,0.00004300934007166093,0.00003338,29.83,25.653799999999997,-4.1762,-14,5024,EMERGENCY_UNWIND,0,1790447239452,0,-22.39,0,0,BAD_DECISION_BAD_OUTCOME,PENALIZE_POLICY,85,DEFENSIVE,,0x3b2dfb4d,Flawed process caused loss. Penalize strategy parameters and raise adaptive HSI hurdle to 85.,,,,,,,,,,,,,,,,,,,CATASTROPHIC_STOP_LOSS_VIOLATION
trd_1790447257331_862,So11111111111111111111111111111111111111112,SOL,122.43639723558123,121.38,30.88,30.9572,0.07719999999999999,0.25,120799,OPERATOR_CLOSE,1,1790447257331,0,-0.94,1,0.0865,GOOD_DECISION_GOOD_OUTCOME,REINFORCE,82,BALANCED,,0x3adb3300,Sound decision process produced profitable outcome. Reinforce policy weights.,,,,,,,,,,,,,,,,,,,SOUND_DECISION_PROCESS
trd_1790447259492_989,777XNvfVmvumMEc6M9yxJQJQnQtjbUYJyx53cqrwo777,7,0.0005798562152314157,0.000557,53.72,50.8913862,-2.828613799999999,-5.2654761727475785,1440,EMERGENCY_UNWIND,1,1790447259492,0,-3.94,0,0,GOOD_DECISION_BAD_OUTCOME,NEUTRAL_VARIANCE,82,BALANCED,,0x05bc6a74,Sound decision met adverse tail variance. Do NOT penalize valid process.,,,,,,,,,,,,,,,,,,,SOUND_DECISION_PROCESS
trd_1790447265502_192,8nYn8uhfJxem48hC8daXA36GDoG7srezMbMyuiCgpump,$COLLEAGUE,0.00005608583803074354,0.00006371,24.685000000000027,27.7977312,3.112731199999974,12.609808385659187,26113,TRAILING_TARGET,1,1790447265502,13.59,-1.33,0.9279,1,GOOD_DECISION_GOOD_OUTCOME,REINFORCE,82,BALANCED,,0x12445bfd,Sound decision process produced profitable outcome. Reinforce policy weights.,,,,,,,,,,,,,,,,,,,SOUND_DECISION_PROCESS
trd_1790447269308_586,j7HvTmrr9QGbiz1gwiSuB4QbyfnfwRuYkvUphncpump,e/cat,0.0001388747049022559,0.0001337,37.02,35.27280435,-1.7471956500000019,-4.71959927066451,5631,EMERGENCY_UNWIND,1,1790447269308,0,-3.73,0,0,GOOD_DECISION_BAD_OUTCOME,NEUTRAL_VARIANCE,82,BALANCED,,0x416a506b,Sound decision met adverse tail variance. Do NOT penalize valid process.,,,,,,,,,,,,,,,,,,,SOUND_DECISION_PROCESS
trd_1790447298534_761,8nYn8uhfJxem48hC8daXA36GDoG7srezMbMyuiCgpump,$COLLEAGUE,0.00005608583803074354,0.00007072,24.68499999999997,30.83535225,6.150352250000029,24.915342313145782,59145,TRAILING_TARGET,1,1790447298534,13.79,-1.33,1,1,GOOD_DECISION_GOOD_OUTCOME,REINFORCE,82,BALANCED,,0x21f95741,Sound decision process produced profitable outcome. Reinforce policy weights.,,,,,,,,,,,,,,,,,,,SOUND_DECISION_PROCESS
trd_1790447299405_501,j7HvTmrr9QGbiz1gwiSuB4QbyfnfwRuYkvUphncpump,e/cat,0.00013559937771929847,0.000002663,52.65,45.278999999999996,-7.371,-14,29226,STOP_LOSS,0,1790447299405,0,-98.04,0,0,BAD_DECISION_BAD_OUTCOME,PENALIZE_POLICY,85,DEFENSIVE,,0x533e1bb4,Flawed process caused loss. Penalize strategy parameters and raise adaptive HSI hurdle to 85.,,,,,,,,,,,,,,,,,,,CATASTROPHIC_STOP_LOSS_VIOLATION
trd_1790447303537_221,8nYn8uhfJxem48hC8daXA36GDoG7srezMbMyuiCgpump,$COLLEAGUE,0.00007151895048554726,0.00009093,19.77999999999997,24.9465768,5.16657680000003,26.120206268958736,4116,TRAILING_TARGET,1,1790447303537,27.14,-1.12,0.9624,1,GOOD_DECISION_GOOD_OUTCOME,REINFORCE,82,BALANCED,,0x3d6c1faf,Sound decision process produced profitable outcome. Reinforce policy weights.,,,,,,,,,,,,,,,,,,,SOUND_DECISION_PROCESS
trd_1790447305493_987,8nYn8uhfJxem48hC8daXA36GDoG7srezMbMyuiCgpump,$COLLEAGUE,0.00007151895048554726,0.00009093,9.89000000000002,12.5079585,2.6179584999999808,26.470763397370835,6072,TRAILING_TARGET,1,1790447305493,27.14,-1.12,0.9753,1,GOOD_DECISION_GOOD_OUTCOME,REINFORCE,82,BALANCED,,0x39ee4f13,Sound decision process produced profitable outcome. Reinforce policy weights.,,,,,,,,,,,,,,,,,,,SOUND_DECISION_PROCESS
trd_1790447313475_111,8nYn8uhfJxem48hC8daXA36GDoG7srezMbMyuiCgpump,$COLLEAGUE,0.00007151895048554726,0.00009444,9.890000000000017,12.98938605,3.099386049999984,31.33858493427683,14054,TRAILING_TARGET,1,1790447313475,32.05,-1.12,0.9778,1,GOOD_DECISION_GOOD_OUTCOME,REINFORCE,82,BALANCED,,0x41224c39,Sound decision process produced profitable outcome. Reinforce policy weights.,,,,,,,,,,,,,,,,,,,SOUND_DECISION_PROCESS
trd_1790447315482_712,8nYn8uhfJxem48hC8daXA36GDoG7srezMbMyuiCgpump,$COLLEAGUE,0.00009567271892932344,0.00006376,47.46,40.8156,-6.644400000000001,-14,1275,EMERGENCY_UNWIND,0,1790447315482,0,-33.36,0,0,BAD_DECISION_BAD_OUTCOME,PENALIZE_POLICY,85,DEFENSIVE,,0x3bca68e6,Flawed process caused loss. Penalize strategy parameters and raise adaptive HSI hurdle to 85.,,,,,,,,,,,,,,,,,,,CATASTROPHIC_STOP_LOSS_VIOLATION
trd_1790447363623_328,2EAmHziqpHxHeQe2Bgv6qT2byWtjUNAxP6Q1XHP3ymdZ,SEALAND,0.00003873160576390854,0.00004996,21.5,27.4945524,5.994552399999999,27.881639069767438,60275,TRAILING_TARGET,1,1790447363623,28.99,-2.35,0.9618,1,GOOD_DECISION_GOOD_OUTCOME,REINFORCE,82,BALANCED,,0x259700c9,Sound decision process produced profitable outcome. Reinforce policy weights.,,,,,,,,,,,,,,,,,,,SOUND_DECISION_PROCESS
trd_1790447364187_386,8nYn8uhfJxem48hC8daXA36GDoG7srezMbMyuiCgpump,$COLLEAGUE,0.00006688409345042121,0.00005697,43.48,37.392799999999994,-6.087199999999999,-14,34459,EMERGENCY_UNWIND,0,1790447364187,0,-14.82,0,0,BAD_DECISION_BAD_OUTCOME,PENALIZE_POLICY,85,DEFENSIVE,,0x1c513d5b,Flawed process caused loss. Penalize strategy parameters and raise adaptive HSI hurdle to 85.,,,,,,,,,,,,,,,,,,,CATASTROPHIC_STOP_LOSS_VIOLATION
trd_1790447364432_218,2EAmHziqpHxHeQe2Bgv6qT2byWtjUNAxP6Q1XHP3ymdZ,SEALAND,0.00003873160576390854,0.00004996,21.5,27.4945524,5.994552399999999,27.881639069767438,61084,TRAILING_TARGET,1,1790447364432,28.99,-2.35,0.9618,1,GOOD_DECISION_GOOD_OUTCOME,REINFORCE,82,BALANCED,,0x259693ce,Sound decision process produced profitable outcome. Reinforce policy weights.,,,,,,,,,,,,,,,,,,,SOUND_DECISION_PROCESS
trd_1790447379605_753,So11111111111111111111111111111111111111112,SOL,122.35854334366391,121.39,25,25.0625,0.0625,0.25,121398,OPERATOR_CLOSE,1,1790447379605,0,-0.87,1,0.0936,GOOD_DECISION_GOOD_OUTCOME,REINFORCE,82,BALANCED,,0x656097b8,Sound decision process produced profitable outcome. Reinforce policy weights.,,,,,,,,,,,,,,,,,,,SOUND_DECISION_PROCESS
trd_1790447381784_38,8nYn8uhfJxem48hC8daXA36GDoG7srezMbMyuiCgpump,$COLLEAGUE,0.00005782579300239456,0.00004242,56.32,48.4352,-7.8848,-14,16944,EMERGENCY_UNWIND,0,1790447381784,0,-26.64,0,0,BAD_DECISION_BAD_OUTCOME,PENALIZE_POLICY,85,DEFENSIVE,,0x02df221e,Flawed process caused loss. Penalize strategy parameters and raise adaptive HSI hurdle to 85.,,,,,,,,,,,,,,,,,,,CATASTROPHIC_STOP_LOSS_VIOLATION
trd_1790447385770_906,8nYn8uhfJxem48hC8daXA36GDoG7srezMbMyuiCgpump,$COLLEAGUE,0.00004286265907691016,0.00002952,35.68,30.6848,-4.9952,-14,1288,EMERGENCY_UNWIND,0,1790447385770,0,-31.13,0,0,BAD_DECISION_BAD_OUTCOME,PENALIZE_POLICY,85,DEFENSIVE,,0x0fbeb930,Flawed process caused loss. Penalize strategy parameters and raise adaptive HSI hurdle to 85.,,,,,,,,,,,,,,,,,,,CATASTROPHIC_STOP_LOSS_VIOLATION
trd_1790447442153_965,2EAmHziqpHxHeQe2Bgv6qT2byWtjUNAxP6Q1XHP3ymdZ,SEALAND,0.00007221880118696755,0.00009125,16.345000000000034,20.506748249999998,4.161748249999963,25.46190425206457,33667,TRAILING_TARGET,1,1790447442153,26.35,-0.97,0.9663,1,GOOD_DECISION_GOOD_OUTCOME,REINFORCE,82,BALANCED,,0x03fdfdbb,Sound decision process produced profitable outcome. Reinforce policy weights.,,,,,,,,,,,,,,,,,,,SOUND_DECISION_PROCESS
trd_1790447444130_222,2EAmHziqpHxHeQe2Bgv6qT2byWtjUNAxP6Q1XHP3ymdZ,SEALAND,0.00007221880118696755,0.00009125,8.172500000000017,10.27678995,2.1042899499999823,25.748423982869106,35644,TRAILING_TARGET,1,1790447444130,26.35,-0.97,0.9772,1,GOOD_DECISION_GOOD_OUTCOME,REINFORCE,82,BALANCED,,0x37425376,Sound decision process produced profitable outcome. Reinforce policy weights.,,,,,,,,,,,,,,,,,,,SOUND_DECISION_PROCESS
trd_1790447458445_429,2EAmHziqpHxHeQe2Bgv6qT2byWtjUNAxP6Q1XHP3ymdZ,SEALAND,0.00007221880118696755,0.00009125,8.172499999999946,10.27678995,2.1042899500000534,25.7484239828702,49959,TRAILING_TARGET,1,1790447458445,26.35,-0.97,0.9772,1,GOOD_DECISION_GOOD_OUTCOME,REINFORCE,82,BALANCED,,0x0ebf352d,Sound decision process produced profitable outcome. Reinforce policy weights.,,,,,,,,,,,,,,,,,,,SOUND_DECISION_PROCESS
trd_1790447494291_206,8nYn8uhfJxem48hC8daXA36GDoG7srezMbMyuiCgpump,$COLLEAGUE,0.00004328614989573935,0.00001282,37.71,37.804275000000004,0.094275,0.25,34017,EMERGENCY_UNWIND,0,1790447494291,1.4,-70.38,0.1786,0,BAD_DECISION_GOOD_OUTCOME,DO_NOT_REINFORCE_LUCK,82,BALANCED,,0x4a92ce7b,Flawed process produced lucky profit. Strictly avoid reinforcing bad habits.,,,,,,,,,,,,,,,,,,,SEVERE_ADVERSE_EXCURSION
trd_1790447501519_417,So11111111111111111111111111111111111111112,SOL,122.36862426183329,121.39,25,25.0625,0.0625,0.25,121005,TRAILING_TARGET,1,1790447501519,0,-0.8,1,0,GOOD_DECISION_GOOD_OUTCOME,REINFORCE,82,BALANCED,,0x793d206c,Sound decision process produced profitable outcome. Reinforce policy weights.,,,,,,,,,,,,,,,,,,,SOUND_DECISION_PROCESS
trd_1790447506340_917,777XNvfVmvumMEc6M9yxJQJQnQtjbUYJyx53cqrwo777,7,0.0006334660376140379,0.0005396,54.06,54.195150000000005,0.13515,0.25,125932,STOP_LOSS,0,1790447506340,2.31,-3.69,0.1082,0,BAD_DECISION_GOOD_OUTCOME,DO_NOT_REINFORCE_LUCK,82,BALANCED,,0x7aca086f,Flawed process produced lucky profit. Strictly avoid reinforcing bad habits.,,,,,,,,,,,,,,,,,,,LUCKY_STOP_LOSS_REVERSAL
trd_1790447507952_630,2EAmHziqpHxHeQe2Bgv6qT2byWtjUNAxP6Q1XHP3ymdZ,SEALAND,0.00006579945489874688,0.00007631,37.77,43.273548600000005,5.503548600000001,14.571216838760925,11763,TRAILING_TARGET,1,1790447507952,15.97,-1.08,0.9124,1,GOOD_DECISION_GOOD_OUTCOME,REINFORCE,82,BALANCED,,0x045b5f6a,Sound decision process produced profitable outcome. Reinforce policy weights.,,,,,,,,,,,,,,,,,,,SOUND_DECISION_PROCESS
trd_1790447515537_82,7jUfANVLv5eabyon81m7GY5QttAhgxevZqmXUn4Bpump,ATTENTION,0.00005107428580445673,0.00006643,28.21,36.3044607,8.094460699999999,28.693586316908892,3149,TRAILING_TARGET,1,1790447515537,0,-0.87,1,1,GOOD_DECISION_GOOD_OUTCOME,REINFORCE,82,BALANCED,,0x1a0d0902,Sound decision process produced profitable outcome. Reinforce policy weights.,,,,,,,,,,,,,,,,,,,SOUND_DECISION_PROCESS
trd_1790447550209_606,4637zwiYPNMJwvG4E2c8k4yEwz9U6TkuvuWPqESSFkgE,ZACK,0.00019956363654018836,0.0002506,70.54,86.6569089,16.1169089,22.84790034023249,38898,TRAILING_TARGET,1,1790447550209,25.57,-1.79,0.8935,1,GOOD_DECISION_GOOD_OUTCOME,REINFORCE,82,BALANCED,,0x18745a5b,Sound decision process produced profitable outcome. Reinforce policy weights.,,,,,,,,,,,,,,,,,,,SOUND_DECISION_PROCESS
trd_1790447550303_272,7jUfANVLv5eabyon81m7GY5QttAhgxevZqmXUn4Bpump,ATTENTION,0.00006708482553918135,0.0002344,16.54,56.9185053,40.3785053,244.12639238210397,32881,TRAILING_TARGET,1,1790447550303,249.41,-0.98,0.9788,1,GOOD_DECISION_GOOD_OUTCOME,REINFORCE,82,BALANCED,,0x06d809bd,Sound decision process produced profitable outcome. Reinforce policy weights.,,,,,,,,,,,,,,,,,,,SOUND_DECISION_PROCESS
trd_1790447551219_45,7jUfANVLv5eabyon81m7GY5QttAhgxevZqmXUn4Bpump,ATTENTION,0.00006708482553918135,0.0002344,16.54,56.9185053,40.3785053,244.12639238210397,33797,TRAILING_TARGET,1,1790447551219,249.41,-0.98,0.9788,1,GOOD_DECISION_GOOD_OUTCOME,REINFORCE,82,BALANCED,,0x06d798fa,Sound decision process produced profitable outcome. Reinforce policy weights.,,,,,,,,,,,,,,,,,,,SOUND_DECISION_PROCESS
trd_1790447575410_438,7jUfANVLv5eabyon81m7GY5QttAhgxevZqmXUn4Bpump,ATTENTION,0.00023883683708240274,0.0001079,73.9,63.554,-10.346000000000002,-14,22992,STOP_LOSS,0,1790447575410,0,-1.86,0,0,BAD_DECISION_BAD_OUTCOME,PENALIZE_POLICY,85,DEFENSIVE,,0x376aa3a5,Flawed process caused loss. Penalize strategy parameters and raise adaptive HSI hurdle to 85.,,,,,,,,,,,,,,,,,,,CATASTROPHIC_STOP_LOSS_VIOLATION
trd_1790447623388_307,So11111111111111111111111111111111111111112,SOL,122.50727917401414,121.39,30.14,30.21535,0.07535,0.25,120976,TRAILING_TARGET,1,1790447623388,0,-0.99,1,0.0822,GOOD_DECISION_GOOD_OUTCOME,REINFORCE,82,BALANCED,,0x74e07f14,Sound decision process produced profitable outcome. Reinforce policy weights.,,,,,,,,,,,,,,,,,,,SOUND_DECISION_PROCESS
trd_1790447627414_911,7jUfANVLv5eabyon81m7GY5QttAhgxevZqmXUn4Bpump,ATTENTION,0.00010979348160263608,0.00007493,67.69,70.05915,2.36915,3.5,49969,STOP_LOSS,0,1790447627414,9.75,-1.72,0.359,0,BAD_DECISION_GOOD_OUTCOME,DO_NOT_REINFORCE_LUCK,82,BALANCED,,0x51e57f73,Flawed process produced lucky profit. Strictly avoid reinforcing bad habits.,,,,,,,,,,,,,,,,,,,LUCKY_STOP_LOSS_REVERSAL
trd_1790447628875_61,777XNvfVmvumMEc6M9yxJQJQnQtjbUYJyx53cqrwo777,7,0.00047660866524812064,0.0004416,45.21,41.40001875,-3.8099812500000003,-8.427297611147976,4578,EMERGENCY_UNWIND,0,1790447628875,0,-7.35,0,0,BAD_DECISION_BAD_OUTCOME,PENALIZE_POLICY,85,DEFENSIVE,,0x15ad8b3c,Flawed process caused loss. Penalize strategy parameters and raise adaptive HSI hurdle to 85.,,,,,,,,,,,,,,,,,,,EMERGENCY_UNWIND_SEVERE_CRASH
trd_1790447632536_144,7jUfANVLv5eabyon81m7GY5QttAhgxevZqmXUn4Bpump,ATTENTION,0.0000761188592862156,0.00005089,60.12,51.703199999999995,-8.4168,-14,4174,STOP_LOSS,0,1790447632536,0,-33.14,0,0,BAD_DECISION_BAD_OUTCOME,PENALIZE_POLICY,85,DEFENSIVE,,0x14e89ddb,Flawed process caused loss. Penalize strategy parameters and raise adaptive HSI hurdle to 85.,,,,,,,,,,,,,,,,,,,CATASTROPHIC_STOP_LOSS_VIOLATION
trd_1790447636257_37,4637zwiYPNMJwvG4E2c8k4yEwz9U6TkuvuWPqESSFkgE,ZACK,0.00025676187468414596,0.0002171,99.37,85.4582,-13.911800000000001,-14,84757,STOP_LOSS,0,1790447636257,0,-15.45,0,0,BAD_DECISION_BAD_OUTCOME,PENALIZE_POLICY,85,DEFENSIVE,,0x6acfade4,Flawed process caused loss. Penalize strategy parameters and raise adaptive HSI hurdle to 85.,,,,,,,,,,,,,,,,,,,CATASTROPHIC_STOP_LOSS_VIOLATION
trd_1790447640964_265,4637zwiYPNMJwvG4E2c8k4yEwz9U6TkuvuWPqESSFkgE,ZACK,0.00022109358759572686,0.0002129,71.5,67.6457337,-3.8542663000000057,-5.390582237762246,3586,EMERGENCY_UNWIND,1,1790447640964,0,-3.71,0,0,GOOD_DECISION_BAD_OUTCOME,NEUTRAL_VARIANCE,82,BALANCED,,0x632cba96,Sound decision met adverse tail variance. Do NOT penalize valid process.,,,,,,,,,,,,,,,,,,,SOUND_DECISION_PROCESS
trd_1790447714210_56,777XNvfVmvumMEc6M9yxJQJQnQtjbUYJyx53cqrwo777,7,0.00047240472424394373,0.0004177,50.57,50.696425,0.126425,0.25,80946,TRAILING_TARGET,1,1790447714210,0,-1.76,1,0,GOOD_DECISION_GOOD_OUTCOME,REINFORCE,82,BALANCED,,0x507f758f,Sound decision process produced profitable outcome. Reinforce policy weights.,,,,,,,,,,,,,,,,,,,SOUND_DECISION_PROCESS
trd_1790447751053_865,So11111111111111111111111111111111111111112,SOL,122.97253590391828,121.19,48.89,49.012225,0.122225,0.25,120848,OPERATOR_CLOSE,1,1790447751053,0,-1.45,1,0,GOOD_DECISION_GOOD_OUTCOME,REINFORCE,82,BALANCED,,0x3057e0a9,Sound decision process produced profitable outcome. Reinforce policy weights.,,,,,,,,,,,,,,,,,,,SOUND_DECISION_PROCESS
trd_1790447763393_481,4637zwiYPNMJwvG4E2c8k4yEwz9U6TkuvuWPqESSFkgE,ZACK,0.00021670751284878878,0.0002119,69.2,69.373,0.17300000000000001,0.25,120985,OPERATOR_CLOSE,1,1790447763393,0,-4.2,1,0.4721,GOOD_DECISION_GOOD_OUTCOME,REINFORCE,82,BALANCED,,0x38b7ee60,Sound decision process produced profitable outcome. Reinforce policy weights.,,,,,,,,,,,,,,,,,,,SOUND_DECISION_PROCESS
trd_1790447767145_811,7jUfANVLv5eabyon81m7GY5QttAhgxevZqmXUn4Bpump,ATTENTION,0.00008824589381988316,0.00009943,26.320000000000043,29.38841385,3.0684138499999567,11.658107332826564,14835,TRAILING_TARGET,1,1790447767145,12.67,-1.4,0.9201,1,GOOD_DECISION_GOOD_OUTCOME,REINFORCE,82,BALANCED,,0x4446b0df,Sound decision process produced profitable outcome. Reinforce policy weights.,,,,,,,,,,,,,,,,,,,SOUND_DECISION_PROCESS
trd_1790447797438_552,777XNvfVmvumMEc6M9yxJQJQnQtjbUYJyx53cqrwo777,7,0.00042413890897281353,0.0004808,29.045,32.6048706,3.5598705999999964,12.25639731451195,82451,TRAILING_TARGET,1,1790447797438,13.36,-1.52,0.9174,1,GOOD_DECISION_GOOD_OUTCOME,REINFORCE,82,BALANCED,,0x3d588058,Sound decision process produced profitable outcome. Reinforce policy weights.,,,,,,,,,,,,,,,,,,,SOUND_DECISION_PROCESS
trd_1790447800802_301,7jUfANVLv5eabyon81m7GY5QttAhgxevZqmXUn4Bpump,ATTENTION,0.00008824589381988316,0.00009083,26.31999999999995,27.899199999999947,1.579199999999997,6,48492,TRAILING_TARGET,1,1790447800802,12.67,-1.4,0.4736,0.3076,GOOD_DECISION_GOOD_OUTCOME,REINFORCE,82,BALANCED,,0x7815cdf6,Sound decision process produced profitable outcome. Reinforce policy weights.,,,,,,,,,,,,,,,,,,,SOUND_DECISION_PROCESS
trd_1790447805584_202,7jUfANVLv5eabyon81m7GY5QttAhgxevZqmXUn4Bpump,ATTENTION,0.00009265221504805921,0.00007015,79,67.94,-11.06,-14,3923,EMERGENCY_UNWIND,0,1790447805584,0,-24.29,0,0,BAD_DECISION_BAD_OUTCOME,PENALIZE_POLICY,85,DEFENSIVE,,0x087bf01e,Flawed process caused loss. Penalize strategy parameters and raise adaptive HSI hurdle to 85.,,,,,,,,,,,,,,,,,,,CATASTROPHIC_STOP_LOSS_VIOLATION
trd_1790447835202_731,7jUfANVLv5eabyon81m7GY5QttAhgxevZqmXUn4Bpump,ATTENTION,0.00007145398227910137,0.00001028,72.37,62.238200000000006,-10.1318,-14,28869,STOP_LOSS,0,1790447835202,0,-85.61,0,0,BAD_DECISION_BAD_OUTCOME,PENALIZE_POLICY,85,DEFENSIVE,,0x2484f861,Flawed process caused loss. Penalize strategy parameters and raise adaptive HSI hurdle to 85.,,,,,,,,,,,,,,,,,,,CATASTROPHIC_STOP_LOSS_VIOLATION
trd_1790447848008_270,777XNvfVmvumMEc6M9yxJQJQnQtjbUYJyx53cqrwo777,7,0.00042413890897281353,0.0004612,29.045,31.2849609,2.2399608999999994,7.71203615080048,133021,TRAILING_TARGET,1,1790447848008,13.36,-1.52,0.5772,0.6894,GOOD_DECISION_GOOD_OUTCOME,REINFORCE,82,BALANCED,,0x2a39d4a3,Sound decision process produced profitable outcome. Reinforce policy weights.,,,,,,,,,,,,,,,,,,,SOUND_DECISION_PROCESS
trd_1790447883775_943,777XNvfVmvumMEc6M9yxJQJQnQtjbUYJyx53cqrwo777,7,0.0004710735937958098,0.0004275,85.06,75.70373865,-9.356261349999997,-10.999601869268748,34818,EMERGENCY_UNWIND,0,1790447883775,0,-9.25,0,0,BAD_DECISION_BAD_OUTCOME,PENALIZE_POLICY,85,DEFENSIVE,,0x5741cc35,Flawed process caused loss. Penalize strategy parameters and raise adaptive HSI hurdle to 85.,,,,,,,,,,,,,,,,,,,CATASTROPHIC_STOP_LOSS_VIOLATION
trd_1790447885304_32,So11111111111111111111111111111111111111112,SOL,123.18204575841037,121.15,62.69,62.846725,0.156725,0.25,121063,TRAILING_TARGET,1,1790447885304,0,-1.65,1,0,GOOD_DECISION_GOOD_OUTCOME,REINFORCE,82,BALANCED,,0x5168563e,Sound decision process produced profitable outcome. Reinforce policy weights.,,,,,,,,,,,,,,,,,,,SOUND_DECISION_PROCESS
trd_1790447912944_787,GDT8UZGGuaa9YAevWxh7yBcNvj4otQUv4xf6j4RsForK,FORK,0.00013938945071698136,0.000164,34.03,39.5868882,5.556888199999996,16.329380546576537,33761,TRAILING_TARGET,1,1790447912944,3.88,-1,1,1,GOOD_DECISION_GOOD_OUTCOME,REINFORCE,82,BALANCED,,0x64d38da4,Sound decision process produced profitable outcome. Reinforce policy weights.,,,,,,,,,,,,,,,,,,,SOUND_DECISION_PROCESS
trd_1790448005677_432,777XNvfVmvumMEc6M9yxJQJQnQtjbUYJyx53cqrwo777,7,0.0004341792785714312,0.000443,59.03,59.28713985,0.25713985000000156,0.4356087582585152,120830,TRAILING_TARGET,1,1790448005677,2.03,-1.54,0.2146,1,GOOD_DECISION_GOOD_OUTCOME,REINFORCE,82,BALANCED,,0x306311e6,Sound decision process produced profitable outcome. Reinforce policy weights.,,,,,,,,,,,,,,,,,,,SOUND_DECISION_PROCESS
trd_1790448007748_546,So11111111111111111111111111111111111111112,SOL,123.10450481140667,121.19,61.32,61.4733,0.1533,0.25,121430,TRAILING_TARGET,1,1790448007748,0,-1.62,1,0.0401,GOOD_DECISION_GOOD_OUTCOME,REINFORCE,82,BALANCED,,0x77f3c3bf,Sound decision process produced profitable outcome. Reinforce policy weights.,,,,,,,,,,,,,,,,,,,SOUND_DECISION_PROCESS
trd_1790448014336_252,GDT8UZGGuaa9YAevWxh7yBcNvj4otQUv4xf6j4RsForK,FORK,0.00021215457823057685,0.0002024,58.83,55.29681315,-3.5331868500000003,-6.0057570117287105,5763,EMERGENCY_UNWIND,1,1790448014336,0,-4.6,0,0,GOOD_DECISION_BAD_OUTCOME,NEUTRAL_VARIANCE,82,BALANCED,,0x40a7f30c,Sound decision met adverse tail variance. Do NOT penalize valid process.,,,,,,,,,,,,,,,,,,,SOUND_DECISION_PROCESS
trd_1790448035109_426,CbcyNo7m1amFWqEQm2m4PLv1UNvpcL3C1Ujm6AkzpKoU,e/acc,0.01473243910180254,0.01466,48.28,48.4007,0.1207,0.25,121212,TRAILING_TARGET,1,1790448035109,0,-1.31,1,0.6236,GOOD_DECISION_GOOD_OUTCOME,REINFORCE,82,BALANCED,,0x4f850fef,Sound decision process produced profitable outcome. Reinforce policy weights.,,,,,,,,,,,,,,,,,,,SOUND_DECISION_PROCESS
trd_1790448135843_55,So11111111111111111111111111111111111111112,SOL,123.02126706513135,121.16,56.72,56.8618,0.1418,0.25,120965,TRAILING_TARGET,1,1790448135843,0,-1.57,1,0.0352,GOOD_DECISION_GOOD_OUTCOME,REINFORCE,82,BALANCED,,0x716b3483,Sound decision process produced profitable outcome. Reinforce policy weights.,,,,,,,,,,,,,,,,,,,SOUND_DECISION_PROCESS
trd_1790448138663_908,GDT8UZGGuaa9YAevWxh7yBcNvj4otQUv4xf6j4RsForK,FORK,0.0002572229683458658,0.00024,54.81,50.4404223,-4.369577700000001,-7.972227148330598,1743,EMERGENCY_UNWIND,0,1790448138663,0,-6.7,0,0,BAD_DECISION_BAD_OUTCOME,PENALIZE_POLICY,85,DEFENSIVE,,0x79eb569a,Flawed process caused loss. Penalize strategy parameters and raise adaptive HSI hurdle to 85.,,,,,,,,,,,,,,,,,,,EMERGENCY_UNWIND_SEVERE_CRASH
trd_1790448173513_569,777XNvfVmvumMEc6M9yxJQJQnQtjbUYJyx53cqrwo777,7,0.00044951389124478215,0.0004774,54.89,57.4075995,2.5175995000000024,4.586626890143929,167287,TRAILING_TARGET,1,1790448173513,9.36,-1.74,0.49,0.7154,GOOD_DECISION_GOOD_OUTCOME,REINFORCE,82,BALANCED,,0x7e017f6b,Sound decision process produced profitable outcome. Reinforce policy weights.,,,,,,,,,,,,,,,,,,,SOUND_DECISION_PROCESS
trd_1790448182549_191,777XNvfVmvumMEc6M9yxJQJQnQtjbUYJyx53cqrwo777,7,0.0004844653285614053,0.000426,55.32,48.0047433,-7.315256699999999,-13.223529826464206,8323,STOP_LOSS,0,1790448182549,0,-12.07,0,0,BAD_DECISION_BAD_OUTCOME,PENALIZE_POLICY,85,DEFENSIVE,,0x474e4057,Flawed process caused loss. Penalize strategy parameters and raise adaptive HSI hurdle to 85.,,,,,,,,,,,,,,,,,,,CATASTROPHIC_STOP_LOSS_VIOLATION
trd_1790448221334_747,CbcyNo7m1amFWqEQm2m4PLv1UNvpcL3C1Ujm6AkzpKoU,e/acc,0.014865234121306614,0.01557,51.72,53.39545275,1.6754527499999983,3.2394678074245906,185160,TRAILING_TARGET,1,1790448221334,6.83,-1.92,0.4743,0.7615,GOOD_DECISION_GOOD_OUTCOME,REINFORCE,82,BALANCED,,0x5aae86da,Sound decision process produced profitable outcome. Reinforce policy weights.,,,,,,,,,,,,,,,,,,,SOUND_DECISION_PROCESS
trd_1790448224999_135,GDT8UZGGuaa9YAevWxh7yBcNvj4otQUv4xf6j4RsForK,FORK,0.0002154376092314119,0.0002444,25.465,28.6328175,3.1678175000000017,12.439888081680744,41488,TRAILING_TARGET,1,1790448224999,13.44,-5.91,0.9256,1,GOOD_DECISION_GOOD_OUTCOME,REINFORCE,82,BALANCED,,0x1dd3e762,Sound decision process produced profitable outcome. Reinforce policy weights.,,,,,,,,,,,,,,,,,,,SOUND_DECISION_PROCESS
trd_1790448246203_316,GDT8UZGGuaa9YAevWxh7yBcNvj4otQUv4xf6j4RsForK,FORK,0.0002154376092314119,0.0002618,25.465,30.65743635,5.192436350000001,20.3904824268604,62692,TRAILING_TARGET,1,1790448246203,13.44,-5.91,1,1,GOOD_DECISION_GOOD_OUTCOME,REINFORCE,82,BALANCED,,0x7df913d4,Sound decision process produced profitable outcome. Reinforce policy weights.,,,,,,,,,,,,,,,,,,,SOUND_DECISION_PROCESS
trd_1790448261102_503,So11111111111111111111111111111111111111112,SOL,122.78643420177956,121.098,52.18,52.31045,0.13045,0.25,121212,OPERATOR_CLOSE,1,1790448261102,0,-1.39,1,0.0111,GOOD_DECISION_GOOD_OUTCOME,REINFORCE,82,BALANCED,,0x115b243e,Sound decision process produced profitable outcome. Reinforce policy weights.,,,,,,,,,,,,,,,,,,,SOUND_DECISION_PROCESS
trd_1790448264165_538,777XNvfVmvumMEc6M9yxJQJQnQtjbUYJyx53cqrwo777,7,0.0003847696225263175,0.0004454,52.41,59.71383255000001,7.303832550000009,13.935952203777923,41968,TRAILING_TARGET,1,1790448264165,4.71,-1.4,1,1,GOOD_DECISION_GOOD_OUTCOME,REINFORCE,82,BALANCED,,0x44e7735a,Sound decision process produced profitable outcome. Reinforce policy weights.,,,,,,,,,,,,,,,,,,,SOUND_DECISION_PROCESS
trd_1790448264807_347,GDT8UZGGuaa9YAevWxh7yBcNvj4otQUv4xf6j4RsForK,FORK,0.00026574551190643327,0.0002366,56.54,49.659035700000004,-6.880964299999995,-12.170081888928184,17883,EMERGENCY_UNWIND,0,1790448264807,0,-10.97,0,0,BAD_DECISION_BAD_OUTCOME,PENALIZE_POLICY,85,DEFENSIVE,,0x3d67aa08,Flawed process caused loss. Penalize strategy parameters and raise adaptive HSI hurdle to 85.,,,,,,,,,,,,,,,,,,,CATASTROPHIC_STOP_LOSS_VIOLATION
trd_1790448269072_66,777XNvfVmvumMEc6M9yxJQJQnQtjbUYJyx53cqrwo777,7,0.0004522005833354285,0.0004029,57.43,50.4684132,-6.961586799999999,-12.121864530733065,3817,EMERGENCY_UNWIND,0,1790448269072,0,-10.9,0,0,BAD_DECISION_BAD_OUTCOME,PENALIZE_POLICY,85,DEFENSIVE,,0x5a091db1,Flawed process caused loss. Penalize strategy parameters and raise adaptive HSI hurdle to 85.,,,,,,,,,,,,,,,,,,,CATASTROPHIC_STOP_LOSS_VIOLATION
trd_1790448337168_202,GDT8UZGGuaa9YAevWxh7yBcNvj4otQUv4xf6j4RsForK,FORK,0.00023996751178947468,0.0002928,52.77,63.3233505,10.553350499999992,19.998769187038075,71229,TRAILING_TARGET,1,1790448337168,22.02,-1.4,0.9082,1,GOOD_DECISION_GOOD_OUTCOME,REINFORCE,82,BALANCED,,0x7ab62eac,Sound decision process produced profitable outcome. Reinforce policy weights.,,,,,,,,,,,,,,,,,,,SOUND_DECISION_PROCESS
trd_1790448372307_90,GDT8UZGGuaa9YAevWxh7yBcNvj4otQUv4xf6j4RsForK,FORK,0.00029734283649911176,0.0002478,58.54,50.3444,-8.195599999999999,-14,34233,STOP_LOSS,0,1790448372307,0,-1.53,0,0,BAD_DECISION_BAD_OUTCOME,PENALIZE_POLICY,85,DEFENSIVE,,0x002ccbf3,Flawed process caused loss. Penalize strategy parameters and raise adaptive HSI hurdle to 85.,,,,,,,,,,,,,,,,,,,CATASTROPHIC_STOP_LOSS_VIOLATION
trd_1790448382734_43,So11111111111111111111111111111111111111112,SOL,122.8546800108235,121.11,54,54.135,0.135,0.25,120870,TRAILING_TARGET,1,1790448382734,0,-1.48,1,0.0433,GOOD_DECISION_GOOD_OUTCOME,REINFORCE,82,BALANCED,,0x4de2683c,Sound decision process produced profitable outcome. Reinforce policy weights.,,,,,,,,,,,,,,,,,,,SOUND_DECISION_PROCESS
trd_1790448385335_183,GDT8UZGGuaa9YAevWxh7yBcNvj4otQUv4xf6j4RsForK,FORK,0.0002513742779649124,0.0002309,53.63,48.6079305,-5.022069500000001,-9.36429144135745,11483,EMERGENCY_UNWIND,0,1790448385335,0,-8.14,0,0,BAD_DECISION_BAD_OUTCOME,PENALIZE_POLICY,85,DEFENSIVE,,0x4f587c67,Flawed process caused loss. Penalize strategy parameters and raise adaptive HSI hurdle to 85.,,,,,,,,,,,,,,,,,,,EMERGENCY_UNWIND_SEVERE_CRASH
trd_1790448389370_200,777XNvfVmvumMEc6M9yxJQJQnQtjbUYJyx53cqrwo777,7,0.00040851089243609345,0.0004645,25.695000000000206,28.95609705,3.261097049999794,12.69156275539898,119313,TRAILING_TARGET,1,1790448389370,13.71,-4.95,0.9257,1,GOOD_DECISION_GOOD_OUTCOME,REINFORCE,82,BALANCED,,0x7d110280,Sound decision process produced profitable outcome. Reinforce policy weights.,,,,,,,,,,,,,,,,,,,SOUND_DECISION_PROCESS
trd_1790448407659_404,GDT8UZGGuaa9YAevWxh7yBcNvj4otQUv4xf6j4RsForK,FORK,0.00022479756919632478,0.0002191,68.12,65.26694415,-2.853055850000004,-4.188279286553147,3255,EMERGENCY_UNWIND,1,1790448407659,0,-2.53,0,0,GOOD_DECISION_BAD_OUTCOME,NEUTRAL_VARIANCE,82,BALANCED,,0x0dc376c9,Sound decision met adverse tail variance. Do NOT penalize valid process.,,,,,,,,,,,,,,,,,,,SOUND_DECISION_PROCESS
trd_1790448463305_787,777XNvfVmvumMEc6M9yxJQJQnQtjbUYJyx53cqrwo777,7,0.00040851089243609345,0.0004426,25.694999999999794,27.59926335,1.9042633500002069,7.411026853474303,193248,TRAILING_TARGET,1,1790448463305,13.71,-4.95,0.5406,0.7126,GOOD_DECISION_GOOD_OUTCOME,REINFORCE,82,BALANCED,,0x089a0a8a,Sound decision process produced profitable outcome. Reinforce policy weights.,,,,,,,,,,,,,,,,,,,SOUND_DECISION_PROCESS
trd_1790448504724_180,So11111111111111111111111111111111111111112,SOL,122.86496997182867,121.072,53.93,54.064825,0.134825,0.25,120913,TRAILING_TARGET,1,1790448504724,0,-1.54,1,0.0538,GOOD_DECISION_GOOD_OUTCOME,REINFORCE,82,BALANCED,,0x0ec7e070,Sound decision process produced profitable outcome. Reinforce policy weights.,,,,,,,,,,,,,,,,,,,SOUND_DECISION_PROCESS
trd_1790448507786_378,JAccgVwonRw28jZ3fHdgwtyAfKJRPd5qMqaVP2xipump,FLETCHER,0.000091594376576122,0.00008843,49.69,47.3498679,-2.3401320999999977,-4.709462869792711,2082,EMERGENCY_UNWIND,1,1790448507786,0,-3.45,0,0,GOOD_DECISION_BAD_OUTCOME,NEUTRAL_VARIANCE,82,BALANCED,,0x7f4b9b29,Sound decision met adverse tail variance. Do NOT penalize valid process.,,,,,,,,,,,,,,,,,,,SOUND_DECISION_PROCESS
trd_1790448511124_968,GDT8UZGGuaa9YAevWxh7yBcNvj4otQUv4xf6j4RsForK,FORK,0.0002208475408939028,0.0002304,66.4,68.724,2.3240000000000003,3.5,76523,TRAILING_TARGET,1,1790448511124,11.48,-1.7,0.3049,0.457,GOOD_DECISION_GOOD_OUTCOME,REINFORCE,82,BALANCED,,0x70f86554,Sound decision process produced profitable outcome. Reinforce policy weights.,,,,,,,,,,,,,,,,,,,SOUND_DECISION_PROCESS
trd_1790448512072_343,777XNvfVmvumMEc6M9yxJQJQnQtjbUYJyx53cqrwo777,7,0.00044795036319113203,0.0005074,21.560000000000223,24.22911555,2.669115549999777,12.379942254173235,47910,TRAILING_TARGET,1,1790448512072,13.27,-1.19,0.9329,1,GOOD_DECISION_GOOD_OUTCOME,REINFORCE,82,BALANCED,,0x681014d1,Sound decision process produced profitable outcome. Reinforce policy weights.,,,,,,,,,,,,,,,,,,,SOUND_DECISION_PROCESS
trd_1790448519805_958,GDT8UZGGuaa9YAevWxh7yBcNvj4otQUv4xf6j4RsForK,FORK,0.00023407760303539036,0.0002146,60.55,54.6997689,-5.850231099999995,-9.661818497109818,7826,EMERGENCY_UNWIND,0,1790448519805,0,-8.32,0,0,BAD_DECISION_BAD_OUTCOME,PENALIZE_POLICY,85,DEFENSIVE,,0x55b5d3ac,Flawed process caused loss. Penalize strategy parameters and raise adaptive HSI hurdle to 85.,,,,,,,,,,,,,,,,,,,EMERGENCY_UNWIND_SEVERE_CRASH
trd_1790448554222_791,777XNvfVmvumMEc6M9yxJQJQnQtjbUYJyx53cqrwo777,7,0.00044795036319113203,0.0005328,21.559999999999775,25.435148400000003,3.875148400000228,17.973786641930744,90060,TRAILING_TARGET,1,1790448554222,13.85,-1.19,1,1,GOOD_DECISION_GOOD_OUTCOME,REINFORCE,82,BALANCED,,0x31fe5171,Sound decision process produced profitable outcome. Reinforce policy weights.,,,,,,,,,,,,,,,,,,,SOUND_DECISION_PROCESS
trd_1790448555062_742,JAccgVwonRw28jZ3fHdgwtyAfKJRPd5qMqaVP2xipump,FLETCHER,0.00009387709925781124,0.00008377,71.57,72.64354999999999,1.07355,1.5,32833,TRAILING_TARGET,1,1790448555062,3.76,0,0.3989,0,GOOD_DECISION_GOOD_OUTCOME,REINFORCE,82,BALANCED,,0x2aaeff16,Sound decision process produced profitable outcome. Reinforce policy weights.,,,,,,,,,,,,,,,,,,,SOUND_DECISION_PROCESS
trd_1790448589082_62,GDT8UZGGuaa9YAevWxh7yBcNvj4otQUv4xf6j4RsForK,FORK,0.00020224946787969947,0.00016,43.89,37.745400000000004,-6.1446000000000005,-14,34145,STOP_LOSS,0,1790448589082,0,-1.21,0,0,BAD_DECISION_BAD_OUTCOME,PENALIZE_POLICY,85,DEFENSIVE,,0x17b0334e,Flawed process caused loss. Penalize strategy parameters and raise adaptive HSI hurdle to 85.,,,,,,,,,,,,,,,,,,,CATASTROPHIC_STOP_LOSS_VIOLATION
trd_1790448629851_741,So11111111111111111111111111111111111111112,SOL,122.67467598592485,121.015,48.29,48.410725,0.120725,0.25,120898,TRAILING_TARGET,1,1790448629851,0,-1.39,1,0.0264,GOOD_DECISION_GOOD_OUTCOME,REINFORCE,82,BALANCED,,0x0a935e0d,Sound decision process produced profitable outcome. Reinforce policy weights.,,,,,,,,,,,,,,,,,,,SOUND_DECISION_PROCESS
trd_1790448632021_740,JAccgVwonRw28jZ3fHdgwtyAfKJRPd5qMqaVP2xipump,FLETCHER,0.0000851181049413535,0.00006899,61.14,52.5804,-8.5596,-14,76151,STOP_LOSS,0,1790448632021,0.27,-18.95,0,0,BAD_DECISION_BAD_OUTCOME,PENALIZE_POLICY,85,DEFENSIVE,,0x5f9a4b66,Flawed process caused loss. Penalize strategy parameters and raise adaptive HSI hurdle to 85.,,,,,,,,,,,,,,,,,,,CATASTROPHIC_STOP_LOSS_VIOLATION
trd_1790448632396_611,GDT8UZGGuaa9YAevWxh7yBcNvj4otQUv4xf6j4RsForK,FORK,0.00015663275574056976,0.0001515,47.89,45.735275099999996,-2.1547249000000055,-4.499321152641481,1540,EMERGENCY_UNWIND,1,1790448632396,0,-3.28,0,0,GOOD_DECISION_BAD_OUTCOME,NEUTRAL_VARIANCE,82,BALANCED,,0x321958d3,Sound decision met adverse tail variance. Do NOT penalize valid process.,,,,,,,,,,,,,,,,,,,SOUND_DECISION_PROCESS
trd_1790448697438_894,777XNvfVmvumMEc6M9yxJQJQnQtjbUYJyx53cqrwo777,7,0.0005842840673004309,0.0006029,47.11,48.75885,1.64885,3.5,107244,TRAILING_TARGET,1,1790448697438,7.69,-1.28,0.4551,0.4981,GOOD_DECISION_GOOD_OUTCOME,REINFORCE,82,BALANCED,,0x4764348b,Sound decision process produced profitable outcome. Reinforce policy weights.,,,,,,,,,,,,,,,,,,,SOUND_DECISION_PROCESS
trd_1790448724568_478,777XNvfVmvumMEc6M9yxJQJQnQtjbUYJyx53cqrwo777,7,0.0006105083562355898,0.000594,45.51,43.739381699999996,-1.7706183000000024,-3.890613711272253,26075,EMERGENCY_UNWIND,1,1790448724568,0,-2.7,0,0,GOOD_DECISION_BAD_OUTCOME,NEUTRAL_VARIANCE,82,BALANCED,,0x1ef58c38,Sound decision met adverse tail variance. Do NOT penalize valid process.,,,,,,,,,,,,,,,,,,,SOUND_DECISION_PROCESS
trd_1790448754494_829,777XNvfVmvumMEc6M9yxJQJQnQtjbUYJyx53cqrwo777,7,0.0006013561218045169,0.0005852,44.45,42.7378737,-1.712126300000001,-3.8518026996625445,29273,EMERGENCY_UNWIND,1,1790448754494,0,-2.69,0,0,GOOD_DECISION_BAD_OUTCOME,NEUTRAL_VARIANCE,82,BALANCED,,0x2354a1f8,Sound decision met adverse tail variance. Do NOT penalize valid process.,,,,,,,,,,,,,,,,,,,SOUND_DECISION_PROCESS
trd_1790448754541_826,So11111111111111111111111111111111111111112,SOL,121.99060105359574,120.91,25,25.0625,0.0625,0.25,121446,TRAILING_TARGET,1,1790448754541,0,-0.93,1,0.0442,GOOD_DECISION_GOOD_OUTCOME,REINFORCE,82,BALANCED,,0x23da28b6,Sound decision process produced profitable outcome. Reinforce policy weights.,,,,,,,,,,,,,,,,,,,SOUND_DECISION_PROCESS
trd_1790448758726_669,777XNvfVmvumMEc6M9yxJQJQnQtjbUYJyx53cqrwo777,7,0.0005899177742489579,0.0005736,25,24.11774565,-0.8822543500000002,-3.5290174000000007,2303,EMERGENCY_UNWIND,1,1790448758726,0,-2.77,0,0,GOOD_DECISION_BAD_OUTCOME,NEUTRAL_VARIANCE,82,BALANCED,,0x62d6a7af,Sound decision met adverse tail variance. Do NOT penalize valid process.,,,,,,,,,,,,,,,,,,,SOUND_DECISION_PROCESS
trd_1790448784576_64,GDT8UZGGuaa9YAevWxh7yBcNvj4otQUv4xf6j4RsForK,FORK,0.0000975385230392649,0.0001095,29.23,32.4961629,3.266162900000001,11.17400923708519,29270,TRAILING_TARGET,1,1790448784576,12.26,-1.53,0.9114,1,GOOD_DECISION_GOOD_OUTCOME,REINFORCE,82,BALANCED,,0x6d93986f,Sound decision process produced profitable outcome. Reinforce policy weights.,,,,,,,,,,,,,,,,,,,SOUND_DECISION_PROCESS
trd_1790448815354_654,GDT8UZGGuaa9YAevWxh7yBcNvj4otQUv4xf6j4RsForK,FORK,0.0000975385230392649,0.0001067,29.23,31.6710591,2.4410591000000004,8.35121142661649,60048,TRAILING_TARGET,1,1790448815354,12.26,-1.53,0.6812,0.7918,GOOD_DECISION_GOOD_OUTCOME,REINFORCE,82,BALANCED,,0x7af16cae,Sound decision process produced profitable outcome. Reinforce policy weights.,,,,,,,,,,,,,,,,,,,SOUND_DECISION_PROCESS
trd_1790448855022_840,GDT8UZGGuaa9YAevWxh7yBcNvj4otQUv4xf6j4RsForK,FORK,0.00010806666531051151,0.00009574,46.36,40.5996189,-5.7603810999999965,-12.42532592752372,37666,EMERGENCY_UNWIND,0,1790448855022,0.22,-11.41,0,0,BAD_DECISION_BAD_OUTCOME,PENALIZE_POLICY,85,DEFENSIVE,,0x49558129,Flawed process caused loss. Penalize strategy parameters and raise adaptive HSI hurdle to 85.,,,,,,,,,,,,,,,,,,,CATASTROPHIC_STOP_LOSS_VIOLATION
trd_1790448855594_596,777XNvfVmvumMEc6M9yxJQJQnQtjbUYJyx53cqrwo777,7,0.0005782242571927593,0.0006111,25,26.2018983,1.2018982999999999,4.8075931999999995,96364,TRAILING_TARGET,1,1790448855594,8.8,-0.8,0.5463,0.6757,GOOD_DECISION_GOOD_OUTCOME,REINFORCE,82,BALANCED,,0x2cec366f,Sound decision process produced profitable outcome. Reinforce policy weights.,,,,,,,,,,,,,,,,,,,SOUND_DECISION_PROCESS
trd_1790448889089_203,777XNvfVmvumMEc6M9yxJQJQnQtjbUYJyx53cqrwo777,7,0.0006205921749473705,0.0004971,58.62,50.413199999999996,-8.2068,-14,32559,EMERGENCY_UNWIND,0,1790448889089,0,-19.9,0,0,BAD_DECISION_BAD_OUTCOME,PENALIZE_POLICY,85,DEFENSIVE,,0x6daa6159,Flawed process caused loss. Penalize strategy parameters and raise adaptive HSI hurdle to 85.,,,,,,,,,,,,,,,,,,,CATASTROPHIC_STOP_LOSS_VIOLATION
trd_1790448889626_887,GDT8UZGGuaa9YAevWxh7yBcNvj4otQUv4xf6j4RsForK,FORK,0.00009651183818625273,0.0001155,12.5,14.872589249999999,2.372589249999999,18.980713999999992,32457,TRAILING_TARGET,1,1790448889626,19.67,-0.8,0.965,1,GOOD_DECISION_GOOD_OUTCOME,REINFORCE,82,BALANCED,,0x275cd2e3,Sound decision process produced profitable outcome. Reinforce policy weights.,,,,,,,,,,,,,,,,,,,SOUND_DECISION_PROCESS
trd_1790448890485_709,GDT8UZGGuaa9YAevWxh7yBcNvj4otQUv4xf6j4RsForK,FORK,0.00009651183818625273,0.0001155,12.5,14.872589249999999,2.372589249999999,18.980713999999992,33316,TRAILING_TARGET,1,1790448890485,19.67,-0.8,0.965,1,GOOD_DECISION_GOOD_OUTCOME,REINFORCE,82,BALANCED,,0x2752d982,Sound decision process produced profitable outcome. Reinforce policy weights.,,,,,,,,,,,,,,,,,,,SOUND_DECISION_PROCESS
trd_1790448895009_391,777XNvfVmvumMEc6M9yxJQJQnQtjbUYJyx53cqrwo777,7,0.0005036062857546328,0.0004716,47.62,44.04666885,-3.573331149999994,-7.503845338093226,4784,EMERGENCY_UNWIND,0,1790448895009,0,-6.36,0,0,BAD_DECISION_BAD_OUTCOME,PENALIZE_POLICY,85,DEFENSIVE,,0x7a80246f,Flawed process caused loss. Penalize strategy parameters and raise adaptive HSI hurdle to 85.,,,,,,,,,,,,,,,,,,,EMERGENCY_UNWIND_SEVERE_CRASH
trd_1790448959515_338,GDT8UZGGuaa9YAevWxh7yBcNvj4otQUv4xf6j4RsForK,FORK,0.00011614827859147877,0.0001316,18.805000000000057,21.1535379,2.3485378999999433,12.488901356021996,63125,TRAILING_TARGET,1,1790448959515,13.3,-1.07,0.939,1,GOOD_DECISION_GOOD_OUTCOME,REINFORCE,82,BALANCED,,0x21087bd5,Sound decision process produced profitable outcome. Reinforce policy weights.,,,,,,,,,,,,,,,,,,,SOUND_DECISION_PROCESS
trd_1790448985260_24,GDT8UZGGuaa9YAevWxh7yBcNvj4otQUv4xf6j4RsForK,FORK,0.00011614827859147877,0.0001483,18.804999999999943,23.82370395,5.018703950000056,26.68813586812056,88870,TRAILING_TARGET,1,1790448985260,27.68,-1.07,0.9642,1,GOOD_DECISION_GOOD_OUTCOME,REINFORCE,82,BALANCED,,0x7cee60d9,Sound decision process produced profitable outcome. Reinforce policy weights.,,,,,,,,,,,,,,,,,,,SOUND_DECISION_PROCESS
trd_1790449012221_216,So11111111111111111111111111111111111111112,SOL,122.09999315664014,121.1,27.98,28.04995,0.06995,0.25,121028,TRAILING_TARGET,1,1790449012221,0,-0.9,1,0.0862,GOOD_DECISION_GOOD_OUTCOME,REINFORCE,82,BALANCED,,0x5477d6e9,Sound decision process produced profitable outcome. Reinforce policy weights.,,,,,,,,,,,,,,,,,,,SOUND_DECISION_PROCESS
trd_1790449015305_296,HSnCtWsw5YmfAkJo9S3eetWtGHPMrc2pAxvCu24AnQEa,DDOS,0.0005900326781787811,0.0007212,33.65,40.657061250000005,7.007061250000008,20.823361812778625,1969,TRAILING_TARGET,1,1790449015305,22.23,0,0.9367,1,GOOD_DECISION_GOOD_OUTCOME,REINFORCE,82,BALANCED,,0x0a556941,Sound decision process produced profitable outcome. Reinforce policy weights.,,,,,,,,,,,,,,,,,,,SOUND_DECISION_PROCESS
trd_1790449063373_366,HSnCtWsw5YmfAkJo9S3eetWtGHPMrc2pAxvCu24AnQEa,DDOS,0.0007290736121303295,0.0007656,37.85,39.3006534,1.4506534000000002,3.8326377807133425,46973,TRAILING_TARGET,1,1790449063373,10.85,-1.08,0.3532,0.5103,GOOD_DECISION_GOOD_OUTCOME,REINFORCE,82,BALANCED,,0x1377c8b1,Sound decision process produced profitable outcome. Reinforce policy weights.,,,,,,,,,,,,,,,,,,,SOUND_DECISION_PROCESS
trd_1790449093909_829,HSnCtWsw5YmfAkJo9S3eetWtGHPMrc2pAxvCu24AnQEa,DDOS,0.0007741063596591629,0.0007529,38.72,37.25414115,-1.4658588499999965,-3.7857924845041233,29353,EMERGENCY_UNWIND,1,1790449093909,0,-2.74,0,0,GOOD_DECISION_BAD_OUTCOME,NEUTRAL_VARIANCE,82,BALANCED,,0x3ffee5e3,Sound decision met adverse tail variance. Do NOT penalize valid process.,,,,,,,,,,,,,,,,,,,SOUND_DECISION_PROCESS
trd_1790449107306_328,777XNvfVmvumMEc6M9yxJQJQnQtjbUYJyx53cqrwo777,7,0.0004482478956892273,0.0004406,42.03,42.135075,0.105075,0.25,120820,TRAILING_TARGET,1,1790449107306,0,-2.49,1,0.314,GOOD_DECISION_GOOD_OUTCOME,REINFORCE,82,BALANCED,,0x4e3a786d,Sound decision process produced profitable outcome. Reinforce policy weights.,,,,,,,,,,,,,,,,,,,SOUND_DECISION_PROCESS
trd_1790449110530_197,4MMQY9bwkxxTtsK3W227Q5ABT6yFY8Pmn9Ze7wmAXKY8,ALLINU,0.008662781811662563,0.009089,78.14,80.8749,2.7349,3.5,477498,TRAILING_TARGET,1,1790449110530,10.54,-1.95,0.3321,0.5499,GOOD_DECISION_GOOD_OUTCOME,REINFORCE,82,BALANCED,,0x1cf4aa42,Sound decision process produced profitable outcome. Reinforce policy weights.,,,,,,,,,,,,,,,,,,,SOUND_DECISION_PROCESS
trd_1790449153297_484,GDT8UZGGuaa9YAevWxh7yBcNvj4otQUv4xf6j4RsForK,FORK,0.0001692220233994203,0.0001446,40.42,34.7612,-5.6588,-14,44977,STOP_LOSS,0,1790449153297,0.05,-1.96,0,0,BAD_DECISION_BAD_OUTCOME,PENALIZE_POLICY,85,DEFENSIVE,,0x1d0d1036,Flawed process caused loss. Penalize strategy parameters and raise adaptive HSI hurdle to 85.,,,,,,,,,,,,,,,,,,,CATASTROPHIC_STOP_LOSS_VIOLATION
trd_1790449173354_466,2BhV3a1yvoEsBYcbsUDzSYxd5P88MdAVWy9CQiZepump,e/dollar,0.0002559574824444452,0.0003542,46.73,63.592850850000005,16.862850850000008,36.08570693344748,18856,TRAILING_TARGET,1,1790449173354,2.52,-1.27,1,1,GOOD_DECISION_GOOD_OUTCOME,REINFORCE,82,BALANCED,,0x3821aec7,Sound decision process produced profitable outcome. Reinforce policy weights.,,,,,,,,,,,,,,,,,,,SOUND_DECISION_PROCESS
trd_1790449178006_689,GDT8UZGGuaa9YAevWxh7yBcNvj4otQUv4xf6j4RsForK,FORK,0.0001570420959649126,0.0001499,56.85,53.485507500000004,-3.364492499999997,-5.918192612137198,3701,EMERGENCY_UNWIND,1,1790449178006,0,-4.55,0,0,GOOD_DECISION_BAD_OUTCOME,NEUTRAL_VARIANCE,82,BALANCED,,0x7358ea3d,Sound decision met adverse tail variance. Do NOT penalize valid process.,,,,,,,,,,,,,,,,,,,SOUND_DECISION_PROCESS
trd_1790449206340_6,JAccgVwonRw28jZ3fHdgwtyAfKJRPd5qMqaVP2xipump,FLETCHER,0.00009694951261290848,0.0001007,64.69,66.95415,2.26415,3.5,94796,TRAILING_TARGET,1,1790449206340,8.1,-1.66,0.4321,0.5666,GOOD_DECISION_GOOD_OUTCOME,REINFORCE,82,BALANCED,,0x2efd8d89,Sound decision process produced profitable outcome. Reinforce policy weights.,,,,,,,,,,,,,,,,,,,SOUND_DECISION_PROCESS
trd_1790449216402_416,HSnCtWsw5YmfAkJo9S3eetWtGHPMrc2pAxvCu24AnQEa,DDOS,0.0007611180168634812,0.0007633,37.84,37.9346,0.0946,0.25,121136,OPERATOR_CLOSE,1,1790449216402,2.45,-1.4,0.102,0.4369,GOOD_DECISION_GOOD_OUTCOME,REINFORCE,82,BALANCED,,0x04618b9c,Sound decision process produced profitable outcome. Reinforce policy weights.,,,,,,,,,,,,,,,,,,,SOUND_DECISION_PROCESS
trd_1790449234461_133,HSnCtWsw5YmfAkJo9S3eetWtGHPMrc2pAxvCu24AnQEa,DDOS,0.0007732870503592405,0.0007327,47.6,44.54356755,-3.0564324500000026,-6.4210765756302575,17160,EMERGENCY_UNWIND,1,1790449234461,0,-5.25,0,0,GOOD_DECISION_BAD_OUTCOME,NEUTRAL_VARIANCE,82,BALANCED,,0x3c137c58,Sound decision met adverse tail variance. Do NOT penalize valid process.,,,,,,,,,,,,,,,,,,,SOUND_DECISION_PROCESS
trd_1790449238265_247,G5im68AmQ8c6C56Kdapufyu8dZddYkMBGoLbqtb98j7,JASON COIN,0.00015858492868710123,0.0001779,22.88,25.457694150000002,2.577694150000003,11.266145760489524,3055,TRAILING_TARGET,1,1790449238265,12.18,-1.25,0.925,1,GOOD_DECISION_GOOD_OUTCOME,REINFORCE,82,BALANCED,,0x11418464,Sound decision process produced profitable outcome. Reinforce policy weights.,,,,,,,,,,,,,,,,,,,SOUND_DECISION_PROCESS
trd_1790449238514_285,2BhV3a1yvoEsBYcbsUDzSYxd5P88MdAVWy9CQiZepump,e/dollar,0.0003542285268989146,0.0003826,54.83,58.30804815,3.47804815,6.343330567207732,59327,TRAILING_TARGET,1,1790449238514,11.88,-3.51,0.534,0.7486,GOOD_DECISION_GOOD_OUTCOME,REINFORCE,82,BALANCED,,0x2c66dbf0,Sound decision process produced profitable outcome. Reinforce policy weights.,,,,,,,,,,,,,,,,,,,SOUND_DECISION_PROCESS
trd_1790449273506_383,G5im68AmQ8c6C56Kdapufyu8dZddYkMBGoLbqtb98j7,JASON COIN,0.00015858492868710123,0.0001434,22.88,24.2528,1.3728,6,38296,TRAILING_TARGET,1,1790449273506,12.18,-1.25,0.4926,0,GOOD_DECISION_GOOD_OUTCOME,REINFORCE,82,BALANCED,,0x4073b2ee,Sound decision process produced profitable outcome. Reinforce policy weights.,,,,,,,,,,,,,,,,,,,SOUND_DECISION_PROCESS
trd_1790449274497_714,2BhV3a1yvoEsBYcbsUDzSYxd5P88MdAVWy9CQiZepump,e/dollar,0.00038938887102088737,0.0004721,68.57,81.42674325,12.856743250000008,18.749807860580443,35032,TRAILING_TARGET,1,1790449274497,21.24,-1.74,0.8828,1,GOOD_DECISION_GOOD_OUTCOME,REINFORCE,82,BALANCED,,0x5dfff4e2,Sound decision process produced profitable outcome. Reinforce policy weights.,,,,,,,,,,,,,,,,,,,SOUND_DECISION_PROCESS
trd_1790449304533_104,G5im68AmQ8c6C56Kdapufyu8dZddYkMBGoLbqtb98j7,JASON COIN,0.00014509716064794897,0.0001263,41.98,36.15731235,-5.822687649999999,-13.870146855645544,30159,STOP_LOSS,0,1790449304533,0,-12.95,0,0,BAD_DECISION_BAD_OUTCOME,PENALIZE_POLICY,85,DEFENSIVE,,0x60312947,Flawed process caused loss. Penalize strategy parameters and raise adaptive HSI hurdle to 85.,,,,,,,,,,,,,,,,,,,CATASTROPHIC_STOP_LOSS_VIOLATION
trd_1790449308445_551,2BhV3a1yvoEsBYcbsUDzSYxd5P88MdAVWy9CQiZepump,e/dollar,0.0004458934955187979,0.0002598,47.96,41.2456,-6.7144,-14,3272,STOP_LOSS,0,1790449308445,0,-41.73,0,0,BAD_DECISION_BAD_OUTCOME,PENALIZE_POLICY,85,DEFENSIVE,,0x6594cf50,Flawed process caused loss. Penalize strategy parameters and raise adaptive HSI hurdle to 85.,,,,,,,,,,,,,,,,,,,CATASTROPHIC_STOP_LOSS_VIOLATION
trd_1790449328455_710,E3i7sTY5QYEBh3itepnomZQt7Eh5kzmHFk1vkm2pump,cc,0.00029523761502589567,0.0002917,62.11,62.265275,0.155275,0.25,121023,TRAILING_TARGET,1,1790449328455,0,-1.6,1,0.2533,GOOD_DECISION_GOOD_OUTCOME,REINFORCE,82,BALANCED,,0x4535ab0a,Sound decision process produced profitable outcome. Reinforce policy weights.,,,,,,,,,,,,,,,,,,,SOUND_DECISION_PROCESS
trd_1790449334508_685,GDT8UZGGuaa9YAevWxh7yBcNvj4otQUv4xf6j4RsForK,FORK,0.0001401557119809787,0.0001332,65.65,67.94775,2.29775,3.5,59158,TRAILING_TARGET,1,1790449334508,7.38,-4.96,0.4743,0,GOOD_DECISION_GOOD_OUTCOME,REINFORCE,82,BALANCED,,0x4c93b43a,Sound decision process produced profitable outcome. Reinforce policy weights.,,,,,,,,,,,,,,,,,,,SOUND_DECISION_PROCESS
trd_1790449394889_584,G5im68AmQ8c6C56Kdapufyu8dZddYkMBGoLbqtb98j7,JASON COIN,0.00014384303635087757,0.0001207,43.92,44.0298,0.10980000000000001,0.25,85402,EMERGENCY_UNWIND,0,1790449394889,3.45,-16.09,0.0725,0,BAD_DECISION_GOOD_OUTCOME,DO_NOT_REINFORCE_LUCK,82,BALANCED,,0x417f2b9c,Flawed process produced lucky profit. Strictly avoid reinforcing bad habits.,,,,,,,,,,,,,,,,,,,SEVERE_ADVERSE_EXCURSION
trd_1790449395601_216,2BhV3a1yvoEsBYcbsUDzSYxd5P88MdAVWy9CQiZepump,e/dollar,0.00040373333843407306,0.0005471,31.370000000000203,42.007452900000004,10.6374528999998,33.909636276696624,60060,TRAILING_TARGET,1,1790449395601,35.51,-2.44,0.9549,1,GOOD_DECISION_GOOD_OUTCOME,REINFORCE,82,BALANCED,,0x25b5481a,Sound decision process produced profitable outcome. Reinforce policy weights.,,,,,,,,,,,,,,,,,,,SOUND_DECISION_PROCESS
trd_1790449396529_520,2BhV3a1yvoEsBYcbsUDzSYxd5P88MdAVWy9CQiZepump,e/dollar,0.00040373333843407306,0.0005471,31.369999999999795,42.007452900000004,10.63745290000021,33.90963627669837,60988,TRAILING_TARGET,1,1790449396529,35.51,-2.44,0.9549,1,GOOD_DECISION_GOOD_OUTCOME,REINFORCE,82,BALANCED,,0x5bcfe510,Sound decision process produced profitable outcome. Reinforce policy weights.,,,,,,,,,,,,,,,,,,,SOUND_DECISION_PROCESS
trd_1790449450383_338,So11111111111111111111111111111111111111112,SOL,122.94261889278093,121.2,54.93,55.067325,0.137325,0.25,120847,TRAILING_TARGET,1,1790449450383,0,-1.47,1,0.0386,GOOD_DECISION_GOOD_OUTCOME,REINFORCE,82,BALANCED,,0x5d479823,Sound decision process produced profitable outcome. Reinforce policy weights.,,,,,,,,,,,,,,,,,,,SOUND_DECISION_PROCESS
trd_1790449451302_850,gsDC8WbXwtyEmbh8f8HfvpPEJ7nG4FV4zX4GWXzSjyD,DILLINGER,0.00006336535273334888,0.00005539,76.72,65.97919999999999,-10.7408,-14,55025,STOP_LOSS,0,1790449451302,0,-1.92,0,0,BAD_DECISION_BAD_OUTCOME,PENALIZE_POLICY,85,DEFENSIVE,,0x51dc7cab,Flawed process caused loss. Penalize strategy parameters and raise adaptive HSI hurdle to 85.,,,,,,,,,,,,,,,,,,,CATASTROPHIC_STOP_LOSS_VIOLATION
trd_1790449452517_980,2BhV3a1yvoEsBYcbsUDzSYxd5P88MdAVWy9CQiZepump,e/dollar,0.0005552661599448668,0.0006422,55.89,63.56783775,7.677837750000001,13.737408749329042,55084,TRAILING_TARGET,1,1790449452517,6.26,-1.47,1,1,GOOD_DECISION_GOOD_OUTCOME,REINFORCE,82,BALANCED,,0x506fb005,Sound decision process produced profitable outcome. Reinforce policy weights.,,,,,,,,,,,,,,,,,,,SOUND_DECISION_PROCESS
trd_1790449483137_637,2BhV3a1yvoEsBYcbsUDzSYxd5P88MdAVWy9CQiZepump,e/dollar,0.0006527760613797612,0.0006255,62.83,59.26326465,-3.5667353499999943,-5.6768030399490605,29659,EMERGENCY_UNWIND,1,1790449483137,0,-4.18,0,0,GOOD_DECISION_BAD_OUTCOME,NEUTRAL_VARIANCE,82,BALANCED,,0x033f0a7a,Sound decision met adverse tail variance. Do NOT penalize valid process.,,,,,,,,,,,,,,,,,,,SOUND_DECISION_PROCESS
trd_1790449512188_755,2BhV3a1yvoEsBYcbsUDzSYxd5P88MdAVWy9CQiZepump,e/dollar,0.0006355049676194585,0.0002324,60.7,52.202,-8.498000000000001,-14,27785,STOP_LOSS,0,1790449512188,0,-1.57,0,0,BAD_DECISION_BAD_OUTCOME,PENALIZE_POLICY,85,DEFENSIVE,,0x3b3a1e78,Flawed process caused loss. Penalize strategy parameters and raise adaptive HSI hurdle to 85.,,,,,,,,,,,,,,,,,,,CATASTROPHIC_STOP_LOSS_VIOLATION
trd_1790449543456_981,2BhV3a1yvoEsBYcbsUDzSYxd5P88MdAVWy9CQiZepump,e/dollar,0.0002358538866213378,0.00008395,55.6,47.816,-7.784,-14,29987,STOP_LOSS,0,1790449543456,0,-64.41,0,0,BAD_DECISION_BAD_OUTCOME,PENALIZE_POLICY,85,DEFENSIVE,,0x69a3019b,Flawed process caused loss. Penalize strategy parameters and raise adaptive HSI hurdle to 85.,,,,,,,,,,,,,,,,,,,CATASTROPHIC_STOP_LOSS_VIOLATION
trd_1790449564262_625,2BhV3a1yvoEsBYcbsUDzSYxd5P88MdAVWy9CQiZepump,e/dollar,0.00008511034164285442,0.000005439,50.92,43.7912,-7.1288,-14,19776,STOP_LOSS,0,1790449564262,0,-1.36,0,0,BAD_DECISION_BAD_OUTCOME,PENALIZE_POLICY,85,DEFENSIVE,,0x022b9373,Flawed process caused loss. Penalize strategy parameters and raise adaptive HSI hurdle to 85.,,,,,,,,,,,,,,,,,,,CATASTROPHIC_STOP_LOSS_VIOLATION
trd_1790449572569_919,So11111111111111111111111111111111111111112,SOL,122.99586617110197,121.24,55.4,55.5385,0.13849999999999998,0.25,121124,TRAILING_TARGET,1,1790449572569,0,-1.53,1,0.0689,GOOD_DECISION_GOOD_OUTCOME,REINFORCE,82,BALANCED,,0x25c1bdae,Sound decision process produced profitable outcome. Reinforce policy weights.,,,,,,,,,,,,,,,,,,,SOUND_DECISION_PROCESS
trd_1790449573239_655,ZrQdfsbm4XVBXMBr8V9Qxvy4Jkt36b5K9iEZmR9pump,TROLLOWEEN,0.00006495732478964709,0.00006496,61.75,61.904375,0.154375,0.25,120759,TRAILING_TARGET,1,1790449573239,0,-2.26,1,1,GOOD_DECISION_GOOD_OUTCOME,REINFORCE,82,BALANCED,,0x4d649889,Sound decision process produced profitable outcome. Reinforce policy weights.,,,,,,,,,,,,,,,,,,,SOUND_DECISION_PROCESS
trd_1790449577532_749,JAccgVwonRw28jZ3fHdgwtyAfKJRPd5qMqaVP2xipump,FLETCHER,0.0000797679314359533,0.00007753,25,24.10801485,-0.8919851499999999,-3.5679405999999996,3761,EMERGENCY_UNWIND,1,1790449577532,0,-2.81,0,0,GOOD_DECISION_BAD_OUTCOME,NEUTRAL_VARIANCE,82,BALANCED,,0x5cae98de,Sound decision met adverse tail variance. Do NOT penalize valid process.,,,,,,,,,,,,,,,,,,,SOUND_DECISION_PROCESS
trd_1790449599674_551,ZrQdfsbm4XVBXMBr8V9Qxvy4Jkt36b5K9iEZmR9pump,TROLLOWEEN,0.00006557954799532168,0.00006147,31.64,29.38992315,-2.250076849999999,-7.111494469026545,25512,EMERGENCY_UNWIND,0,1790449599674,0,-6.27,0,0,BAD_DECISION_BAD_OUTCOME,PENALIZE_POLICY,85,DEFENSIVE,,0x201d91fb,Flawed process caused loss. Penalize strategy parameters and raise adaptive HSI hurdle to 85.,,,,,,,,,,,,,,,,,,,EMERGENCY_UNWIND_SEVERE_CRASH
trd_1790449664235_576,ZrQdfsbm4XVBXMBr8V9Qxvy4Jkt36b5K9iEZmR9pump,TROLLOWEEN,0.00006254269515037597,0.00007208,33.62500000000003,38.3264556,4.701455599999973,13.982024089219241,62966,TRAILING_TARGET,1,1790449664235,15.25,-0.04,0.9169,1,GOOD_DECISION_GOOD_OUTCOME,REINFORCE,82,BALANCED,,0x7cb89a02,Sound decision process produced profitable outcome. Reinforce policy weights.,,,,,,,,,,,,,,,,,,,SOUND_DECISION_PROCESS
trd_1790449665282_165,ZrQdfsbm4XVBXMBr8V9Qxvy4Jkt36b5K9iEZmR9pump,TROLLOWEEN,0.00006254269515037597,0.00007208,33.624999999999964,38.3264556,4.701455600000037,13.982024089219458,64013,TRAILING_TARGET,1,1790449665282,15.25,-0.04,0.9169,1,GOOD_DECISION_GOOD_OUTCOME,REINFORCE,82,BALANCED,,0x667af363,Sound decision process produced profitable outcome. Reinforce policy weights.,,,,,,,,,,,,,,,,,,,SOUND_DECISION_PROCESS
trd_1790449694081_630,So11111111111111111111111111111111111111112,SOL,123.69842921881447,121.17,79.97,80.16992499999999,0.199925,0.25,120543,OPERATOR_CLOSE,1,1790449694081,0,-2.06,1,0.0078,GOOD_DECISION_GOOD_OUTCOME,REINFORCE,82,BALANCED,,0x2c389537,Sound decision process produced profitable outcome. Reinforce policy weights.,,,,,,,,,,,,,,,,,,,SOUND_DECISION_PROCESS
trd_1790449700378_901,JAccgVwonRw28jZ3fHdgwtyAfKJRPd5qMqaVP2xipump,FLETCHER,0.00007267434645914793,0.00006608,72.89,65.1532164,-7.7367835999999945,-10.614327891343112,34333,EMERGENCY_UNWIND,0,1790449700378,0,-9.07,0,0,BAD_DECISION_BAD_OUTCOME,PENALIZE_POLICY,85,DEFENSIVE,,0x0bd5a705,Flawed process caused loss. Penalize strategy parameters and raise adaptive HSI hurdle to 85.,,,,,,,,,,,,,,,,,,,CATASTROPHIC_STOP_LOSS_VIOLATION
trd_1790449725317_217,ZrQdfsbm4XVBXMBr8V9Qxvy4Jkt36b5K9iEZmR9pump,TROLLOWEEN,0.00007266109563886666,0.00007712,25,26.313042600000003,1.3130426000000028,5.252170400000011,58911,TRAILING_TARGET,1,1790449725317,9.37,-0.8,0.5605,0.682,GOOD_DECISION_GOOD_OUTCOME,REINFORCE,82,BALANCED,,0x1704b63d,Sound decision process produced profitable outcome. Reinforce policy weights.,,,,,,,,,,,,,,,,,,,SOUND_DECISION_PROCESS
trd_1790449730146_588,JAccgVwonRw28jZ3fHdgwtyAfKJRPd5qMqaVP2xipump,FLETCHER,0.00006781503059753904,0.00006517,79.78,75.19863554999999,-4.58136445000001,-5.742497430433705,3639,EMERGENCY_UNWIND,1,1790449730146,0,-3.9,0,0,GOOD_DECISION_BAD_OUTCOME,NEUTRAL_VARIANCE,82,BALANCED,,0x39b2f5bc,Sound decision met adverse tail variance. Do NOT penalize valid process.,,,,,,,,,,,,,,,,,,,SOUND_DECISION_PROCESS
trd_1790449816447_790,So11111111111111111111111111111111111111112,SOL,123.15013820616237,121.2,62.26,62.41565,0.15564999999999998,0.25,121180,TRAILING_TARGET,1,1790449816447,0,-1.61,1,0.0152,GOOD_DECISION_GOOD_OUTCOME,REINFORCE,82,BALANCED,,0x53d19fcc,Sound decision process produced profitable outcome. Reinforce policy weights.,,,,,,,,,,,,,,,,,,,SOUND_DECISION_PROCESS
trd_1790449885201_846,EPjFWdd5AufqSSqeM2qN1xzybapC8G4wEGGkZwyTDt1v,USDC,1.0163760785423617,1.000084,62.03,62.185075,0.155075,0.25,120737,TRAILING_TARGET,1,1790449885201,0,-1.6,1,0,GOOD_DECISION_GOOD_OUTCOME,REINFORCE,82,BALANCED,,0x409de336,Sound decision process produced profitable outcome. Reinforce policy weights.,,,,,,,,,,,,,,,,,,,SOUND_DECISION_PROCESS
trd_1790449890527_810,ZrQdfsbm4XVBXMBr8V9Qxvy4Jkt36b5K9iEZmR9pump,TROLLOWEEN,0.00007774172718742239,0.00007903,25,25.375,0.375,1.5,164353,TRAILING_TARGET,1,1790449890527,5.7,-0.8,0.2632,0.3782,GOOD_DECISION_GOOD_OUTCOME,REINFORCE,82,BALANCED,,0x7b021286,Sound decision process produced profitable outcome. Reinforce policy weights.,,,,,,,,,,,,,,,,,,,SOUND_DECISION_PROCESS
trd_1790449925052_112,ZrQdfsbm4XVBXMBr8V9Qxvy4Jkt36b5K9iEZmR9pump,TROLLOWEEN,0.00008058808851047944,0.00007606,77.44,71.7437292,-5.696270799999993,-7.3557215909090825,33722,EMERGENCY_UNWIND,0,1790449925052,0,-5.62,0,0,BAD_DECISION_BAD_OUTCOME,PENALIZE_POLICY,85,DEFENSIVE,,0x3b794150,Flawed process caused loss. Penalize strategy parameters and raise adaptive HSI hurdle to 85.,,,,,,,,,,,,,,,,,,,EMERGENCY_UNWIND_SEVERE_CRASH
trd_1790449938436_424,So11111111111111111111111111111111111111112,SOL,123.18089809620155,121.18,62.27,62.425675000000005,0.155675,0.25,121209,TRAILING_TARGET,1,1790449938436,0,-1.62,1,0,GOOD_DECISION_GOOD_OUTCOME,REINFORCE,82,BALANCED,,0x60aa62db,Sound decision process produced profitable outcome. Reinforce policy weights.,,,,,,,,,,,,,,,,,,,SOUND_DECISION_PROCESS
trd_1790449942287_787,JAccgVwonRw28jZ3fHdgwtyAfKJRPd5qMqaVP2xipump,FLETCHER,0.00007401690227879128,0.000077,74.02,75.52163205000001,1.501632050000012,2.0286842069711053,16530,TRAILING_TARGET,1,1790449942287,6.22,-1.86,0.3262,0.7291,GOOD_DECISION_GOOD_OUTCOME,REINFORCE,82,BALANCED,,0x7da4e982,Sound decision process produced profitable outcome. Reinforce policy weights.,,,,,,,,,,,,,,,,,,,SOUND_DECISION_PROCESS
trd_1790449994169_616,ZrQdfsbm4XVBXMBr8V9Qxvy4Jkt36b5K9iEZmR9pump,TROLLOWEEN,0.00007667318166332138,0.00007711,25,25.375,0.375,1.5,67759,TRAILING_TARGET,1,1790449994169,5,-0.8,0.3,0.236,GOOD_DECISION_GOOD_OUTCOME,REINFORCE,82,BALANCED,,0x61687413,Sound decision process produced profitable outcome. Reinforce policy weights.,,,,,,,,,,,,,,,,,,,SOUND_DECISION_PROCESS
trd_1790450059168_523,2Ngvnnkwrwq5u4RYV5WYKJ2wiQoEkKaVCc4LuuhYSTNK,STONKBLEND,0.00005825514817069795,0.0000595,66.13,67.12195,0.9919499999999999,1.5,99694,TRAILING_TARGET,1,1790450059168,6.62,-1.69,0.2266,0.4607,GOOD_DECISION_GOOD_OUTCOME,REINFORCE,82,BALANCED,,0x1d1db7b9,Sound decision process produced profitable outcome. Reinforce policy weights.,,,,,,,,,,,,,,,,,,,SOUND_DECISION_PROCESS
trd_1790450060558_6,So11111111111111111111111111111111111111112,SOL,122.8858967679501,121.28,52.07,52.200175,0.130175,0.25,121186,TRAILING_TARGET,1,1790450060558,0,-1.39,1,0.0586,GOOD_DECISION_GOOD_OUTCOME,REINFORCE,82,BALANCED,,0x6f1a1e11,Sound decision process produced profitable outcome. Reinforce policy weights.,,,,,,,,,,,,,,,,,,,SOUND_DECISION_PROCESS
trd_1790450145740_443,ZrQdfsbm4XVBXMBr8V9Qxvy4Jkt36b5K9iEZmR9pump,TROLLOWEEN,0.00007801763945647462,0.00007849,41.69,42.315349999999995,0.62535,1.5,150306,TRAILING_TARGET,1,1790450145740,4.63,-1.16,0.324,0.3053,GOOD_DECISION_GOOD_OUTCOME,REINFORCE,82,BALANCED,,0x1ce63a7a,Sound decision process produced profitable outcome. Reinforce policy weights.,,,,,,,,,,,,,,,,,,,SOUND_DECISION_PROCESS
trd_1790450182472_966,So11111111111111111111111111111111111111112,SOL,123.9626650464534,121.18,88.26,88.48065000000001,0.22065,0.25,121049,TRAILING_TARGET,1,1790450182472,0,-2.24,1,0,GOOD_DECISION_GOOD_OUTCOME,REINFORCE,82,BALANCED,,0x2baa7406,Sound decision process produced profitable outcome. Reinforce policy weights.,,,,,,,,,,,,,,,,,,,SOUND_DECISION_PROCESS
trd_1790450266893_638,2Ngvnnkwrwq5u4RYV5WYKJ2wiQoEkKaVCc4LuuhYSTNK,STONKBLEND,0.00005997967800378149,0.0000611,25,25.875,0.875,3.5,205329,TRAILING_TARGET,1,1790450266893,7.82,-0.8,0.4476,0.3095,GOOD_DECISION_GOOD_OUTCOME,REINFORCE,82,BALANCED,,0x511bd57b,Sound decision process produced profitable outcome. Reinforce policy weights.,,,,,,,,,,,,,,,,,,,SOUND_DECISION_PROCESS
trd_1790450267830_480,ZrQdfsbm4XVBXMBr8V9Qxvy4Jkt36b5K9iEZmR9pump,TROLLOWEEN,0.00007948382608861675,0.00008129,45.7,46.143567000000004,0.4435670000000016,0.9706061269146643,120613,TRAILING_TARGET,1,1790450267830,2.27,-1.25,0.4276,1,GOOD_DECISION_GOOD_OUTCOME,REINFORCE,82,BALANCED,,0x52cca05a,Sound decision process produced profitable outcome. Reinforce policy weights.,,,,,,,,,,,,,,,,,,,SOUND_DECISION_PROCESS
trd_1790450303915_28,So11111111111111111111111111111111111111112,SOL,123.40535478627054,121.19,71.36,71.5384,0.1784,0.25,120548,TRAILING_TARGET,1,1790450303915,0,-1.82,1,0.0134,GOOD_DECISION_GOOD_OUTCOME,REINFORCE,82,BALANCED,,0x77466e22,Sound decision process produced profitable outcome. Reinforce policy weights.,,,,,,,,,,,,,,,,,,,SOUND_DECISION_PROCESS
trd_1790450305680_773,HCFC1EyKA1WyPNeLNdB3L6YhcBoMGugNpTnVrGQxpump,BOOM,0.00006946890638345864,0.00006024,61.05,52.503,-8.546999999999999,-14,710,STOP_LOSS,0,1790450305680,0,0,0,1,BAD_DECISION_BAD_OUTCOME,PENALIZE_POLICY,85,DEFENSIVE,,0x08b6d616,Flawed process caused loss. Penalize strategy parameters and raise adaptive HSI hurdle to 85.,,,,,,,,,,,,,,,,,,,CATASTROPHIC_STOP_LOSS_VIOLATION
trd_1790450327285_210,ZrQdfsbm4XVBXMBr8V9Qxvy4Jkt36b5K9iEZmR9pump,TROLLOWEEN,0.00008231223404315403,0.0001066,45.31,57.78128625,12.47128625,27.524357205914807,58359,TRAILING_TARGET,1,1790450327285,1.44,-1.24,1,1,GOOD_DECISION_GOOD_OUTCOME,REINFORCE,82,BALANCED,,0x65e18a58,Sound decision process produced profitable outcome. Reinforce policy weights.,,,,,,,,,,,,,,,,,,,SOUND_DECISION_PROCESS
trd_1790450332381_665,ZrQdfsbm4XVBXMBr8V9Qxvy4Jkt36b5K9iEZmR9pump,TROLLOWEEN,0.00010821838186028542,0.0001033,57.04,53.6638083,-3.3761916999999992,-5.918989656381486,4048,EMERGENCY_UNWIND,1,1790450332381,0,-4.54,0,0,GOOD_DECISION_BAD_OUTCOME,NEUTRAL_VARIANCE,82,BALANCED,,0x4c7af69c,Sound decision met adverse tail variance. Do NOT penalize valid process.,,,,,,,,,,,,,,,,,,,SOUND_DECISION_PROCESS
trd_1790450362525_554,ZrQdfsbm4XVBXMBr8V9Qxvy4Jkt36b5K9iEZmR9pump,TROLLOWEEN,0.00010482168235421898,0.00009779,55.01,50.615703,-4.3942969999999955,-7.988178512997628,29196,EMERGENCY_UNWIND,0,1790450362525,0,-6.71,0,0,BAD_DECISION_BAD_OUTCOME,PENALIZE_POLICY,85,DEFENSIVE,,0x0a684dfc,Flawed process caused loss. Penalize strategy parameters and raise adaptive HSI hurdle to 85.,,,,,,,,,,,,,,,,,,,EMERGENCY_UNWIND_SEVERE_CRASH
trd_1790450388779_293,74QqbxgSWRTM6TvxpggsosuEwN21tmjZRSegyfFANAf9,AI,0.00016621959415538885,0.0001634,44.07,44.180175,0.110175,0.25,120981,TRAILING_TARGET,1,1790450388779,0,-1.7,1,0,GOOD_DECISION_GOOD_OUTCOME,REINFORCE,82,BALANCED,,0x4057abe1,Sound decision process produced profitable outcome. Reinforce policy weights.,,,,,,,,,,,,,,,,,,,SOUND_DECISION_PROCESS
trd_1790450392605_523,74QqbxgSWRTM6TvxpggsosuEwN21tmjZRSegyfFANAf9,AI,0.00016553284914285737,0.0001612,47.46,45.634658550000005,-1.8253414499999963,-3.846062895069524,3034,EMERGENCY_UNWIND,1,1790450392605,0,-2.62,0,0,GOOD_DECISION_BAD_OUTCOME,NEUTRAL_VARIANCE,82,BALANCED,,0x2fb9dd14,Sound decision met adverse tail variance. Do NOT penalize valid process.,,,,,,,,,,,,,,,,,,,SOUND_DECISION_PROCESS
trd_1790450427631_782,So11111111111111111111111111111111111111112,SOL,122.99999111532337,121.29,55.93,56.069825,0.139825,0.25,121186,TRAILING_TARGET,1,1790450427631,0,-1.47,1,0.0552,GOOD_DECISION_GOOD_OUTCOME,REINFORCE,82,BALANCED,,0x0dd43085,Sound decision process produced profitable outcome. Reinforce policy weights.,,,,,,,,,,,,,,,,,,,SOUND_DECISION_PROCESS
trd_1790450484420_974,ZrQdfsbm4XVBXMBr8V9Qxvy4Jkt36b5K9iEZmR9pump,TROLLOWEEN,0.00009917314600818728,0.0001003,52.37,52.500924999999995,0.13092499999999999,0.25,120585,TRAILING_TARGET,1,1790450484420,3.25,-1.39,0.0769,0.5445,GOOD_DECISION_GOOD_OUTCOME,REINFORCE,82,BALANCED,,0x7ee2e379,Sound decision process produced profitable outcome. Reinforce policy weights.,,,,,,,,,,,,,,,,,,,SOUND_DECISION_PROCESS
trd_1790450514114_190,74QqbxgSWRTM6TvxpggsosuEwN21tmjZRSegyfFANAf9,AI,0.00016326508646950756,0.0001625,46.37,46.485924999999995,0.115925,0.25,120761,TRAILING_TARGET,1,1790450514114,0.94,-1.26,0.266,0.3611,GOOD_DECISION_GOOD_OUTCOME,REINFORCE,82,BALANCED,,0x54f8b916,Sound decision process produced profitable outcome. Reinforce policy weights.,,,,,,,,,,,,,,,,,,,SOUND_DECISION_PROCESS
trd_1790450519238_697,ZrQdfsbm4XVBXMBr8V9Qxvy4Jkt36b5K9iEZmR9pump,TROLLOWEEN,0.00010171864755722655,0.00009804,52.37,49.7927289,-2.5772710999999977,-4.921273820889818,33710,EMERGENCY_UNWIND,1,1790450519238,0,-3.62,0,0,GOOD_DECISION_BAD_OUTCOME,NEUTRAL_VARIANCE,82,BALANCED,,0x03200117,Sound decision met adverse tail variance. Do NOT penalize valid process.,,,,,,,,,,,,,,,,,,,SOUND_DECISION_PROCESS
trd_1790450549351_181,So11111111111111111111111111111111111111112,SOL,123.00067951571029,121.25,52.19,52.320474999999995,0.130475,0.25,120611,TRAILING_TARGET,1,1790450549351,0,-1.5,1,0.054,GOOD_DECISION_GOOD_OUTCOME,REINFORCE,82,BALANCED,,0x6a7d9bed,Sound decision process produced profitable outcome. Reinforce policy weights.,,,,,,,,,,,,,,,,,,,SOUND_DECISION_PROCESS
trd_1790450551944_84,ZrQdfsbm4XVBXMBr8V9Qxvy4Jkt36b5K9iEZmR9pump,TROLLOWEEN,0.00009936219348571444,0.0001016,49.41,50.151149999999994,0.74115,1.5,31691,TRAILING_TARGET,1,1790450551944,6.38,-1.33,0.2351,0.4648,GOOD_DECISION_GOOD_OUTCOME,REINFORCE,82,BALANCED,,0x70e25f3d,Sound decision process produced profitable outcome. Reinforce policy weights.,,,,,,,,,,,,,,,,,,,SOUND_DECISION_PROCESS
trd_1790450587476_39,ZrQdfsbm4XVBXMBr8V9Qxvy4Jkt36b5K9iEZmR9pump,TROLLOWEEN,0.00010299594325814538,0.0001002,50.55,48.52583415,-2.0241658499999957,-4.0042845697329295,34893,EMERGENCY_UNWIND,1,1790450587476,0,-2.71,0,0,GOOD_DECISION_BAD_OUTCOME,NEUTRAL_VARIANCE,82,BALANCED,,0x78ce8ba5,Sound decision met adverse tail variance. Do NOT penalize valid process.,,,,,,,,,,,,,,,,,,,SOUND_DECISION_PROCESS
trd_1790450635683_891,DezXAZ8z7PnrnRJjz3wXBoRgixCa6xjnB7YaB1pPB263,Bonk,0.0000037555106738847127,0.000003706,48.84,48.96210000000001,0.12210000000000001,0.25,120652,TRAILING_TARGET,1,1790450635683,0,-1.32,1,0,GOOD_DECISION_GOOD_OUTCOME,REINFORCE,82,BALANCED,,0x7c368832,Sound decision process produced profitable outcome. Reinforce policy weights.,,,,,,,,,,,,,,,,,,,SOUND_DECISION_PROCESS
trd_1790450647847_419,ZrQdfsbm4XVBXMBr8V9Qxvy4Jkt36b5K9iEZmR9pump,TROLLOWEEN,0.00010154976515288234,0.000101,49.34,50.0801,0.7401000000000001,1.5,59579,TRAILING_TARGET,1,1790450647847,6.15,-1.33,0.2439,0.1053,GOOD_DECISION_GOOD_OUTCOME,REINFORCE,82,BALANCED,,0x6ebfdb01,Sound decision process produced profitable outcome. Reinforce policy weights.,,,,,,,,,,,,,,,,,,,SOUND_DECISION_PROCESS
trd_1790450671134_446,So11111111111111111111111111111111111111112,SOL,122.93236224904976,121.15,51.16,51.28789999999999,0.12789999999999999,0.25,121079,TRAILING_TARGET,1,1790450671134,0,-1.45,1,0,GOOD_DECISION_GOOD_OUTCOME,REINFORCE,82,BALANCED,,0x67161118,Sound decision process produced profitable outcome. Reinforce policy weights.,,,,,,,,,,,,,,,,,,,SOUND_DECISION_PROCESS
trd_1790450757146_459,DezXAZ8z7PnrnRJjz3wXBoRgixCa6xjnB7YaB1pPB263,Bonk,0.000003755733033884712,0.000003707,49.11,49.232775,0.122775,0.25,120828,TRAILING_TARGET,1,1790450757146,0,-1.38,1,0.058,GOOD_DECISION_GOOD_OUTCOME,REINFORCE,82,BALANCED,,0x6e605c88,Sound decision process produced profitable outcome. Reinforce policy weights.,,,,,,,,,,,,,,,,,,,SOUND_DECISION_PROCESS
trd_1790450769172_521,ZrQdfsbm4XVBXMBr8V9Qxvy4Jkt36b5K9iEZmR9pump,TROLLOWEEN,0.00010236862172096924,0.0001008,49.7,49.824250000000006,0.12425000000000001,0.25,120639,TRAILING_TARGET,1,1790450769172,3.45,-2.12,0.0725,0.1053,GOOD_DECISION_GOOD_OUTCOME,REINFORCE,82,BALANCED,,0x60835d8a,Sound decision process produced profitable outcome. Reinforce policy weights.,,,,,,,,,,,,,,,,,,,SOUND_DECISION_PROCESS
trd_1790450793236_554,So11111111111111111111111111111111111111112,SOL,122.81724446546517,121.25,50.65,50.776624999999996,0.126625,0.25,121247,TRAILING_TARGET,1,1790450793236,0,-1.36,1,0.06,GOOD_DECISION_GOOD_OUTCOME,REINFORCE,82,BALANCED,,0x577fdeef,Sound decision process produced profitable outcome. Reinforce policy weights.,,,,,,,,,,,,,,,,,,,SOUND_DECISION_PROCESS
trd_1790450797096_844,DCrrzihnHGXU7AeJRxQkSMrB4RWQDpUMUQz1W6NZZSwu,BIDEN,0.00009037171547284893,0.00006514,50.39,43.3354,-7.054600000000001,-14,3131,STOP_LOSS,0,1790450797096,0,-1.35,0,0,BAD_DECISION_BAD_OUTCOME,PENALIZE_POLICY,85,DEFENSIVE,,0x2048e904,Flawed process caused loss. Penalize strategy parameters and raise adaptive HSI hurdle to 85.,,,,,,,,,,,,,,,,,,,CATASTROPHIC_STOP_LOSS_VIOLATION
trd_1790450878780_73,DezXAZ8z7PnrnRJjz3wXBoRgixCa6xjnB7YaB1pPB263,Bonk,0.000003757314860150375,0.000003706,49.8,49.924499999999995,0.1245,0.25,120798,TRAILING_TARGET,1,1790450878780,0,-1.39,1,0.0191,GOOD_DECISION_GOOD_OUTCOME,REINFORCE,82,BALANCED,,0x77dbd8ff,Sound decision process produced profitable outcome. Reinforce policy weights.,,,,,,,,,,,,,,,,,,,SOUND_DECISION_PROCESS
trd_1790450883945_824,ZrQdfsbm4XVBXMBr8V9Qxvy4Jkt36b5K9iEZmR9pump,TROLLOWEEN,0.00010216837527387044,0.0001049,49.81,50.55715,0.74715,1.5,113884,TRAILING_TARGET,1,1790450883945,5.51,0,0.2722,0.4851,GOOD_DECISION_GOOD_OUTCOME,REINFORCE,82,BALANCED,,0x5d2e23e1,Sound decision process produced profitable outcome. Reinforce policy weights.,,,,,,,,,,,,,,,,,,,SOUND_DECISION_PROCESS
trd_1790450919061_372,So11111111111111111111111111111111111111112,SOL,122.70649179226483,121.22,46.16,46.2754,0.11539999999999999,0.25,120832,TRAILING_TARGET,1,1790450919061,0,-1.27,1,0.045,GOOD_DECISION_GOOD_OUTCOME,REINFORCE,82,BALANCED,,0x60c30696,Sound decision process produced profitable outcome. Reinforce policy weights.,,,,,,,,,,,,,,,,,,,SOUND_DECISION_PROCESS
trd_1790450968549_898,CbcyNo7m1amFWqEQm2m4PLv1UNvpcL3C1Ujm6AkzpKoU,e/acc,0.015070524137087602,0.01334,25,21.96621525,-3.033784749999999,-12.135138999999995,3623,TRAILING_TARGET,0,1790450968549,0,-0.8,0,0,BAD_DECISION_BAD_OUTCOME,PENALIZE_POLICY,85,DEFENSIVE,,0x38eaafb4,Flawed process caused loss. Penalize strategy parameters and raise adaptive HSI hurdle to 85.,,,,,,,,,,,,,,,,,,,CATASTROPHIC_STOP_LOSS_VIOLATION
trd_1790450969185_485,GDT8UZGGuaa9YAevWxh7yBcNvj4otQUv4xf6j4RsForK,FORK,0.00025423318979081883,0.0002476,25,24.15648195,-0.8435180500000001,-3.374072200000001,4370,EMERGENCY_UNWIND,1,1790450969185,0,-2.61,0,0,GOOD_DECISION_BAD_OUTCOME,NEUTRAL_VARIANCE,82,BALANCED,,0x06fc634e,Sound decision met adverse tail variance. Do NOT penalize valid process.,,,,,,,,,,,,,,,,,,,SOUND_DECISION_PROCESS
trd_1790450974853_184,ZrQdfsbm4XVBXMBr8V9Qxvy4Jkt36b5K9iEZmR9pump,TROLLOWEEN,0.00010796342040680686,0.0001072,25,24.625662,-0.3743380000000016,-1.4973520000000065,13977,EMERGENCY_UNWIND,1,1790450974853,0,-1.73,0,0.5903,GOOD_DECISION_BAD_OUTCOME,NEUTRAL_VARIANCE,82,BALANCED,,0x4814ea8e,Sound decision met adverse tail variance. Do NOT penalize valid process.,,,,,,,,,,,,,,,,,,,SOUND_DECISION_PROCESS
trd_1790450975422_75,So11111111111111111111111111111111111111112,SOL,124.70731597621848,121.22,118.18,111.7426113,-6.437388700000014,-5.447105009307847,5960,EMERGENCY_UNWIND,1,1790450975422,0,-2.8,0,0,GOOD_DECISION_BAD_OUTCOME,NEUTRAL_VARIANCE,82,BALANCED,,0x3559622a,Sound decision met adverse tail variance. Do NOT penalize valid process.,,,,,,,,,,,,,,,,,,,SOUND_DECISION_PROCESS
trd_1790450976015_794,GDT8UZGGuaa9YAevWxh7yBcNvj4otQUv4xf6j4RsForK,FORK,0.00025161872382289144,0.000245,61.76,59.19600675,-2.563993249999996,-4.151543474740926,5773,EMERGENCY_UNWIND,1,1790450976015,0,-2.63,0,0,GOOD_DECISION_BAD_OUTCOME,NEUTRAL_VARIANCE,82,BALANCED,,0x5afad47d,Sound decision met adverse tail variance. Do NOT penalize valid process.,,,,,,,,,,,,,,,,,,,SOUND_DECISION_PROCESS
